source_chunk,response_index,port_call_id,port_code,vessel_type_code
port_calls__20250101T000000Z__20250102T000000Z.json,1,3172625,FIHKO,40
port_calls__20250101T000000Z__20250102T000000Z.json,2,3180111,FIHEL,20
port_calls__20250101T000000Z__20250102T000000Z.json,3,3184193,FIHEL,20
port_calls__20250101T000000Z__20250102T000000Z.json,4,3185045,FILAN,20
port_calls__20250101T000000Z__20250102T000000Z.json,5,3185092,FINLI,20
port_calls__20250101T000000Z__20250102T000000Z.json,6,3185116,FILAN,20
port_calls__20250101T000000Z__20250102T000000Z.json,7,3187906,FILAN,20
port_calls__20250101T000000Z__20250102T000000Z.json,8,3187912,FILAN,20
port_calls__20250101T000000Z__20250102T000000Z.json,9,3187951,FILAN,20
port_calls__20250101T000000Z__20250102T000000Z.json,10,3187953,FITKU,20
port_calls__20250101T000000Z__20250102T000000Z.json,11,3187968,FILAN,20
port_calls__20250101T000000Z__20250102T000000Z.json,12,3188215,FIMHQ,20
port_calls__20250101T000000Z__20250102T000000Z.json,13,3188223,FIMHQ,20
port_calls__20250101T000000Z__20250102T000000Z.json,14,3188230,FIMHQ,20
port_calls__20250101T000000Z__20250102T000000Z.json,15,3188240,FIMHQ,10
port_calls__20250101T000000Z__20250102T000000Z.json,16,3188251,FIMHQ,20
port_calls__20250101T000000Z__20250102T000000Z.json,17,3189402,FIHEL,20
port_calls__20250101T000000Z__20250102T000000Z.json,18,3189467,FIHEL,20
port_calls__20250101T000000Z__20250102T000000Z.json,19,3190770,FITKU,20
port_calls__20250101T000000Z__20250102T000000Z.json,20,3190921,FITKU,20
port_calls__20250101T000000Z__20250102T000000Z.json,21,3192081,FIMHQ,20
port_calls__20250101T000000Z__20250102T000000Z.json,22,3192085,FIHEL,20
port_calls__20250101T000000Z__20250102T000000Z.json,23,3192103,FIHEL,20
port_calls__20250101T000000Z__20250102T000000Z.json,24,3192105,FIMHQ,20
port_calls__20250101T000000Z__20250102T000000Z.json,25,3192112,FIHEL,20
port_calls__20250101T000000Z__20250102T000000Z.json,26,3192135,FIHEL,20
port_calls__20250101T000000Z__20250102T000000Z.json,27,3192138,FIHEL,20
port_calls__20250101T000000Z__20250102T000000Z.json,28,3192170,FIHEL,20
port_calls__20250101T000000Z__20250102T000000Z.json,29,3192171,FIHEL,20
port_calls__20250101T000000Z__20250102T000000Z.json,30,3192302,FIHKO,40
port_calls__20250101T000000Z__20250102T000000Z.json,31,3192459,FIHEL,20
port_calls__20250101T000000Z__20250102T000000Z.json,32,3192475,FIHEL,20
port_calls__20250101T000000Z__20250102T000000Z.json,33,3192549,FIKOK,60
port_calls__20250101T000000Z__20250102T000000Z.json,34,3192593,FIPOR,80
port_calls__20250101T000000Z__20250102T000000Z.json,35,3192883,FIOUL,70
port_calls__20250101T000000Z__20250102T000000Z.json,36,3192886,FISKV,82
port_calls__20250101T000000Z__20250102T000000Z.json,37,3192928,FIECK,20
port_calls__20250101T000000Z__20250102T000000Z.json,38,3192934,FIECK,20
port_calls__20250101T000000Z__20250102T000000Z.json,39,3193067,FIPOR,70
port_calls__20250101T000000Z__20250102T000000Z.json,40,3193177,FIUKI,70
port_calls__20250101T000000Z__20250102T000000Z.json,41,3193263,FITOR,70
port_calls__20250101T000000Z__20250102T000000Z.json,42,3193382,FITKU,70
port_calls__20250101T000000Z__20250102T000000Z.json,43,3193478,FITOR,60
port_calls__20250101T000000Z__20250102T000000Z.json,44,3193718,FISKV,80
port_calls__20250101T000000Z__20250102T000000Z.json,45,3194581,FIKTK,70
port_calls__20250101T000000Z__20250102T000000Z.json,46,3194582,FIVAA,60
port_calls__20250101T000000Z__20250102T000000Z.json,47,3194676,FIVAA,20
port_calls__20250101T000000Z__20250102T000000Z.json,48,3194685,FIKTK,70
port_calls__20250101T000000Z__20250102T000000Z.json,49,3194706,FIPOR,70
port_calls__20250101T000000Z__20250102T000000Z.json,50,3194791,FINLI,70
port_calls__20250101T000000Z__20250102T000000Z.json,51,3195029,FIANK,70
port_calls__20250101T000000Z__20250102T000000Z.json,52,3195030,FIVEI,90
port_calls__20250101T000000Z__20250102T000000Z.json,53,3195031,FIVEI,90
port_calls__20250101T000000Z__20250102T000000Z.json,54,3195033,FIVEI,10
port_calls__20250101T000000Z__20250102T000000Z.json,55,3195050,FISKV,80
port_calls__20250101T000000Z__20250102T000000Z.json,56,3195064,FIKTQ,70
port_calls__20250101T000000Z__20250102T000000Z.json,57,3195104,FIKAS,91
port_calls__20250101T000000Z__20250102T000000Z.json,58,3195146,FIANK,83
port_calls__20250102T000000Z__20250103T000000Z.json,1,3182478,FIHKO,40
port_calls__20250102T000000Z__20250103T000000Z.json,2,3184207,FIHEL,20
port_calls__20250102T000000Z__20250103T000000Z.json,3,3184304,FIRAU,10
port_calls__20250102T000000Z__20250103T000000Z.json,4,3185089,FILAN,20
port_calls__20250102T000000Z__20250103T000000Z.json,5,3185123,FINLI,20
port_calls__20250102T000000Z__20250103T000000Z.json,6,3185155,FILAN,20
port_calls__20250102T000000Z__20250103T000000Z.json,7,3187907,FILAN,20
port_calls__20250102T000000Z__20250103T000000Z.json,8,3187913,FILAN,20
port_calls__20250102T000000Z__20250103T000000Z.json,9,3187956,FIMHQ,20
port_calls__20250102T000000Z__20250103T000000Z.json,10,3187963,FITKU,20
port_calls__20250102T000000Z__20250103T000000Z.json,11,3187969,FILAN,20
port_calls__20250102T000000Z__20250103T000000Z.json,12,3188212,FIMHQ,20
port_calls__20250102T000000Z__20250103T000000Z.json,13,3188224,FIMHQ,20
port_calls__20250102T000000Z__20250103T000000Z.json,14,3188231,FIMHQ,20
port_calls__20250102T000000Z__20250103T000000Z.json,15,3188242,FIMHQ,10
port_calls__20250102T000000Z__20250103T000000Z.json,16,3188248,FIMHQ,20
port_calls__20250102T000000Z__20250103T000000Z.json,17,3188768,FIHEL,50
port_calls__20250102T000000Z__20250103T000000Z.json,18,3189403,FIHEL,20
port_calls__20250102T000000Z__20250103T000000Z.json,19,3189441,FIHEL,20
port_calls__20250102T000000Z__20250103T000000Z.json,20,3189468,FIHEL,20
port_calls__20250102T000000Z__20250103T000000Z.json,21,3190567,FIRAU,50
port_calls__20250102T000000Z__20250103T000000Z.json,22,3190771,FITKU,20
port_calls__20250102T000000Z__20250103T000000Z.json,23,3190922,FITKU,20
port_calls__20250102T000000Z__20250103T000000Z.json,24,3192065,FIHEL,20
port_calls__20250102T000000Z__20250103T000000Z.json,25,3192087,FIHEL,20
port_calls__20250102T000000Z__20250103T000000Z.json,26,3192089,FIHEL,20
port_calls__20250102T000000Z__20250103T000000Z.json,27,3192095,FIHEL,20
port_calls__20250102T000000Z__20250103T000000Z.json,28,3192106,FIHEL,20
port_calls__20250102T000000Z__20250103T000000Z.json,29,3192113,FIHEL,20
port_calls__20250102T000000Z__20250103T000000Z.json,30,3192116,FIHEL,20
port_calls__20250102T000000Z__20250103T000000Z.json,31,3192176,FIMHQ,20
port_calls__20250102T000000Z__20250103T000000Z.json,32,3192177,FIHEL,20
port_calls__20250102T000000Z__20250103T000000Z.json,33,3192199,FIMHQ,20
port_calls__20250102T000000Z__20250103T000000Z.json,34,3192296,FIKTK,40
port_calls__20250102T000000Z__20250103T000000Z.json,35,3192461,FIHEL,20
port_calls__20250102T000000Z__20250103T000000Z.json,36,3192476,FIHEL,20
port_calls__20250102T000000Z__20250103T000000Z.json,37,3192747,FISKV,81
port_calls__20250102T000000Z__20250103T000000Z.json,38,3192797,FIHKO,40
port_calls__20250102T000000Z__20250103T000000Z.json,39,3192923,FIECK,20
port_calls__20250102T000000Z__20250103T000000Z.json,40,3192929,FIECK,20
port_calls__20250102T000000Z__20250103T000000Z.json,41,3192935,FIECK,20
port_calls__20250102T000000Z__20250103T000000Z.json,42,3193077,FIHKO,40
port_calls__20250102T000000Z__20250103T000000Z.json,43,3193116,FISKV,80
port_calls__20250102T000000Z__20250103T000000Z.json,44,3193130,FIINK,70
port_calls__20250102T000000Z__20250103T000000Z.json,45,3193190,FIKTK,70
port_calls__20250102T000000Z__20250103T000000Z.json,46,3193352,FIRAU,80
port_calls__20250102T000000Z__20250103T000000Z.json,47,3194619,FINLI,40
port_calls__20250102T000000Z__20250103T000000Z.json,48,3194710,FIVAA,20
port_calls__20250102T000000Z__20250103T000000Z.json,49,3194740,FISKV,81
port_calls__20250102T000000Z__20250103T000000Z.json,50,3194792,FIOUL,40
port_calls__20250102T000000Z__20250103T000000Z.json,51,3194825,FIUKI,70
port_calls__20250102T000000Z__20250103T000000Z.json,52,3194915,FIRAU,40
port_calls__20250102T000000Z__20250103T000000Z.json,53,3194956,FIKTK,70
port_calls__20250102T000000Z__20250103T000000Z.json,54,3194959,FIRAU,40
port_calls__20250102T000000Z__20250103T000000Z.json,55,3195094,FIRAA,94
port_calls__20250102T000000Z__20250103T000000Z.json,56,3195095,FIRAA,95
port_calls__20250102T000000Z__20250103T000000Z.json,57,3195117,FIVEI,10
port_calls__20250102T000000Z__20250103T000000Z.json,58,3195144,FISVL,70
port_calls__20250102T000000Z__20250103T000000Z.json,59,3195145,FIHEL,82
port_calls__20250102T000000Z__20250103T000000Z.json,60,3195168,FIVEI,90
port_calls__20250102T000000Z__20250103T000000Z.json,61,3195169,FIVEI,90
port_calls__20250102T000000Z__20250103T000000Z.json,62,3195182,FIMHQ,20
port_calls__20250102T000000Z__20250103T000000Z.json,63,3195247,FISKV,81
port_calls__20250102T000000Z__20250103T000000Z.json,64,3195258,FIMHQ,20
port_calls__20250103T000000Z__20250104T000000Z.json,1,3184194,FIHEL,20
port_calls__20250103T000000Z__20250104T000000Z.json,2,3184212,FIHEL,40
port_calls__20250103T000000Z__20250104T000000Z.json,3,3185062,FINLI,20
port_calls__20250103T000000Z__20250104T000000Z.json,4,3185098,FILAN,20
port_calls__20250103T000000Z__20250104T000000Z.json,5,3185108,FILAN,20
port_calls__20250103T000000Z__20250104T000000Z.json,6,3187908,FILAN,20
port_calls__20250103T000000Z__20250104T000000Z.json,7,3187914,FILAN,20
port_calls__20250103T000000Z__20250104T000000Z.json,8,3187955,FITKU,20
port_calls__20250103T000000Z__20250104T000000Z.json,9,3187957,FILAN,20
port_calls__20250103T000000Z__20250104T000000Z.json,10,3187958,FIMHQ,20
port_calls__20250103T000000Z__20250104T000000Z.json,11,3188218,FIMHQ,20
port_calls__20250103T000000Z__20250104T000000Z.json,12,3188225,FIMHQ,20
port_calls__20250103T000000Z__20250104T000000Z.json,13,3188232,FIMHQ,20
port_calls__20250103T000000Z__20250104T000000Z.json,14,3188243,FIMHQ,10
port_calls__20250103T000000Z__20250104T000000Z.json,15,3188252,FIMHQ,20
port_calls__20250103T000000Z__20250104T000000Z.json,16,3189404,FIHEL,20
port_calls__20250103T000000Z__20250104T000000Z.json,17,3189442,FIHEL,20
port_calls__20250103T000000Z__20250104T000000Z.json,18,3189469,FIHEL,20
port_calls__20250103T000000Z__20250104T000000Z.json,19,3190772,FITKU,20
port_calls__20250103T000000Z__20250104T000000Z.json,20,3190923,FITKU,20
port_calls__20250103T000000Z__20250104T000000Z.json,21,3192068,FIMHQ,20
port_calls__20250103T000000Z__20250104T000000Z.json,22,3192073,FIHEL,20
port_calls__20250103T000000Z__20250104T000000Z.json,23,3192077,FIHEL,20
port_calls__20250103T000000Z__20250104T000000Z.json,24,3192078,FIMHQ,20
port_calls__20250103T000000Z__20250104T000000Z.json,25,3192119,FIHEL,20
port_calls__20250103T000000Z__20250104T000000Z.json,26,3192137,FIHEL,20
port_calls__20250103T000000Z__20250104T000000Z.json,27,3192139,FIHEL,20
port_calls__20250103T000000Z__20250104T000000Z.json,28,3192144,FIHEL,20
port_calls__20250103T000000Z__20250104T000000Z.json,29,3192178,FIHEL,20
port_calls__20250103T000000Z__20250104T000000Z.json,30,3192186,FIHEL,20
port_calls__20250103T000000Z__20250104T000000Z.json,31,3192303,FIRAU,40
port_calls__20250103T000000Z__20250104T000000Z.json,32,3192412,FIPOR,80
port_calls__20250103T000000Z__20250104T000000Z.json,33,3192487,FIHEL,20
port_calls__20250103T000000Z__20250104T000000Z.json,34,3192490,FIHEL,20
port_calls__20250103T000000Z__20250104T000000Z.json,35,3192493,FIHEL,20
port_calls__20250103T000000Z__20250104T000000Z.json,36,3192771,FIRAU,50
port_calls__20250103T000000Z__20250104T000000Z.json,37,3192798,FIHEL,50
port_calls__20250103T000000Z__20250104T000000Z.json,38,3192924,FIECK,20
port_calls__20250103T000000Z__20250104T000000Z.json,39,3192930,FIECK,20
port_calls__20250103T000000Z__20250104T000000Z.json,40,3192936,FIECK,20
port_calls__20250103T000000Z__20250104T000000Z.json,41,3193207,FIHEL,50
port_calls__20250103T000000Z__20250104T000000Z.json,42,3193208,FIKTK,50
port_calls__20250103T000000Z__20250104T000000Z.json,43,3194620,FINLI,40
port_calls__20250103T000000Z__20250104T000000Z.json,44,3194642,FILAN,40
port_calls__20250103T000000Z__20250104T000000Z.json,45,3194677,FIRAU,70
port_calls__20250103T000000Z__20250104T000000Z.json,46,3194704,FIPRS,70
port_calls__20250103T000000Z__20250104T000000Z.json,47,3194711,FIVAA,20
port_calls__20250103T000000Z__20250104T000000Z.json,48,3194712,FIVAA,20
port_calls__20250103T000000Z__20250104T000000Z.json,49,3194720,FIKTK,50
port_calls__20250103T000000Z__20250104T000000Z.json,50,3194722,FIKOK,95
port_calls__20250103T000000Z__20250104T000000Z.json,51,3194763,FIPOR,83
port_calls__20250103T000000Z__20250104T000000Z.json,52,3194839,FIKAS,70
port_calls__20250103T000000Z__20250104T000000Z.json,53,3194848,FIUKI,70
port_calls__20250103T000000Z__20250104T000000Z.json,54,3194955,FIKTK,70
port_calls__20250103T000000Z__20250104T000000Z.json,55,3194985,FIPRS,70
port_calls__20250103T000000Z__20250104T000000Z.json,56,3195032,FIKOK,70
port_calls__20250103T000000Z__20250104T000000Z.json,57,3195115,FIKTK,70
port_calls__20250103T000000Z__20250104T000000Z.json,58,3195136,FIKOK,70
port_calls__20250103T000000Z__20250104T000000Z.json,59,3195195,FIPRS,40
port_calls__20250103T000000Z__20250104T000000Z.json,60,3195214,FIKOK,70
port_calls__20250103T000000Z__20250104T000000Z.json,61,3195311,FIKOK,94
port_calls__20250103T000000Z__20250104T000000Z.json,62,3195330,FIRAU,93
port_calls__20250103T000000Z__20250104T000000Z.json,63,3195331,FIKTK,50
port_calls__20250103T000000Z__20250104T000000Z.json,64,3195340,FIVEI,10
port_calls__20250103T000000Z__20250104T000000Z.json,65,3195356,FINLI,70
port_calls__20250103T000000Z__20250104T000000Z.json,66,3195634,FIRAU,91
port_calls__20250103T000000Z__20250104T000000Z.json,67,3195948,FILPP,70
port_calls__20250103T000000Z__20250104T000000Z.json,68,3195953,FITKU,99
port_calls__20250103T000000Z__20250104T000000Z.json,69,3195955,FIVEI,90
port_calls__20250103T000000Z__20250104T000000Z.json,70,3195960,FIVEI,90
port_calls__20250103T000000Z__20250104T000000Z.json,71,3196115,FIANK,70
port_calls__20250103T000000Z__20250104T000000Z.json,72,3196169,FIANK,80
port_calls__20250103T000000Z__20250104T000000Z.json,73,3196247,FIPOR,91
port_calls__20250104T000000Z__20250105T000000Z.json,1,3180290,FIHEL,20
port_calls__20250104T000000Z__20250105T000000Z.json,2,3184208,FIHEL,20
port_calls__20250104T000000Z__20250105T000000Z.json,3,3185027,FILAN,20
port_calls__20250104T000000Z__20250105T000000Z.json,4,3185166,FINLI,20
port_calls__20250104T000000Z__20250105T000000Z.json,5,3185213,FILAN,20
port_calls__20250104T000000Z__20250105T000000Z.json,6,3187909,FILAN,20
port_calls__20250104T000000Z__20250105T000000Z.json,7,3187915,FILAN,20
port_calls__20250104T000000Z__20250105T000000Z.json,8,3187952,FIMHQ,20
port_calls__20250104T000000Z__20250105T000000Z.json,9,3187964,FITKU,20
port_calls__20250104T000000Z__20250105T000000Z.json,10,3187966,FILAN,20
port_calls__20250104T000000Z__20250105T000000Z.json,11,3188213,FIMHQ,20
port_calls__20250104T000000Z__20250105T000000Z.json,12,3188226,FIMHQ,20
port_calls__20250104T000000Z__20250105T000000Z.json,13,3188233,FIMHQ,20
port_calls__20250104T000000Z__20250105T000000Z.json,14,3188244,FIMHQ,10
port_calls__20250104T000000Z__20250105T000000Z.json,15,3188249,FIMHQ,20
port_calls__20250104T000000Z__20250105T000000Z.json,16,3189405,FIHEL,20
port_calls__20250104T000000Z__20250105T000000Z.json,17,3189433,FIHEL,20
port_calls__20250104T000000Z__20250105T000000Z.json,18,3189443,FIHEL,20
port_calls__20250104T000000Z__20250105T000000Z.json,19,3190566,FIKTK,50
port_calls__20250104T000000Z__20250105T000000Z.json,20,3190773,FITKU,20
port_calls__20250104T000000Z__20250105T000000Z.json,21,3190924,FITKU,20
port_calls__20250104T000000Z__20250105T000000Z.json,22,3192062,FIHEL,20
port_calls__20250104T000000Z__20250105T000000Z.json,23,3192067,FIHEL,20
port_calls__20250104T000000Z__20250105T000000Z.json,24,3192069,FIHEL,20
port_calls__20250104T000000Z__20250105T000000Z.json,25,3192074,FIHEL,20
port_calls__20250104T000000Z__20250105T000000Z.json,26,3192076,FIHEL,20
port_calls__20250104T000000Z__20250105T000000Z.json,27,3192094,FIHEL,20
port_calls__20250104T000000Z__20250105T000000Z.json,28,3192147,FIHEL,20
port_calls__20250104T000000Z__20250105T000000Z.json,29,3192169,FIHEL,20
port_calls__20250104T000000Z__20250105T000000Z.json,30,3192174,FIMHQ,20
port_calls__20250104T000000Z__20250105T000000Z.json,31,3192197,FIMHQ,20
port_calls__20250104T000000Z__20250105T000000Z.json,32,3192462,FIHEL,20
port_calls__20250104T000000Z__20250105T000000Z.json,33,3192477,FIHEL,20
port_calls__20250104T000000Z__20250105T000000Z.json,34,3192925,FIECK,20
port_calls__20250104T000000Z__20250105T000000Z.json,35,3192931,FIECK,20
port_calls__20250104T000000Z__20250105T000000Z.json,36,3192937,FIECK,20
port_calls__20250104T000000Z__20250105T000000Z.json,37,3193076,FIHKO,40
port_calls__20250104T000000Z__20250105T000000Z.json,38,3193193,FIKTK,70
port_calls__20250104T000000Z__20250105T000000Z.json,39,3193506,FIRAA,70
port_calls__20250104T000000Z__20250105T000000Z.json,40,3193740,FIHKO,40
port_calls__20250104T000000Z__20250105T000000Z.json,41,3194643,FILAN,40
port_calls__20250104T000000Z__20250105T000000Z.json,42,3194679,FIINK,70
port_calls__20250104T000000Z__20250105T000000Z.json,43,3194705,FIKEM,80
port_calls__20250104T000000Z__20250105T000000Z.json,44,3194713,FIVAA,20
port_calls__20250104T000000Z__20250105T000000Z.json,45,3194882,FIINK,70
port_calls__20250104T000000Z__20250105T000000Z.json,46,3194957,FIKTK,70
port_calls__20250104T000000Z__20250105T000000Z.json,47,3194984,FIOUL,80
port_calls__20250104T000000Z__20250105T000000Z.json,48,3195013,FIPOR,80
port_calls__20250104T000000Z__20250105T000000Z.json,49,3195057,FIKTK,70
port_calls__20250104T000000Z__20250105T000000Z.json,50,3195154,FIRAA,95
port_calls__20250104T000000Z__20250105T000000Z.json,51,3195155,FIRAA,94
port_calls__20250104T000000Z__20250105T000000Z.json,52,3195221,FIKTK,83
port_calls__20250104T000000Z__20250105T000000Z.json,53,3195239,FISKV,80
port_calls__20250104T000000Z__20250105T000000Z.json,54,3195259,FIMHQ,20
port_calls__20250104T000000Z__20250105T000000Z.json,55,3195268,FIMHQ,20
port_calls__20250104T000000Z__20250105T000000Z.json,56,3195322,FISKV,80
port_calls__20250104T000000Z__20250105T000000Z.json,57,3195939,FIRAA,70
port_calls__20250104T000000Z__20250105T000000Z.json,58,3196008,FIVRK,70
port_calls__20250104T000000Z__20250105T000000Z.json,59,3196174,FIVEI,10
port_calls__20250104T000000Z__20250105T000000Z.json,60,3196231,FIVEI,90
port_calls__20250104T000000Z__20250105T000000Z.json,61,3196232,FIVEI,90
port_calls__20250105T000000Z__20250106T000000Z.json,1,3172633,FIHKO,40
port_calls__20250105T000000Z__20250106T000000Z.json,2,3180120,FIHEL,20
port_calls__20250105T000000Z__20250106T000000Z.json,3,3183091,FIHEL,10
port_calls__20250105T000000Z__20250106T000000Z.json,4,3184195,FIHEL,20
port_calls__20250105T000000Z__20250106T000000Z.json,5,3185053,FINLI,20
port_calls__20250105T000000Z__20250106T000000Z.json,6,3185060,FILAN,20
port_calls__20250105T000000Z__20250106T000000Z.json,7,3185127,FILAN,20
port_calls__20250105T000000Z__20250106T000000Z.json,8,3187910,FILAN,20
port_calls__20250105T000000Z__20250106T000000Z.json,9,3187916,FILAN,20
port_calls__20250105T000000Z__20250106T000000Z.json,10,3187965,FILAN,20
port_calls__20250105T000000Z__20250106T000000Z.json,11,3187967,FIMHQ,20
port_calls__20250105T000000Z__20250106T000000Z.json,12,3187970,FITKU,20
port_calls__20250105T000000Z__20250106T000000Z.json,13,3188219,FIMHQ,20
port_calls__20250105T000000Z__20250106T000000Z.json,14,3188227,FIMHQ,20
port_calls__20250105T000000Z__20250106T000000Z.json,15,3188234,FIMHQ,20
port_calls__20250105T000000Z__20250106T000000Z.json,16,3188245,FIMHQ,10
port_calls__20250105T000000Z__20250106T000000Z.json,17,3188253,FIMHQ,20
port_calls__20250105T000000Z__20250106T000000Z.json,18,3189406,FIHEL,20
port_calls__20250105T000000Z__20250106T000000Z.json,19,3189470,FIHEL,20
port_calls__20250105T000000Z__20250106T000000Z.json,20,3190774,FITKU,20
port_calls__20250105T000000Z__20250106T000000Z.json,21,3190925,FITKU,20
port_calls__20250105T000000Z__20250106T000000Z.json,22,3191367,FIKTK,60
port_calls__20250105T000000Z__20250106T000000Z.json,23,3192061,FIMHQ,20
port_calls__20250105T000000Z__20250106T000000Z.json,24,3192082,FIHEL,20
port_calls__20250105T000000Z__20250106T000000Z.json,25,3192083,FIHEL,20
port_calls__20250105T000000Z__20250106T000000Z.json,26,3192101,FIHEL,20
port_calls__20250105T000000Z__20250106T000000Z.json,27,3192104,FIHEL,20
port_calls__20250105T000000Z__20250106T000000Z.json,28,3192109,FIMHQ,20
port_calls__20250105T000000Z__20250106T000000Z.json,29,3192140,FIHEL,20
port_calls__20250105T000000Z__20250106T000000Z.json,30,3192142,FIHEL,20
port_calls__20250105T000000Z__20250106T000000Z.json,31,3192180,FIHEL,20
port_calls__20250105T000000Z__20250106T000000Z.json,32,3192187,FIHEL,20
port_calls__20250105T000000Z__20250106T000000Z.json,33,3192463,FIHEL,20
port_calls__20250105T000000Z__20250106T000000Z.json,34,3192496,FIHEL,20
port_calls__20250105T000000Z__20250106T000000Z.json,35,3192498,FIHEL,20
port_calls__20250105T000000Z__20250106T000000Z.json,36,3192926,FIECK,20
port_calls__20250105T000000Z__20250106T000000Z.json,37,3192932,FIECK,20
port_calls__20250105T000000Z__20250106T000000Z.json,38,3192938,FIECK,20
port_calls__20250105T000000Z__20250106T000000Z.json,39,3193353,FIPOR,80
port_calls__20250105T000000Z__20250106T000000Z.json,40,3193538,FIKTK,50
port_calls__20250105T000000Z__20250106T000000Z.json,41,3193565,FIKEM,83
port_calls__20250105T000000Z__20250106T000000Z.json,42,3193746,FIHKO,40
port_calls__20250105T000000Z__20250106T000000Z.json,43,3194580,FIHKO,40
port_calls__20250105T000000Z__20250106T000000Z.json,44,3194707,FISKV,81
port_calls__20250105T000000Z__20250106T000000Z.json,45,3194714,FIVAA,20
port_calls__20250105T000000Z__20250106T000000Z.json,46,3194721,FIKAS,70
port_calls__20250105T000000Z__20250106T000000Z.json,47,3194838,FIUKI,70
port_calls__20250105T000000Z__20250106T000000Z.json,48,3194976,FIKTK,40
port_calls__20250105T000000Z__20250106T000000Z.json,49,3195116,FIPOR,60
port_calls__20250105T000000Z__20250106T000000Z.json,50,3195180,FIRAU,70
port_calls__20250105T000000Z__20250106T000000Z.json,51,3195187,FIHKO,44
port_calls__20250105T000000Z__20250106T000000Z.json,52,3195213,FIKOK,60
port_calls__20250105T000000Z__20250106T000000Z.json,53,3195220,FIRAU,70
port_calls__20250105T000000Z__20250106T000000Z.json,54,3195222,FIKTK,70
port_calls__20250105T000000Z__20250106T000000Z.json,55,3195240,FISKV,80
port_calls__20250105T000000Z__20250106T000000Z.json,56,3195983,FIKTK,70
port_calls__20250105T000000Z__20250106T000000Z.json,57,3196104,FIANK,70
port_calls__20250105T000000Z__20250106T000000Z.json,58,3196116,FIPOR,80
port_calls__20250105T000000Z__20250106T000000Z.json,59,3196227,FIKTK,60
port_calls__20250105T000000Z__20250106T000000Z.json,60,3196574,FIIMA,70
port_calls__20250105T000000Z__20250106T000000Z.json,61,3196805,FIKTK,99
port_calls__20250106T000000Z__20250107T000000Z.json,1,3182479,FIHKO,40
port_calls__20250106T000000Z__20250107T000000Z.json,2,3184209,FIHEL,20
port_calls__20250106T000000Z__20250107T000000Z.json,3,3184211,FIHEL,40
port_calls__20250106T000000Z__20250107T000000Z.json,4,3185070,FILAN,20
port_calls__20250106T000000Z__20250107T000000Z.json,5,3185184,FILAN,20
port_calls__20250106T000000Z__20250107T000000Z.json,6,3185248,FINLI,20
port_calls__20250106T000000Z__20250107T000000Z.json,7,3187917,FILAN,20
port_calls__20250106T000000Z__20250107T000000Z.json,8,3188214,FIMHQ,20
port_calls__20250106T000000Z__20250107T000000Z.json,9,3188228,FIMHQ,20
port_calls__20250106T000000Z__20250107T000000Z.json,10,3188235,FIMHQ,20
port_calls__20250106T000000Z__20250107T000000Z.json,11,3188246,FIMHQ,10
port_calls__20250106T000000Z__20250107T000000Z.json,12,3188250,FIMHQ,20
port_calls__20250106T000000Z__20250107T000000Z.json,13,3188881,FILAN,20
port_calls__20250106T000000Z__20250107T000000Z.json,14,3189132,FIHEL,20
port_calls__20250106T000000Z__20250107T000000Z.json,15,3189407,FIHEL,20
port_calls__20250106T000000Z__20250107T000000Z.json,16,3189471,FIHEL,20
port_calls__20250106T000000Z__20250107T000000Z.json,17,3190775,FITKU,20
port_calls__20250106T000000Z__20250107T000000Z.json,18,3190926,FITKU,20
port_calls__20250106T000000Z__20250107T000000Z.json,19,3191857,FIKNT,91
port_calls__20250106T000000Z__20250107T000000Z.json,20,3192131,FIHEL,20
port_calls__20250106T000000Z__20250107T000000Z.json,21,3192193,FIMHQ,20
port_calls__20250106T000000Z__20250107T000000Z.json,22,3192464,FIHEL,20
port_calls__20250106T000000Z__20250107T000000Z.json,23,3192478,FIHEL,20
port_calls__20250106T000000Z__20250107T000000Z.json,24,3192735,FIKNT,93
port_calls__20250106T000000Z__20250107T000000Z.json,25,3192927,FIECK,20
port_calls__20250106T000000Z__20250107T000000Z.json,26,3192933,FIECK,20
port_calls__20250106T000000Z__20250107T000000Z.json,27,3193006,FIECK,20
port_calls__20250106T000000Z__20250107T000000Z.json,28,3193529,FIHEL,50
port_calls__20250106T000000Z__20250107T000000Z.json,29,3193603,FIHEL,20
port_calls__20250106T000000Z__20250107T000000Z.json,30,3193604,FIHEL,20
port_calls__20250106T000000Z__20250107T000000Z.json,31,3193608,FIHEL,20
port_calls__20250106T000000Z__20250107T000000Z.json,32,3193609,FIHEL,20
port_calls__20250106T000000Z__20250107T000000Z.json,33,3193613,FIHEL,20
port_calls__20250106T000000Z__20250107T000000Z.json,34,3193623,FIHEL,20
port_calls__20250106T000000Z__20250107T000000Z.json,35,3193669,FIHEL,20
port_calls__20250106T000000Z__20250107T000000Z.json,36,3193675,FIMHQ,20
port_calls__20250106T000000Z__20250107T000000Z.json,37,3193742,FIKTK,40
port_calls__20250106T000000Z__20250107T000000Z.json,38,3193744,FIHKO,40
port_calls__20250106T000000Z__20250107T000000Z.json,39,3193747,FIHKO,40
port_calls__20250106T000000Z__20250107T000000Z.json,40,3193895,FILAN,20
port_calls__20250106T000000Z__20250107T000000Z.json,41,3193985,FITKU,20
port_calls__20250106T000000Z__20250107T000000Z.json,42,3194132,FIMHQ,20
port_calls__20250106T000000Z__20250107T000000Z.json,43,3194708,FINLI,70
port_calls__20250106T000000Z__20250107T000000Z.json,44,3194709,FINLI,70
port_calls__20250106T000000Z__20250107T000000Z.json,45,3194849,FIVAA,20
port_calls__20250106T000000Z__20250107T000000Z.json,46,3194962,FIKTK,70
port_calls__20250106T000000Z__20250107T000000Z.json,47,3194964,FIINK,70
port_calls__20250106T000000Z__20250107T000000Z.json,48,3195139,FITOR,70
port_calls__20250106T000000Z__20250107T000000Z.json,49,3195210,FIKOK,70
port_calls__20250106T000000Z__20250107T000000Z.json,50,3195232,FIUKI,70
port_calls__20250106T000000Z__20250107T000000Z.json,51,3195257,FIMHQ,20
port_calls__20250106T000000Z__20250107T000000Z.json,52,3195287,FIMHQ,20
port_calls__20250106T000000Z__20250107T000000Z.json,53,3195329,FINLI,80
port_calls__20250106T000000Z__20250107T000000Z.json,54,3196007,FIKEM,90
port_calls__20250106T000000Z__20250107T000000Z.json,55,3196135,FISKV,80
port_calls__20250106T000000Z__20250107T000000Z.json,56,3196157,FIKTK,70
port_calls__20250106T000000Z__20250107T000000Z.json,57,3196168,FIRAU,70
port_calls__20250106T000000Z__20250107T000000Z.json,58,3196190,FIKTK,83
port_calls__20250106T000000Z__20250107T000000Z.json,59,3196209,FISKV,81
port_calls__20250106T000000Z__20250107T000000Z.json,60,3196233,FIKEM,70
port_calls__20250106T000000Z__20250107T000000Z.json,61,3196329,FIRAA,95
port_calls__20250106T000000Z__20250107T000000Z.json,62,3196331,FIRAA,94
port_calls__20250106T000000Z__20250107T000000Z.json,63,3196384,FIVEI,10
port_calls__20250106T000000Z__20250107T000000Z.json,64,3196520,FIPRS,70
port_calls__20250106T000000Z__20250107T000000Z.json,65,3196573,FIPRS,60
port_calls__20250106T000000Z__20250107T000000Z.json,66,3196634,FITKU,90
port_calls__20250106T000000Z__20250107T000000Z.json,67,3196756,FIVEI,90
port_calls__20250106T000000Z__20250107T000000Z.json,68,3196757,FIVEI,90
port_calls__20250106T000000Z__20250107T000000Z.json,69,3196837,FIKAS,70
port_calls__20250106T000000Z__20250107T000000Z.json,70,3196861,FIANK,60
port_calls__20250106T000000Z__20250107T000000Z.json,71,3196903,FIANK,70
port_calls__20250106T000000Z__20250107T000000Z.json,72,3196937,FIANK,60
port_calls__20250106T000000Z__20250107T000000Z.json,73,3196993,FIHKO,99
port_calls__20250107T000000Z__20250108T000000Z.json,1,3177431,FIHEL,40
port_calls__20250107T000000Z__20250108T000000Z.json,2,3177885,FIHKO,40
port_calls__20250107T000000Z__20250108T000000Z.json,3,3180300,FIHEL,20
port_calls__20250107T000000Z__20250108T000000Z.json,4,3184196,FIHEL,20
port_calls__20250107T000000Z__20250108T000000Z.json,5,3185024,FILAN,20
port_calls__20250107T000000Z__20250108T000000Z.json,6,3185031,FINLI,20
port_calls__20250107T000000Z__20250108T000000Z.json,7,3185057,FILAN,20
port_calls__20250107T000000Z__20250108T000000Z.json,8,3185165,FINLI,20
port_calls__20250107T000000Z__20250108T000000Z.json,9,3185193,FILAN,20
port_calls__20250107T000000Z__20250108T000000Z.json,10,3185200,FILAN,20
port_calls__20250107T000000Z__20250108T000000Z.json,11,3188882,FILAN,20
port_calls__20250107T000000Z__20250108T000000Z.json,12,3188915,FIMHQ,20
port_calls__20250107T000000Z__20250108T000000Z.json,13,3189231,FIMHQ,20
port_calls__20250107T000000Z__20250108T000000Z.json,14,3189408,FIHEL,20
port_calls__20250107T000000Z__20250108T000000Z.json,15,3189445,FIHEL,20
port_calls__20250107T000000Z__20250108T000000Z.json,16,3189472,FIHEL,20
port_calls__20250107T000000Z__20250108T000000Z.json,17,3189512,FIHEL,40
port_calls__20250107T000000Z__20250108T000000Z.json,18,3189536,FIHEL,40
port_calls__20250107T000000Z__20250108T000000Z.json,19,3190525,FIKTK,81
port_calls__20250107T000000Z__20250108T000000Z.json,20,3190776,FITKU,20
port_calls__20250107T000000Z__20250108T000000Z.json,21,3190927,FITKU,20
port_calls__20250107T000000Z__20250108T000000Z.json,22,3192465,FIHEL,20
port_calls__20250107T000000Z__20250108T000000Z.json,23,3192479,FIHEL,20
port_calls__20250107T000000Z__20250108T000000Z.json,24,3193564,FIRAU,83
port_calls__20250107T000000Z__20250108T000000Z.json,25,3193612,FIHEL,20
port_calls__20250107T000000Z__20250108T000000Z.json,26,3193614,FIHEL,20
port_calls__20250107T000000Z__20250108T000000Z.json,27,3193618,FIHEL,20
port_calls__20250107T000000Z__20250108T000000Z.json,28,3193648,FIHEL,20
port_calls__20250107T000000Z__20250108T000000Z.json,29,3193650,FIHEL,20
port_calls__20250107T000000Z__20250108T000000Z.json,30,3193743,FIRAU,40
port_calls__20250107T000000Z__20250108T000000Z.json,31,3194622,FINLI,40
port_calls__20250107T000000Z__20250108T000000Z.json,32,3194664,FIRAU,80
port_calls__20250107T000000Z__20250108T000000Z.json,33,3194686,FIKTK,70
port_calls__20250107T000000Z__20250108T000000Z.json,34,3194851,FIVAA,20
port_calls__20250107T000000Z__20250108T000000Z.json,35,3194958,FIKNT,70
port_calls__20250107T000000Z__20250108T000000Z.json,36,3194965,FIHEL,50
port_calls__20250107T000000Z__20250108T000000Z.json,37,3194990,FIRAU,70
port_calls__20250107T000000Z__20250108T000000Z.json,38,3195008,FIHEL,95
port_calls__20250107T000000Z__20250108T000000Z.json,39,3195049,FITOR,70
port_calls__20250107T000000Z__20250108T000000Z.json,40,3195108,FIRAU,50
port_calls__20250107T000000Z__20250108T000000Z.json,41,3195203,FIUKI,70
port_calls__20250107T000000Z__20250108T000000Z.json,42,3195208,FIKOK,40
port_calls__20250107T000000Z__20250108T000000Z.json,43,3195219,FISKV,80
port_calls__20250107T000000Z__20250108T000000Z.json,44,3195223,FIKTK,70
port_calls__20250107T000000Z__20250108T000000Z.json,45,3195316,FIKTK,70
port_calls__20250107T000000Z__20250108T000000Z.json,46,3195317,FIKTK,50
port_calls__20250107T000000Z__20250108T000000Z.json,47,3195321,FINLI,70
port_calls__20250107T000000Z__20250108T000000Z.json,48,3196003,FIPRS,70
port_calls__20250107T000000Z__20250108T000000Z.json,49,3196019,FIKTK,83
port_calls__20250107T000000Z__20250108T000000Z.json,50,3196058,FIKEM,81
port_calls__20250107T000000Z__20250108T000000Z.json,51,3196101,FIHEL,50
port_calls__20250107T000000Z__20250108T000000Z.json,52,3196107,FIVAA,20
port_calls__20250107T000000Z__20250108T000000Z.json,53,3196127,FIKTK,70
port_calls__20250107T000000Z__20250108T000000Z.json,54,3196148,FITOR,70
port_calls__20250107T000000Z__20250108T000000Z.json,55,3196163,FISKV,80
port_calls__20250107T000000Z__20250108T000000Z.json,56,3196164,FISKV,80
port_calls__20250107T000000Z__20250108T000000Z.json,57,3196226,FIANK,83
port_calls__20250107T000000Z__20250108T000000Z.json,58,3196234,FIKEM,90
port_calls__20250107T000000Z__20250108T000000Z.json,59,3196330,FIKEM,70
port_calls__20250107T000000Z__20250108T000000Z.json,60,3196355,FIHEL,91
port_calls__20250107T000000Z__20250108T000000Z.json,61,3196404,FIRAU,70
port_calls__20250107T000000Z__20250108T000000Z.json,62,3196620,FIPOR,60
port_calls__20250107T000000Z__20250108T000000Z.json,63,3196904,FIHEL,70
port_calls__20250107T000000Z__20250108T000000Z.json,64,3196934,FIVEI,90
port_calls__20250107T000000Z__20250108T000000Z.json,65,3196951,FIRAA,95
port_calls__20250107T000000Z__20250108T000000Z.json,66,3196958,FIRAA,94
port_calls__20250107T000000Z__20250108T000000Z.json,67,3196961,FIKTK,70
port_calls__20250107T000000Z__20250108T000000Z.json,68,3197066,FIANK,70
port_calls__20250107T000000Z__20250108T000000Z.json,69,3197078,FIANK,50
port_calls__20250107T000000Z__20250108T000000Z.json,70,3197082,FIVEI,10
port_calls__20250107T000000Z__20250108T000000Z.json,71,3197120,FITKU,99
port_calls__20250107T000000Z__20250108T000000Z.json,72,3197179,FIANK,70
port_calls__20250107T000000Z__20250108T000000Z.json,73,3197347,FIANK,70
port_calls__20250107T000000Z__20250108T000000Z.json,74,3322531,FITKU,99
port_calls__20250108T000000Z__20250109T000000Z.json,1,3180099,FIHEL,20
port_calls__20250108T000000Z__20250109T000000Z.json,2,3185038,FILAN,20
port_calls__20250108T000000Z__20250109T000000Z.json,3,3185041,FILAN,20
port_calls__20250108T000000Z__20250109T000000Z.json,4,3185072,FINLI,20
port_calls__20250108T000000Z__20250109T000000Z.json,5,3185164,FILAN,20
port_calls__20250108T000000Z__20250109T000000Z.json,6,3185249,FINLI,20
port_calls__20250108T000000Z__20250109T000000Z.json,7,3185255,FILAN,20
port_calls__20250108T000000Z__20250109T000000Z.json,8,3188883,FILAN,20
port_calls__20250108T000000Z__20250109T000000Z.json,9,3188899,FILAN,20
port_calls__20250108T000000Z__20250109T000000Z.json,10,3188906,FIMHQ,20
port_calls__20250108T000000Z__20250109T000000Z.json,11,3188916,FIMHQ,20
port_calls__20250108T000000Z__20250109T000000Z.json,12,3189232,FIMHQ,20
port_calls__20250108T000000Z__20250109T000000Z.json,13,3189238,FIMHQ,20
port_calls__20250108T000000Z__20250109T000000Z.json,14,3189409,FIHEL,20
port_calls__20250108T000000Z__20250109T000000Z.json,15,3189446,FIHEL,20
port_calls__20250108T000000Z__20250109T000000Z.json,16,3189473,FIHEL,20
port_calls__20250108T000000Z__20250109T000000Z.json,17,3189513,FIHEL,40
port_calls__20250108T000000Z__20250109T000000Z.json,18,3189537,FIHEL,40
port_calls__20250108T000000Z__20250109T000000Z.json,19,3189558,FIHEL,40
port_calls__20250108T000000Z__20250109T000000Z.json,20,3190777,FITKU,20
port_calls__20250108T000000Z__20250109T000000Z.json,21,3190928,FITKU,20
port_calls__20250108T000000Z__20250109T000000Z.json,22,3192466,FIHEL,20
port_calls__20250108T000000Z__20250109T000000Z.json,23,3192480,FIHEL,20
port_calls__20250108T000000Z__20250109T000000Z.json,24,3193403,FIPOR,80
port_calls__20250108T000000Z__20250109T000000Z.json,25,3193599,FIHEL,20
port_calls__20250108T000000Z__20250109T000000Z.json,26,3193616,FIHEL,20
port_calls__20250108T000000Z__20250109T000000Z.json,27,3193632,FIHEL,20
port_calls__20250108T000000Z__20250109T000000Z.json,28,3193647,FIHEL,20
port_calls__20250108T000000Z__20250109T000000Z.json,29,3193665,FIMHQ,20
port_calls__20250108T000000Z__20250109T000000Z.json,30,3193689,FIMHQ,20
port_calls__20250108T000000Z__20250109T000000Z.json,31,3193741,FIHKO,40
port_calls__20250108T000000Z__20250109T000000Z.json,32,3193745,FIKTK,40
port_calls__20250108T000000Z__20250109T000000Z.json,33,3193910,FILAN,20
port_calls__20250108T000000Z__20250109T000000Z.json,34,3194012,FITKU,20
port_calls__20250108T000000Z__20250109T000000Z.json,35,3194168,FILAN,20
port_calls__20250108T000000Z__20250109T000000Z.json,36,3194623,FINLI,40
port_calls__20250108T000000Z__20250109T000000Z.json,37,3194645,FILAN,40
port_calls__20250108T000000Z__20250109T000000Z.json,38,3194970,FIKTK,40
port_calls__20250108T000000Z__20250109T000000Z.json,39,3194971,FIHEL,70
port_calls__20250108T000000Z__20250109T000000Z.json,40,3195091,FIHKO,40
port_calls__20250108T000000Z__20250109T000000Z.json,41,3195093,FIHKO,40
port_calls__20250108T000000Z__20250109T000000Z.json,42,3195107,FIHEL,50
port_calls__20250108T000000Z__20250109T000000Z.json,43,3195260,FIMHQ,20
port_calls__20250108T000000Z__20250109T000000Z.json,44,3195273,FIMHQ,20
port_calls__20250108T000000Z__20250109T000000Z.json,45,3195318,FIHEL,50
port_calls__20250108T000000Z__20250109T000000Z.json,46,3195320,FIHEL,50
port_calls__20250108T000000Z__20250109T000000Z.json,47,3196105,FIKTK,50
port_calls__20250108T000000Z__20250109T000000Z.json,48,3196106,FIKTK,70
port_calls__20250108T000000Z__20250109T000000Z.json,49,3196108,FIVAA,20
port_calls__20250108T000000Z__20250109T000000Z.json,50,3196117,FIKOK,90
port_calls__20250108T000000Z__20250109T000000Z.json,51,3196133,FIPRS,60
port_calls__20250108T000000Z__20250109T000000Z.json,52,3196149,FITOR,70
port_calls__20250108T000000Z__20250109T000000Z.json,53,3196151,FITOR,70
port_calls__20250108T000000Z__20250109T000000Z.json,54,3196153,FIVAA,20
port_calls__20250108T000000Z__20250109T000000Z.json,55,3196160,FIOUL,40
port_calls__20250108T000000Z__20250109T000000Z.json,56,3196165,FIRAU,80
port_calls__20250108T000000Z__20250109T000000Z.json,57,3196220,FISKV,81
port_calls__20250108T000000Z__20250109T000000Z.json,58,3196315,FIKTK,70
port_calls__20250108T000000Z__20250109T000000Z.json,59,3196581,FISKV,80
port_calls__20250108T000000Z__20250109T000000Z.json,60,3196594,FIKTK,70
port_calls__20250108T000000Z__20250109T000000Z.json,61,3196741,FIUKI,60
port_calls__20250108T000000Z__20250109T000000Z.json,62,3196824,FIKTK,70
port_calls__20250108T000000Z__20250109T000000Z.json,63,3196845,FIJOE,70
port_calls__20250108T000000Z__20250109T000000Z.json,64,3196870,FIOUL,90
port_calls__20250108T000000Z__20250109T000000Z.json,65,3196873,FIHKO,70
port_calls__20250108T000000Z__20250109T000000Z.json,66,3196930,FINLI,70
port_calls__20250108T000000Z__20250109T000000Z.json,67,3196959,FIRAA,70
port_calls__20250108T000000Z__20250109T000000Z.json,68,3196960,FISKV,80
port_calls__20250108T000000Z__20250109T000000Z.json,69,3197030,FIKJO,60
port_calls__20250108T000000Z__20250109T000000Z.json,70,3197080,FIFAR,70
port_calls__20250108T000000Z__20250109T000000Z.json,71,3197094,FISKV,80
port_calls__20250108T000000Z__20250109T000000Z.json,72,3197115,FIRAU,70
port_calls__20250108T000000Z__20250109T000000Z.json,73,3197128,FIVEI,90
port_calls__20250108T000000Z__20250109T000000Z.json,74,3197282,FIPRV,90
port_calls__20250108T000000Z__20250109T000000Z.json,75,3197850,FIANK,80
port_calls__20250109T000000Z__20250110T000000Z.json,1,3184197,FIHEL,20
port_calls__20250109T000000Z__20250110T000000Z.json,2,3185011,FINLI,20
port_calls__20250109T000000Z__20250110T000000Z.json,3,3185036,FILAN,20
port_calls__20250109T000000Z__20250110T000000Z.json,4,3185068,FILAN,20
port_calls__20250109T000000Z__20250110T000000Z.json,5,3185117,FILAN,20
port_calls__20250109T000000Z__20250110T000000Z.json,6,3185182,FILAN,20
port_calls__20250109T000000Z__20250110T000000Z.json,7,3185234,FINLI,20
port_calls__20250109T000000Z__20250110T000000Z.json,8,3186910,FIHKO,40
port_calls__20250109T000000Z__20250110T000000Z.json,9,3188884,FILAN,20
port_calls__20250109T000000Z__20250110T000000Z.json,10,3188900,FILAN,20
port_calls__20250109T000000Z__20250110T000000Z.json,11,3188917,FIMHQ,20
port_calls__20250109T000000Z__20250110T000000Z.json,12,3189137,FIHEL,20
port_calls__20250109T000000Z__20250110T000000Z.json,13,3189233,FIMHQ,20
port_calls__20250109T000000Z__20250110T000000Z.json,14,3189410,FIHEL,20
port_calls__20250109T000000Z__20250110T000000Z.json,15,3189447,FIHEL,20
port_calls__20250109T000000Z__20250110T000000Z.json,16,3189474,FIHEL,20
port_calls__20250109T000000Z__20250110T000000Z.json,17,3189514,FIHEL,40
port_calls__20250109T000000Z__20250110T000000Z.json,18,3189538,FIHEL,40
port_calls__20250109T000000Z__20250110T000000Z.json,19,3189559,FIHEL,40
port_calls__20250109T000000Z__20250110T000000Z.json,20,3190778,FITKU,20
port_calls__20250109T000000Z__20250110T000000Z.json,21,3190929,FITKU,20
port_calls__20250109T000000Z__20250110T000000Z.json,22,3192467,FIHEL,20
port_calls__20250109T000000Z__20250110T000000Z.json,23,3192481,FIHEL,20
port_calls__20250109T000000Z__20250110T000000Z.json,24,3193536,FIKTK,50
port_calls__20250109T000000Z__20250110T000000Z.json,25,3193600,FIHEL,20
port_calls__20250109T000000Z__20250110T000000Z.json,26,3193602,FIHEL,20
port_calls__20250109T000000Z__20250110T000000Z.json,27,3193615,FIHEL,20
port_calls__20250109T000000Z__20250110T000000Z.json,28,3193646,FIHEL,20
port_calls__20250109T000000Z__20250110T000000Z.json,29,3193660,FIHEL,20
port_calls__20250109T000000Z__20250110T000000Z.json,30,3193958,FILAN,20
port_calls__20250109T000000Z__20250110T000000Z.json,31,3193982,FITKU,20
port_calls__20250109T000000Z__20250110T000000Z.json,32,3194096,FIMHQ,20
port_calls__20250109T000000Z__20250110T000000Z.json,33,3194624,FINLI,40
port_calls__20250109T000000Z__20250110T000000Z.json,34,3194646,FILAN,40
port_calls__20250109T000000Z__20250110T000000Z.json,35,3194837,FIKTK,50
port_calls__20250109T000000Z__20250110T000000Z.json,36,3194982,FIRAU,50
port_calls__20250109T000000Z__20250110T000000Z.json,37,3195009,FIKNT,70
port_calls__20250109T000000Z__20250110T000000Z.json,38,3195092,FIHKO,40
port_calls__20250109T000000Z__20250110T000000Z.json,39,3195118,FIFOR,80
port_calls__20250109T000000Z__20250110T000000Z.json,40,3195209,FIKOK,70
port_calls__20250109T000000Z__20250110T000000Z.json,41,3195211,FIKOK,50
port_calls__20250109T000000Z__20250110T000000Z.json,42,3195233,FIKOK,60
port_calls__20250109T000000Z__20250110T000000Z.json,43,3196021,FIHKO,40
port_calls__20250109T000000Z__20250110T000000Z.json,44,3196136,FIKTK,70
port_calls__20250109T000000Z__20250110T000000Z.json,45,3196150,FISKV,80
port_calls__20250109T000000Z__20250110T000000Z.json,46,3196152,FITOR,70
port_calls__20250109T000000Z__20250110T000000Z.json,47,3196155,FIVAA,20
port_calls__20250109T000000Z__20250110T000000Z.json,48,3196210,FIKOK,81
port_calls__20250109T000000Z__20250110T000000Z.json,49,3196235,FIHKO,44
port_calls__20250109T000000Z__20250110T000000Z.json,50,3196240,FIRAU,50
port_calls__20250109T000000Z__20250110T000000Z.json,51,3196392,FIHEL,70
port_calls__20250109T000000Z__20250110T000000Z.json,52,3196894,FIPOR,70
port_calls__20250109T000000Z__20250110T000000Z.json,53,3196902,FIRAA,70
port_calls__20250109T000000Z__20250110T000000Z.json,54,3197004,FIKTK,70
port_calls__20250109T000000Z__20250110T000000Z.json,55,3197023,FINLI,70
port_calls__20250109T000000Z__20250110T000000Z.json,56,3197024,FIKAS,83
port_calls__20250109T000000Z__20250110T000000Z.json,57,3197038,FIKTK,70
port_calls__20250109T000000Z__20250110T000000Z.json,58,3197039,FIKTK,70
port_calls__20250109T000000Z__20250110T000000Z.json,59,3197045,FIKAS,40
port_calls__20250109T000000Z__20250110T000000Z.json,60,3197131,FISKV,81
port_calls__20250109T000000Z__20250110T000000Z.json,61,3197234,FIRAU,40
port_calls__20250109T000000Z__20250110T000000Z.json,62,3197260,FIJOU,70
port_calls__20250109T000000Z__20250110T000000Z.json,63,3197502,FIVEI,90
port_calls__20250109T000000Z__20250110T000000Z.json,64,3197513,FIVEI,90
port_calls__20250109T000000Z__20250110T000000Z.json,65,3197520,FIOUL,83
port_calls__20250109T000000Z__20250110T000000Z.json,66,3197805,FIVEI,10
port_calls__20250109T000000Z__20250110T000000Z.json,67,3198242,FIANK,81
port_calls__20250110T000000Z__20250111T000000Z.json,1,3177881,FIHKO,40
port_calls__20250110T000000Z__20250111T000000Z.json,2,3180338,FIHEL,20
port_calls__20250110T000000Z__20250111T000000Z.json,3,3184223,FIHEL,40
port_calls__20250110T000000Z__20250111T000000Z.json,4,3185014,FILAN,20
port_calls__20250110T000000Z__20250111T000000Z.json,5,3185021,FINLI,20
port_calls__20250110T000000Z__20250111T000000Z.json,6,3185051,FILAN,20
port_calls__20250110T000000Z__20250111T000000Z.json,7,3185148,FINLI,20
port_calls__20250110T000000Z__20250111T000000Z.json,8,3185174,FILAN,20
port_calls__20250110T000000Z__20250111T000000Z.json,9,3185235,FILAN,20
port_calls__20250110T000000Z__20250111T000000Z.json,10,3188901,FILAN,20
port_calls__20250110T000000Z__20250111T000000Z.json,11,3188907,FIMHQ,20
port_calls__20250110T000000Z__20250111T000000Z.json,12,3188918,FIMHQ,20
port_calls__20250110T000000Z__20250111T000000Z.json,13,3189234,FIMHQ,20
port_calls__20250110T000000Z__20250111T000000Z.json,14,3189239,FIMHQ,20
port_calls__20250110T000000Z__20250111T000000Z.json,15,3189411,FIHEL,20
port_calls__20250110T000000Z__20250111T000000Z.json,16,3189448,FIHEL,20
port_calls__20250110T000000Z__20250111T000000Z.json,17,3189475,FIHEL,20
port_calls__20250110T000000Z__20250111T000000Z.json,18,3189515,FIHEL,40
port_calls__20250110T000000Z__20250111T000000Z.json,19,3189539,FIHEL,40
port_calls__20250110T000000Z__20250111T000000Z.json,20,3189560,FIHEL,40
port_calls__20250110T000000Z__20250111T000000Z.json,21,3190322,FIINK,70
port_calls__20250110T000000Z__20250111T000000Z.json,22,3190779,FITKU,20
port_calls__20250110T000000Z__20250111T000000Z.json,23,3190930,FITKU,20
port_calls__20250110T000000Z__20250111T000000Z.json,24,3192488,FIHEL,20
port_calls__20250110T000000Z__20250111T000000Z.json,25,3192491,FIHEL,20
port_calls__20250110T000000Z__20250111T000000Z.json,26,3192494,FIHEL,20
port_calls__20250110T000000Z__20250111T000000Z.json,27,3192984,FIECK,20
port_calls__20250110T000000Z__20250111T000000Z.json,28,3193010,FIECK,20
port_calls__20250110T000000Z__20250111T000000Z.json,29,3193568,FIKOK,83
port_calls__20250110T000000Z__20250111T000000Z.json,30,3193605,FIHEL,20
port_calls__20250110T000000Z__20250111T000000Z.json,31,3193622,FIHEL,20
port_calls__20250110T000000Z__20250111T000000Z.json,32,3193654,FIMHQ,20
port_calls__20250110T000000Z__20250111T000000Z.json,33,3193662,FIHEL,20
port_calls__20250110T000000Z__20250111T000000Z.json,34,3193667,FIMHQ,20
port_calls__20250110T000000Z__20250111T000000Z.json,35,3193682,FIHEL,20
port_calls__20250110T000000Z__20250111T000000Z.json,36,3193953,FITKU,20
port_calls__20250110T000000Z__20250111T000000Z.json,37,3194061,FILAN,20
port_calls__20250110T000000Z__20250111T000000Z.json,38,3194625,FINLI,40
port_calls__20250110T000000Z__20250111T000000Z.json,39,3194647,FILAN,40
port_calls__20250110T000000Z__20250111T000000Z.json,40,3194675,FIKJO,70
port_calls__20250110T000000Z__20250111T000000Z.json,41,3194719,FIKEM,40
port_calls__20250110T000000Z__20250111T000000Z.json,42,3194836,FIHEL,50
port_calls__20250110T000000Z__20250111T000000Z.json,43,3195023,FIKEM,70
port_calls__20250110T000000Z__20250111T000000Z.json,44,3195109,FIHEL,50
port_calls__20250110T000000Z__20250111T000000Z.json,45,3195206,FIHKO,40
port_calls__20250110T000000Z__20250111T000000Z.json,46,3195212,FIKJO,70
port_calls__20250110T000000Z__20250111T000000Z.json,47,3195242,FISKV,81
port_calls__20250110T000000Z__20250111T000000Z.json,48,3195261,FIMHQ,20
port_calls__20250110T000000Z__20250111T000000Z.json,49,3195278,FIMHQ,20
port_calls__20250110T000000Z__20250111T000000Z.json,50,3195315,FITKU,70
port_calls__20250110T000000Z__20250111T000000Z.json,51,3196156,FIKTK,70
port_calls__20250110T000000Z__20250111T000000Z.json,52,3196158,FITOR,50
port_calls__20250110T000000Z__20250111T000000Z.json,53,3196159,FIKTK,70
port_calls__20250110T000000Z__20250111T000000Z.json,54,3197034,FITOR,70
port_calls__20250110T000000Z__20250111T000000Z.json,55,3197079,FIKTK,81
port_calls__20250110T000000Z__20250111T000000Z.json,56,3197253,FIUKI,83
port_calls__20250110T000000Z__20250111T000000Z.json,57,3197254,FIUKI,70
port_calls__20250110T000000Z__20250111T000000Z.json,58,3197300,FIVAA,20
port_calls__20250110T000000Z__20250111T000000Z.json,59,3197301,FIVAA,20
port_calls__20250110T000000Z__20250111T000000Z.json,60,3197480,FIKTK,70
port_calls__20250110T000000Z__20250111T000000Z.json,61,3197485,FIRAU,70
port_calls__20250110T000000Z__20250111T000000Z.json,62,3197550,FISKV,83
port_calls__20250110T000000Z__20250111T000000Z.json,63,3197770,FIRAU,60
port_calls__20250110T000000Z__20250111T000000Z.json,64,3197786,FISKV,81
port_calls__20250110T000000Z__20250111T000000Z.json,65,3197824,FIKTK,60
port_calls__20250110T000000Z__20250111T000000Z.json,66,3197845,FIPRV,90
port_calls__20250110T000000Z__20250111T000000Z.json,67,3198052,FIANK,81
port_calls__20250110T000000Z__20250111T000000Z.json,68,3198198,FIVEI,90
port_calls__20250110T000000Z__20250111T000000Z.json,69,3198199,FIRAA,70
port_calls__20250110T000000Z__20250111T000000Z.json,70,3198200,FIVEI,90
port_calls__20250110T000000Z__20250111T000000Z.json,71,3198303,FIECK,20
port_calls__20250111T000000Z__20250112T000000Z.json,1,3184198,FIHEL,20
port_calls__20250111T000000Z__20250112T000000Z.json,2,3185037,FINLI,20
port_calls__20250111T000000Z__20250112T000000Z.json,3,3185047,FILAN,20
port_calls__20250111T000000Z__20250112T000000Z.json,4,3188886,FILAN,20
port_calls__20250111T000000Z__20250112T000000Z.json,5,3188919,FIMHQ,20
port_calls__20250111T000000Z__20250112T000000Z.json,6,3189144,FIHEL,20
port_calls__20250111T000000Z__20250112T000000Z.json,7,3189235,FIMHQ,20
port_calls__20250111T000000Z__20250112T000000Z.json,8,3189412,FIHEL,20
port_calls__20250111T000000Z__20250112T000000Z.json,9,3189434,FIHEL,20
port_calls__20250111T000000Z__20250112T000000Z.json,10,3189449,FIHEL,20
port_calls__20250111T000000Z__20250112T000000Z.json,11,3190780,FITKU,20
port_calls__20250111T000000Z__20250112T000000Z.json,12,3190931,FITKU,20
port_calls__20250111T000000Z__20250112T000000Z.json,13,3192468,FIHEL,20
port_calls__20250111T000000Z__20250112T000000Z.json,14,3192482,FIHEL,20
port_calls__20250111T000000Z__20250112T000000Z.json,15,3192941,FIECK,20
port_calls__20250111T000000Z__20250112T000000Z.json,16,3192963,FIECK,20
port_calls__20250111T000000Z__20250112T000000Z.json,17,3192985,FIECK,20
port_calls__20250111T000000Z__20250112T000000Z.json,18,3193621,FIHEL,20
port_calls__20250111T000000Z__20250112T000000Z.json,19,3193626,FIHEL,20
port_calls__20250111T000000Z__20250112T000000Z.json,20,3193649,FIHEL,20
port_calls__20250111T000000Z__20250112T000000Z.json,21,3193656,FIHEL,20
port_calls__20250111T000000Z__20250112T000000Z.json,22,3193659,FIHEL,20
port_calls__20250111T000000Z__20250112T000000Z.json,23,3193668,FIHEL,20
port_calls__20250111T000000Z__20250112T000000Z.json,24,3193679,FIHEL,20
port_calls__20250111T000000Z__20250112T000000Z.json,25,3193920,FILAN,20
port_calls__20250111T000000Z__20250112T000000Z.json,26,3193972,FITKU,20
port_calls__20250111T000000Z__20250112T000000Z.json,27,3194648,FILAN,40
port_calls__20250111T000000Z__20250112T000000Z.json,28,3195204,FISKV,83
port_calls__20250111T000000Z__20250112T000000Z.json,29,3195312,FIRAU,70
port_calls__20250111T000000Z__20250112T000000Z.json,30,3196020,FIHKO,40
port_calls__20250111T000000Z__20250112T000000Z.json,31,3196138,FINLI,70
port_calls__20250111T000000Z__20250112T000000Z.json,32,3196213,FIOUL,50
port_calls__20250111T000000Z__20250112T000000Z.json,33,3196246,FIHEL,50
port_calls__20250111T000000Z__20250112T000000Z.json,34,3196352,FIINK,83
port_calls__20250111T000000Z__20250112T000000Z.json,35,3196644,FIHKO,40
port_calls__20250111T000000Z__20250112T000000Z.json,36,3196760,FIPRS,40
port_calls__20250111T000000Z__20250112T000000Z.json,37,3197005,FIKTK,70
port_calls__20250111T000000Z__20250112T000000Z.json,38,3197033,FIRAA,94
port_calls__20250111T000000Z__20250112T000000Z.json,39,3197035,FIRAA,95
port_calls__20250111T000000Z__20250112T000000Z.json,40,3197049,FISKV,81
port_calls__20250111T000000Z__20250112T000000Z.json,41,3197116,FIHEL,60
port_calls__20250111T000000Z__20250112T000000Z.json,42,3197222,FIKAS,70
port_calls__20250111T000000Z__20250112T000000Z.json,43,3197230,FIKTK,70
port_calls__20250111T000000Z__20250112T000000Z.json,44,3197233,FITOR,70
port_calls__20250111T000000Z__20250112T000000Z.json,45,3197299,FIKTK,70
port_calls__20250111T000000Z__20250112T000000Z.json,46,3197302,FIVAA,20
port_calls__20250111T000000Z__20250112T000000Z.json,47,3197437,FINLI,81
port_calls__20250111T000000Z__20250112T000000Z.json,48,3197459,FIKOK,70
port_calls__20250111T000000Z__20250112T000000Z.json,49,3197511,FIKEM,70
port_calls__20250111T000000Z__20250112T000000Z.json,50,3197705,FIKTK,50
port_calls__20250111T000000Z__20250112T000000Z.json,51,3197897,FIFAR,70
port_calls__20250111T000000Z__20250112T000000Z.json,52,3198003,FISKV,80
port_calls__20250111T000000Z__20250112T000000Z.json,53,3198291,FIRAA,70
port_calls__20250111T000000Z__20250112T000000Z.json,54,3198316,FINLI,70
port_calls__20250111T000000Z__20250112T000000Z.json,55,3198328,FIVRK,70
port_calls__20250111T000000Z__20250112T000000Z.json,56,3198379,FIVEI,90
port_calls__20250111T000000Z__20250112T000000Z.json,57,3198380,FIVEI,90
port_calls__20250111T000000Z__20250112T000000Z.json,58,3198443,FIVEI,10
port_calls__20250112T000000Z__20250113T000000Z.json,1,3184301,FIKEM,10
port_calls__20250112T000000Z__20250113T000000Z.json,2,3185003,FINLI,20
port_calls__20250112T000000Z__20250113T000000Z.json,3,3185010,FILAN,20
port_calls__20250112T000000Z__20250113T000000Z.json,4,3185086,FILAN,20
port_calls__20250112T000000Z__20250113T000000Z.json,5,3185110,FINLI,20
port_calls__20250112T000000Z__20250113T000000Z.json,6,3185172,FILAN,20
port_calls__20250112T000000Z__20250113T000000Z.json,7,3188887,FILAN,20
port_calls__20250112T000000Z__20250113T000000Z.json,8,3188903,FILAN,20
port_calls__20250112T000000Z__20250113T000000Z.json,9,3188908,FIMHQ,20
port_calls__20250112T000000Z__20250113T000000Z.json,10,3188920,FIMHQ,20
port_calls__20250112T000000Z__20250113T000000Z.json,11,3189236,FIMHQ,20
port_calls__20250112T000000Z__20250113T000000Z.json,12,3189240,FIMHQ,20
port_calls__20250112T000000Z__20250113T000000Z.json,13,3189413,FIHEL,20
port_calls__20250112T000000Z__20250113T000000Z.json,14,3189476,FIHEL,20
port_calls__20250112T000000Z__20250113T000000Z.json,15,3189540,FIHEL,40
port_calls__20250112T000000Z__20250113T000000Z.json,16,3190781,FITKU,20
port_calls__20250112T000000Z__20250113T000000Z.json,17,3190932,FITKU,20
port_calls__20250112T000000Z__20250113T000000Z.json,18,3192469,FIHEL,20
port_calls__20250112T000000Z__20250113T000000Z.json,19,3192497,FIHEL,20
port_calls__20250112T000000Z__20250113T000000Z.json,20,3192499,FIHEL,20
port_calls__20250112T000000Z__20250113T000000Z.json,21,3192942,FIECK,20
port_calls__20250112T000000Z__20250113T000000Z.json,22,3192964,FIECK,20
port_calls__20250112T000000Z__20250113T000000Z.json,23,3192986,FIECK,20
port_calls__20250112T000000Z__20250113T000000Z.json,24,3193601,FIHEL,20
port_calls__20250112T000000Z__20250113T000000Z.json,25,3193607,FIHEL,20
port_calls__20250112T000000Z__20250113T000000Z.json,26,3193625,FIHEL,20
port_calls__20250112T000000Z__20250113T000000Z.json,27,3193661,FIHEL,20
port_calls__20250112T000000Z__20250113T000000Z.json,28,3193664,FIHEL,20
port_calls__20250112T000000Z__20250113T000000Z.json,29,3193670,FIMHQ,20
port_calls__20250112T000000Z__20250113T000000Z.json,30,3193672,FIHEL,20
port_calls__20250112T000000Z__20250113T000000Z.json,31,3193683,FIMHQ,20
port_calls__20250112T000000Z__20250113T000000Z.json,32,3193694,FIHEL,20
port_calls__20250112T000000Z__20250113T000000Z.json,33,3193894,FITKU,20
port_calls__20250112T000000Z__20250113T000000Z.json,34,3193905,FILAN,20
port_calls__20250112T000000Z__20250113T000000Z.json,35,3194128,FIMHQ,20
port_calls__20250112T000000Z__20250113T000000Z.json,36,3195042,FISKV,80
port_calls__20250112T000000Z__20250113T000000Z.json,37,3195106,FIKTK,50
port_calls__20250112T000000Z__20250113T000000Z.json,38,3195202,FIHKO,40
port_calls__20250112T000000Z__20250113T000000Z.json,39,3195280,FIMHQ,20
port_calls__20250112T000000Z__20250113T000000Z.json,40,3195294,FIMHQ,20
port_calls__20250112T000000Z__20250113T000000Z.json,41,3196137,FISKV,80
port_calls__20250112T000000Z__20250113T000000Z.json,42,3196337,FIKEM,70
port_calls__20250112T000000Z__20250113T000000Z.json,43,3196645,FIHKO,40
port_calls__20250112T000000Z__20250113T000000Z.json,44,3197037,FITOR,70
port_calls__20250112T000000Z__20250113T000000Z.json,45,3197095,FIVAA,70
port_calls__20250112T000000Z__20250113T000000Z.json,46,3197157,FIKTK,50
port_calls__20250112T000000Z__20250113T000000Z.json,47,3197229,FIKAS,70
port_calls__20250112T000000Z__20250113T000000Z.json,48,3197244,FIKTK,70
port_calls__20250112T000000Z__20250113T000000Z.json,49,3197255,FITOR,70
port_calls__20250112T000000Z__20250113T000000Z.json,50,3197291,FIHEL,50
port_calls__20250112T000000Z__20250113T000000Z.json,51,3197303,FIVAA,20
port_calls__20250112T000000Z__20250113T000000Z.json,52,3197436,FIUKI,70
port_calls__20250112T000000Z__20250113T000000Z.json,53,3197494,FIRAU,70
port_calls__20250112T000000Z__20250113T000000Z.json,54,3197499,FISKV,82
port_calls__20250112T000000Z__20250113T000000Z.json,55,3197514,FIKTK,81
port_calls__20250112T000000Z__20250113T000000Z.json,56,3197706,FIUKI,70
port_calls__20250112T000000Z__20250113T000000Z.json,57,3197766,FIKTK,50
port_calls__20250112T000000Z__20250113T000000Z.json,58,3197799,FINLI,70
port_calls__20250112T000000Z__20250113T000000Z.json,59,3197803,FISKV,82
port_calls__20250112T000000Z__20250113T000000Z.json,60,3198371,FIMHQ,70
port_calls__20250112T000000Z__20250113T000000Z.json,61,3198408,FIOUL,70
port_calls__20250112T000000Z__20250113T000000Z.json,62,3198524,FIHEL,90
port_calls__20250112T000000Z__20250113T000000Z.json,63,3198531,FIJOU,70
port_calls__20250112T000000Z__20250113T000000Z.json,64,3198919,FIRAA,95
port_calls__20250112T000000Z__20250113T000000Z.json,65,3198927,FIRAA,94
port_calls__20250112T000000Z__20250113T000000Z.json,66,3199171,FIANK,83
port_calls__20250113T000000Z__20250114T000000Z.json,1,3177929,FIHEL,40
port_calls__20250113T000000Z__20250114T000000Z.json,2,3180297,FIHEL,20
port_calls__20250113T000000Z__20250114T000000Z.json,3,3180566,FIHKO,40
port_calls__20250113T000000Z__20250114T000000Z.json,4,3184199,FIHEL,20
port_calls__20250113T000000Z__20250114T000000Z.json,5,3185040,FINLI,20
port_calls__20250113T000000Z__20250114T000000Z.json,6,3185050,FILAN,20
port_calls__20250113T000000Z__20250114T000000Z.json,7,3185121,FILAN,20
port_calls__20250113T000000Z__20250114T000000Z.json,8,3185125,FILAN,20
port_calls__20250113T000000Z__20250114T000000Z.json,9,3185128,FILAN,20
port_calls__20250113T000000Z__20250114T000000Z.json,10,3185241,FINLI,20
port_calls__20250113T000000Z__20250114T000000Z.json,11,3188904,FILAN,20
port_calls__20250113T000000Z__20250114T000000Z.json,12,3188921,FIMHQ,20
port_calls__20250113T000000Z__20250114T000000Z.json,13,3189237,FIMHQ,20
port_calls__20250113T000000Z__20250114T000000Z.json,14,3189414,FIHEL,20
port_calls__20250113T000000Z__20250114T000000Z.json,15,3189450,FIHEL,20
port_calls__20250113T000000Z__20250114T000000Z.json,16,3189477,FIHEL,20
port_calls__20250113T000000Z__20250114T000000Z.json,17,3189528,FIHEL,40
port_calls__20250113T000000Z__20250114T000000Z.json,18,3189531,FIHEL,40
port_calls__20250113T000000Z__20250114T000000Z.json,19,3189541,FIHEL,40
port_calls__20250113T000000Z__20250114T000000Z.json,20,3190782,FITKU,20
port_calls__20250113T000000Z__20250114T000000Z.json,21,3190933,FITKU,20
port_calls__20250113T000000Z__20250114T000000Z.json,22,3192470,FIHEL,20
port_calls__20250113T000000Z__20250114T000000Z.json,23,3192483,FIHEL,20
port_calls__20250113T000000Z__20250114T000000Z.json,24,3192943,FIECK,20
port_calls__20250113T000000Z__20250114T000000Z.json,25,3192965,FIECK,20
port_calls__20250113T000000Z__20250114T000000Z.json,26,3192987,FIECK,20
port_calls__20250113T000000Z__20250114T000000Z.json,27,3193537,FIHEL,50
port_calls__20250113T000000Z__20250114T000000Z.json,28,3193657,FIHEL,20
port_calls__20250113T000000Z__20250114T000000Z.json,29,3193999,FILAN,20
port_calls__20250113T000000Z__20250114T000000Z.json,30,3194001,FITKU,20
port_calls__20250113T000000Z__20250114T000000Z.json,31,3194070,FIMHQ,20
port_calls__20250113T000000Z__20250114T000000Z.json,32,3194626,FINLI,40
port_calls__20250113T000000Z__20250114T000000Z.json,33,3194760,FIPOR,60
port_calls__20250113T000000Z__20250114T000000Z.json,34,3195205,FIKTK,40
port_calls__20250113T000000Z__20250114T000000Z.json,35,3196183,FILAN,20
port_calls__20250113T000000Z__20250114T000000Z.json,36,3196425,FIHEL,20
port_calls__20250113T000000Z__20250114T000000Z.json,37,3196433,FIHEL,20
port_calls__20250113T000000Z__20250114T000000Z.json,38,3196436,FIHEL,20
port_calls__20250113T000000Z__20250114T000000Z.json,39,3196437,FIHEL,20
port_calls__20250113T000000Z__20250114T000000Z.json,40,3196455,FIHEL,20
port_calls__20250113T000000Z__20250114T000000Z.json,41,3196456,FIHEL,20
port_calls__20250113T000000Z__20250114T000000Z.json,42,3196495,FIHEL,20
port_calls__20250113T000000Z__20250114T000000Z.json,43,3196642,FIHKO,40
port_calls__20250113T000000Z__20250114T000000Z.json,44,3196647,FIHKO,40
port_calls__20250113T000000Z__20250114T000000Z.json,45,3196648,FIKTK,40
port_calls__20250113T000000Z__20250114T000000Z.json,46,3196880,FIHKO,40
port_calls__20250113T000000Z__20250114T000000Z.json,47,3197083,FISKV,81
port_calls__20250113T000000Z__20250114T000000Z.json,48,3197121,FIPOR,82
port_calls__20250113T000000Z__20250114T000000Z.json,49,3197232,FISKV,81
port_calls__20250113T000000Z__20250114T000000Z.json,50,3197289,FIHEL,50
port_calls__20250113T000000Z__20250114T000000Z.json,51,3197290,FIKTK,50
port_calls__20250113T000000Z__20250114T000000Z.json,52,3197369,FIHKO,40
port_calls__20250113T000000Z__20250114T000000Z.json,53,3197467,FIVAA,20
port_calls__20250113T000000Z__20250114T000000Z.json,54,3198258,FIKTK,70
port_calls__20250113T000000Z__20250114T000000Z.json,55,3198266,FIINK,70
port_calls__20250113T000000Z__20250114T000000Z.json,56,3198269,FIHEL,70
port_calls__20250113T000000Z__20250114T000000Z.json,57,3198312,FIPOR,60
port_calls__20250113T000000Z__20250114T000000Z.json,58,3198320,FISKV,82
port_calls__20250113T000000Z__20250114T000000Z.json,59,3198324,FISKV,80
port_calls__20250113T000000Z__20250114T000000Z.json,60,3198361,FIHKO,70
port_calls__20250113T000000Z__20250114T000000Z.json,61,3198476,FIPRV,90
port_calls__20250113T000000Z__20250114T000000Z.json,62,3198825,FIHEL,70
port_calls__20250113T000000Z__20250114T000000Z.json,63,3198858,FISKV,81
port_calls__20250113T000000Z__20250114T000000Z.json,64,3198901,FIVEI,90
port_calls__20250113T000000Z__20250114T000000Z.json,65,3198902,FIVEI,90
port_calls__20250113T000000Z__20250114T000000Z.json,66,3198928,FIKTK,70
port_calls__20250113T000000Z__20250114T000000Z.json,67,3198946,FIHEL,90
port_calls__20250113T000000Z__20250114T000000Z.json,68,3198982,FIVRK,70
port_calls__20250113T000000Z__20250114T000000Z.json,69,3199043,FIKJO,91
port_calls__20250113T000000Z__20250114T000000Z.json,70,3199048,FIVEI,10
port_calls__20250113T000000Z__20250114T000000Z.json,71,3199273,FIANK,81
port_calls__20250113T000000Z__20250114T000000Z.json,72,3199276,FIANK,80
port_calls__20250113T000000Z__20250114T000000Z.json,73,3199284,FIVEI,10
port_calls__20250113T000000Z__20250114T000000Z.json,74,3199307,FIANK,83
port_calls__20250113T000000Z__20250114T000000Z.json,75,3199309,FIANK,81
port_calls__20250114T000000Z__20250115T000000Z.json,1,3185008,FILAN,20
port_calls__20250114T000000Z__20250115T000000Z.json,2,3185105,FILAN,20
port_calls__20250114T000000Z__20250115T000000Z.json,3,3185130,FINLI,20
port_calls__20250114T000000Z__20250115T000000Z.json,4,3185150,FILAN,20
port_calls__20250114T000000Z__20250115T000000Z.json,5,3185161,FINLI,20
port_calls__20250114T000000Z__20250115T000000Z.json,6,3189415,FIHEL,20
port_calls__20250114T000000Z__20250115T000000Z.json,7,3189451,FIHEL,20
port_calls__20250114T000000Z__20250115T000000Z.json,8,3189478,FIHEL,20
port_calls__20250114T000000Z__20250115T000000Z.json,9,3189516,FIHEL,40
port_calls__20250114T000000Z__20250115T000000Z.json,10,3189542,FIHEL,40
port_calls__20250114T000000Z__20250115T000000Z.json,11,3189561,FIHEL,40
port_calls__20250114T000000Z__20250115T000000Z.json,12,3190783,FITKU,20
port_calls__20250114T000000Z__20250115T000000Z.json,13,3190934,FITKU,20
port_calls__20250114T000000Z__20250115T000000Z.json,14,3191460,FIHEL,20
port_calls__20250114T000000Z__20250115T000000Z.json,15,3192471,FIHEL,20
port_calls__20250114T000000Z__20250115T000000Z.json,16,3192484,FIHEL,20
port_calls__20250114T000000Z__20250115T000000Z.json,17,3192944,FIECK,20
port_calls__20250114T000000Z__20250115T000000Z.json,18,3192966,FIECK,20
port_calls__20250114T000000Z__20250115T000000Z.json,19,3192988,FIECK,20
port_calls__20250114T000000Z__20250115T000000Z.json,20,3193531,FIHEL,50
port_calls__20250114T000000Z__20250115T000000Z.json,21,3194627,FINLI,40
port_calls__20250114T000000Z__20250115T000000Z.json,22,3194641,FIKTK,70
port_calls__20250114T000000Z__20250115T000000Z.json,23,3194649,FILAN,40
port_calls__20250114T000000Z__20250115T000000Z.json,24,3195254,FIRAU,50
port_calls__20250114T000000Z__20250115T000000Z.json,25,3195263,FIMHQ,20
port_calls__20250114T000000Z__20250115T000000Z.json,26,3195270,FIMHQ,20
port_calls__20250114T000000Z__20250115T000000Z.json,27,3196113,FIKTK,70
port_calls__20250114T000000Z__20250115T000000Z.json,28,3196162,FIPOR,80
port_calls__20250114T000000Z__20250115T000000Z.json,29,3196184,FILAN,20
port_calls__20250114T000000Z__20250115T000000Z.json,30,3196191,FILAN,20
port_calls__20250114T000000Z__20250115T000000Z.json,31,3196356,FIMHQ,20
port_calls__20250114T000000Z__20250115T000000Z.json,32,3196360,FIMHQ,20
port_calls__20250114T000000Z__20250115T000000Z.json,33,3196367,FIMHQ,20
port_calls__20250114T000000Z__20250115T000000Z.json,34,3196432,FIHEL,20
port_calls__20250114T000000Z__20250115T000000Z.json,35,3196434,FIMHQ,20
port_calls__20250114T000000Z__20250115T000000Z.json,36,3196435,FIHEL,20
port_calls__20250114T000000Z__20250115T000000Z.json,37,3196450,FIHEL,20
port_calls__20250114T000000Z__20250115T000000Z.json,38,3196454,FIHEL,20
port_calls__20250114T000000Z__20250115T000000Z.json,39,3196466,FIHEL,20
port_calls__20250114T000000Z__20250115T000000Z.json,40,3196472,FIHEL,20
port_calls__20250114T000000Z__20250115T000000Z.json,41,3196485,FIHEL,20
port_calls__20250114T000000Z__20250115T000000Z.json,42,3196646,FIRAU,40
port_calls__20250114T000000Z__20250115T000000Z.json,43,3196881,FIHKO,40
port_calls__20250114T000000Z__20250115T000000Z.json,44,3196895,FIRAA,70
port_calls__20250114T000000Z__20250115T000000Z.json,45,3197036,FITOR,70
port_calls__20250114T000000Z__20250115T000000Z.json,46,3197044,FIPAR,70
port_calls__20250114T000000Z__20250115T000000Z.json,47,3197093,FITOK,70
port_calls__20250114T000000Z__20250115T000000Z.json,48,3197220,FIHKO,40
port_calls__20250114T000000Z__20250115T000000Z.json,49,3197258,FIVAA,80
port_calls__20250114T000000Z__20250115T000000Z.json,50,3197262,FIHEL,50
port_calls__20250114T000000Z__20250115T000000Z.json,51,3197274,FIHEL,50
port_calls__20250114T000000Z__20250115T000000Z.json,52,3197275,FITOR,70
port_calls__20250114T000000Z__20250115T000000Z.json,53,3197288,FITKU,70
port_calls__20250114T000000Z__20250115T000000Z.json,54,3197349,FIHEL,40
port_calls__20250114T000000Z__20250115T000000Z.json,55,3197470,FIVAA,20
port_calls__20250114T000000Z__20250115T000000Z.json,56,3197471,FIVAA,20
port_calls__20250114T000000Z__20250115T000000Z.json,57,3197760,FIHEL,50
port_calls__20250114T000000Z__20250115T000000Z.json,58,3197762,FIKTK,40
port_calls__20250114T000000Z__20250115T000000Z.json,59,3197788,FIUKI,70
port_calls__20250114T000000Z__20250115T000000Z.json,60,3198008,FIKOK,70
port_calls__20250114T000000Z__20250115T000000Z.json,61,3198013,FITKU,70
port_calls__20250114T000000Z__20250115T000000Z.json,62,3198030,FIRAU,70
port_calls__20250114T000000Z__20250115T000000Z.json,63,3198078,FIMHQ,20
port_calls__20250114T000000Z__20250115T000000Z.json,64,3198190,FIPOR,70
port_calls__20250114T000000Z__20250115T000000Z.json,65,3198191,FIPOR,70
port_calls__20250114T000000Z__20250115T000000Z.json,66,3198256,FIPOR,70
port_calls__20250114T000000Z__20250115T000000Z.json,67,3198260,FIKTK,70
port_calls__20250114T000000Z__20250115T000000Z.json,68,3198333,FIRAU,60
port_calls__20250114T000000Z__20250115T000000Z.json,69,3198401,FIRAA,70
port_calls__20250114T000000Z__20250115T000000Z.json,70,3198865,FISKV,80
port_calls__20250114T000000Z__20250115T000000Z.json,71,3198876,FIUKI,70
port_calls__20250114T000000Z__20250115T000000Z.json,72,3198944,FISKV,80
port_calls__20250114T000000Z__20250115T000000Z.json,73,3198983,FIRAA,70
port_calls__20250114T000000Z__20250115T000000Z.json,74,3199149,FIRAU,70
port_calls__20250114T000000Z__20250115T000000Z.json,75,3199152,FIKTK,70
port_calls__20250114T000000Z__20250115T000000Z.json,76,3199172,FIRAU,70
port_calls__20250114T000000Z__20250115T000000Z.json,77,3199268,FIRAA,70
port_calls__20250114T000000Z__20250115T000000Z.json,78,3199319,FINLI,81
port_calls__20250114T000000Z__20250115T000000Z.json,79,3199344,FIVEI,90
port_calls__20250114T000000Z__20250115T000000Z.json,80,3199345,FIVEI,90
port_calls__20250114T000000Z__20250115T000000Z.json,81,3199386,FILPP,70
port_calls__20250114T000000Z__20250115T000000Z.json,82,3199462,FIVEI,10
port_calls__20250114T000000Z__20250115T000000Z.json,83,3199850,FIANK,70
port_calls__20250115T000000Z__20250116T000000Z.json,1,3185133,FINLI,20
port_calls__20250115T000000Z__20250116T000000Z.json,2,3185137,FILAN,20
port_calls__20250115T000000Z__20250116T000000Z.json,3,3185149,FINLI,20
port_calls__20250115T000000Z__20250116T000000Z.json,4,3185171,FILAN,20
port_calls__20250115T000000Z__20250116T000000Z.json,5,3189160,FIHEL,40
port_calls__20250115T000000Z__20250116T000000Z.json,6,3189416,FIHEL,20
port_calls__20250115T000000Z__20250116T000000Z.json,7,3189452,FIHEL,20
port_calls__20250115T000000Z__20250116T000000Z.json,8,3189479,FIHEL,20
port_calls__20250115T000000Z__20250116T000000Z.json,9,3189517,FIHEL,40
port_calls__20250115T000000Z__20250116T000000Z.json,10,3189543,FIHEL,40
port_calls__20250115T000000Z__20250116T000000Z.json,11,3189562,FIHEL,40
port_calls__20250115T000000Z__20250116T000000Z.json,12,3190784,FITKU,20
port_calls__20250115T000000Z__20250116T000000Z.json,13,3190935,FITKU,20
port_calls__20250115T000000Z__20250116T000000Z.json,14,3191543,FIHEL,20
port_calls__20250115T000000Z__20250116T000000Z.json,15,3191893,FIKOK,70
port_calls__20250115T000000Z__20250116T000000Z.json,16,3191894,FIKJO,70
port_calls__20250115T000000Z__20250116T000000Z.json,17,3192472,FIHEL,20
port_calls__20250115T000000Z__20250116T000000Z.json,18,3192485,FIHEL,20
port_calls__20250115T000000Z__20250116T000000Z.json,19,3192945,FIECK,20
port_calls__20250115T000000Z__20250116T000000Z.json,20,3192967,FIECK,20
port_calls__20250115T000000Z__20250116T000000Z.json,21,3192989,FIECK,20
port_calls__20250115T000000Z__20250116T000000Z.json,22,3193893,FILAN,20
port_calls__20250115T000000Z__20250116T000000Z.json,23,3194023,FITKU,20
port_calls__20250115T000000Z__20250116T000000Z.json,24,3194134,FILAN,20
port_calls__20250115T000000Z__20250116T000000Z.json,25,3194628,FINLI,40
port_calls__20250115T000000Z__20250116T000000Z.json,26,3194650,FILAN,40
port_calls__20250115T000000Z__20250116T000000Z.json,27,3195105,FIRAU,50
port_calls__20250115T000000Z__20250116T000000Z.json,28,3196185,FILAN,20
port_calls__20250115T000000Z__20250116T000000Z.json,29,3196192,FILAN,20
port_calls__20250115T000000Z__20250116T000000Z.json,30,3196361,FIMHQ,20
port_calls__20250115T000000Z__20250116T000000Z.json,31,3196368,FIMHQ,20
port_calls__20250115T000000Z__20250116T000000Z.json,32,3196430,FIHEL,20
port_calls__20250115T000000Z__20250116T000000Z.json,33,3196441,FIHEL,20
port_calls__20250115T000000Z__20250116T000000Z.json,34,3196461,FIHEL,20
port_calls__20250115T000000Z__20250116T000000Z.json,35,3196462,FIHEL,20
port_calls__20250115T000000Z__20250116T000000Z.json,36,3196463,FIHEL,20
port_calls__20250115T000000Z__20250116T000000Z.json,37,3196469,FIHEL,20
port_calls__20250115T000000Z__20250116T000000Z.json,38,3196483,FIHEL,20
port_calls__20250115T000000Z__20250116T000000Z.json,39,3196513,FIHEL,20
port_calls__20250115T000000Z__20250116T000000Z.json,40,3196641,FIKTK,40
port_calls__20250115T000000Z__20250116T000000Z.json,41,3196643,FIHKO,40
port_calls__20250115T000000Z__20250116T000000Z.json,42,3197096,FIKOK,83
port_calls__20250115T000000Z__20250116T000000Z.json,43,3197113,FIUKI,60
port_calls__20250115T000000Z__20250116T000000Z.json,44,3197117,FIRAU,70
port_calls__20250115T000000Z__20250116T000000Z.json,45,3197217,FIHKO,40
port_calls__20250115T000000Z__20250116T000000Z.json,46,3197219,FIHKO,40
port_calls__20250115T000000Z__20250116T000000Z.json,47,3197257,FISKV,80
port_calls__20250115T000000Z__20250116T000000Z.json,48,3197277,FITOR,60
port_calls__20250115T000000Z__20250116T000000Z.json,49,3197495,FIKEM,83
port_calls__20250115T000000Z__20250116T000000Z.json,50,3197512,FIKOK,80
port_calls__20250115T000000Z__20250116T000000Z.json,51,3197761,FIRAU,70
port_calls__20250115T000000Z__20250116T000000Z.json,52,3197765,FIKTK,70
port_calls__20250115T000000Z__20250116T000000Z.json,53,3197767,FIHEL,50
port_calls__20250115T000000Z__20250116T000000Z.json,54,3197768,FIKTK,50
port_calls__20250115T000000Z__20250116T000000Z.json,55,3197810,FIRAU,70
port_calls__20250115T000000Z__20250116T000000Z.json,56,3197898,FIKOK,70
port_calls__20250115T000000Z__20250116T000000Z.json,57,3198036,FIKTK,70
port_calls__20250115T000000Z__20250116T000000Z.json,58,3198257,FIVAA,20
port_calls__20250115T000000Z__20250116T000000Z.json,59,3198259,FIKOK,40
port_calls__20250115T000000Z__20250116T000000Z.json,60,3198262,FIKOK,70
port_calls__20250115T000000Z__20250116T000000Z.json,61,3198309,FISKV,80
port_calls__20250115T000000Z__20250116T000000Z.json,62,3198318,FIPOR,70
port_calls__20250115T000000Z__20250116T000000Z.json,63,3198327,FIOUL,80
port_calls__20250115T000000Z__20250116T000000Z.json,64,3198359,FIRAU,40
port_calls__20250115T000000Z__20250116T000000Z.json,65,3198363,FIRAU,70
port_calls__20250115T000000Z__20250116T000000Z.json,66,3198492,FISKV,83
port_calls__20250115T000000Z__20250116T000000Z.json,67,3198947,FIRAA,70
port_calls__20250115T000000Z__20250116T000000Z.json,68,3199047,FIKAS,40
port_calls__20250115T000000Z__20250116T000000Z.json,69,3199150,FIKJO,70
port_calls__20250115T000000Z__20250116T000000Z.json,70,3199317,FIKTK,70
port_calls__20250115T000000Z__20250116T000000Z.json,71,3199320,FIVAA,20
port_calls__20250115T000000Z__20250116T000000Z.json,72,3199431,FILOV,91
port_calls__20250115T000000Z__20250116T000000Z.json,73,3199575,FIEJO,70
port_calls__20250115T000000Z__20250116T000000Z.json,74,3199594,FIKTK,70
port_calls__20250115T000000Z__20250116T000000Z.json,75,3199646,FIMHQ,70
port_calls__20250115T000000Z__20250116T000000Z.json,76,3199649,FIHKO,70
port_calls__20250115T000000Z__20250116T000000Z.json,77,3199663,FIRAA,91
port_calls__20250115T000000Z__20250116T000000Z.json,78,3199851,FIANK,70
port_calls__20250115T000000Z__20250116T000000Z.json,79,3199872,FIPRS,70
port_calls__20250115T000000Z__20250116T000000Z.json,80,3199967,FILAN,20
port_calls__20250115T000000Z__20250116T000000Z.json,81,3200066,FINLI,20
port_calls__20250115T000000Z__20250116T000000Z.json,82,3200619,FIVEI,90
port_calls__20250115T000000Z__20250116T000000Z.json,83,3200661,FIVEI,10
port_calls__20250116T000000Z__20250117T000000Z.json,1,3184303,FIRAU,10
port_calls__20250116T000000Z__20250117T000000Z.json,2,3185129,FILAN,20
port_calls__20250116T000000Z__20250117T000000Z.json,3,3185145,FINLI,20
port_calls__20250116T000000Z__20250117T000000Z.json,4,3185189,FILAN,20
port_calls__20250116T000000Z__20250117T000000Z.json,5,3189417,FIHEL,20
port_calls__20250116T000000Z__20250117T000000Z.json,6,3189453,FIHEL,20
port_calls__20250116T000000Z__20250117T000000Z.json,7,3189480,FIHEL,20
port_calls__20250116T000000Z__20250117T000000Z.json,8,3189518,FIHEL,40
port_calls__20250116T000000Z__20250117T000000Z.json,9,3189544,FIHEL,40
port_calls__20250116T000000Z__20250117T000000Z.json,10,3189563,FIHEL,40
port_calls__20250116T000000Z__20250117T000000Z.json,11,3190785,FITKU,20
port_calls__20250116T000000Z__20250117T000000Z.json,12,3190936,FITKU,20
port_calls__20250116T000000Z__20250117T000000Z.json,13,3191609,FIHEL,20
port_calls__20250116T000000Z__20250117T000000Z.json,14,3192473,FIHEL,20
port_calls__20250116T000000Z__20250117T000000Z.json,15,3192486,FIHEL,20
port_calls__20250116T000000Z__20250117T000000Z.json,16,3192946,FIECK,20
port_calls__20250116T000000Z__20250117T000000Z.json,17,3192968,FIECK,20
port_calls__20250116T000000Z__20250117T000000Z.json,18,3192990,FIECK,20
port_calls__20250116T000000Z__20250117T000000Z.json,19,3193896,FILAN,20
port_calls__20250116T000000Z__20250117T000000Z.json,20,3193973,FITKU,20
port_calls__20250116T000000Z__20250117T000000Z.json,21,3194060,FIMHQ,20
port_calls__20250116T000000Z__20250117T000000Z.json,22,3194629,FINLI,40
port_calls__20250116T000000Z__20250117T000000Z.json,23,3194651,FILAN,40
port_calls__20250116T000000Z__20250117T000000Z.json,24,3195269,FIMHQ,20
port_calls__20250116T000000Z__20250117T000000Z.json,25,3195297,FIMHQ,20
port_calls__20250116T000000Z__20250117T000000Z.json,26,3196022,FIUKI,82
port_calls__20250116T000000Z__20250117T000000Z.json,27,3196186,FILAN,20
port_calls__20250116T000000Z__20250117T000000Z.json,28,3196193,FILAN,20
port_calls__20250116T000000Z__20250117T000000Z.json,29,3196362,FIMHQ,20
port_calls__20250116T000000Z__20250117T000000Z.json,30,3196369,FIMHQ,20
port_calls__20250116T000000Z__20250117T000000Z.json,31,3196383,FIMHQ,10
port_calls__20250116T000000Z__20250117T000000Z.json,32,3196431,FIHEL,20
port_calls__20250116T000000Z__20250117T000000Z.json,33,3196440,FIHEL,20
port_calls__20250116T000000Z__20250117T000000Z.json,34,3196452,FIMHQ,20
port_calls__20250116T000000Z__20250117T000000Z.json,35,3196464,FIHEL,20
port_calls__20250116T000000Z__20250117T000000Z.json,36,3196467,FIHEL,20
port_calls__20250116T000000Z__20250117T000000Z.json,37,3196473,FIHEL,20
port_calls__20250116T000000Z__20250117T000000Z.json,38,3196484,FIHEL,20
port_calls__20250116T000000Z__20250117T000000Z.json,39,3196497,FIHEL,20
port_calls__20250116T000000Z__20250117T000000Z.json,40,3197216,FIHKO,40
port_calls__20250116T000000Z__20250117T000000Z.json,41,3197218,FIRAU,40
port_calls__20250116T000000Z__20250117T000000Z.json,42,3197259,FITKU,80
port_calls__20250116T000000Z__20250117T000000Z.json,43,3197518,FIRAU,50
port_calls__20250116T000000Z__20250117T000000Z.json,44,3197763,FIKTK,70
port_calls__20250116T000000Z__20250117T000000Z.json,45,3197764,FIKTK,50
port_calls__20250116T000000Z__20250117T000000Z.json,46,3197794,FIINK,60
port_calls__20250116T000000Z__20250117T000000Z.json,47,3197797,FIHKO,44
port_calls__20250116T000000Z__20250117T000000Z.json,48,3198014,FIRAU,50
port_calls__20250116T000000Z__20250117T000000Z.json,49,3198054,FIHKO,70
port_calls__20250116T000000Z__20250117T000000Z.json,50,3198055,FISKV,81
port_calls__20250116T000000Z__20250117T000000Z.json,51,3198113,FIMHQ,20
port_calls__20250116T000000Z__20250117T000000Z.json,52,3198252,FIHKO,40
port_calls__20250116T000000Z__20250117T000000Z.json,53,3198264,FIKOK,70
port_calls__20250116T000000Z__20250117T000000Z.json,54,3198298,FITKU,70
port_calls__20250116T000000Z__20250117T000000Z.json,55,3198299,FIOUL,70
port_calls__20250116T000000Z__20250117T000000Z.json,56,3198319,FIHEL,60
port_calls__20250116T000000Z__20250117T000000Z.json,57,3198399,FIPOH,70
port_calls__20250116T000000Z__20250117T000000Z.json,58,3199044,FIKTK,83
port_calls__20250116T000000Z__20250117T000000Z.json,59,3199146,FIKEM,40
port_calls__20250116T000000Z__20250117T000000Z.json,60,3199174,FIKTK,70
port_calls__20250116T000000Z__20250117T000000Z.json,61,3199187,FIKAS,70
port_calls__20250116T000000Z__20250117T000000Z.json,62,3199202,FIPRS,70
port_calls__20250116T000000Z__20250117T000000Z.json,63,3199229,FIKEM,81
port_calls__20250116T000000Z__20250117T000000Z.json,64,3199231,FIKTK,70
port_calls__20250116T000000Z__20250117T000000Z.json,65,3199262,FISKV,81
port_calls__20250116T000000Z__20250117T000000Z.json,66,3199263,FITOK,70
port_calls__20250116T000000Z__20250117T000000Z.json,67,3199301,FIPRS,70
port_calls__20250116T000000Z__20250117T000000Z.json,68,3199308,FIOUL,40
port_calls__20250116T000000Z__20250117T000000Z.json,69,3199315,FIKAS,70
port_calls__20250116T000000Z__20250117T000000Z.json,70,3199321,FIVAA,20
port_calls__20250116T000000Z__20250117T000000Z.json,71,3199346,FIKTK,80
port_calls__20250116T000000Z__20250117T000000Z.json,72,3199450,FIKTK,70
port_calls__20250116T000000Z__20250117T000000Z.json,73,3199451,FIRAA,70
port_calls__20250116T000000Z__20250117T000000Z.json,74,3199461,FIUKI,70
port_calls__20250116T000000Z__20250117T000000Z.json,75,3199567,FIKEM,60
port_calls__20250116T000000Z__20250117T000000Z.json,76,3199595,FISKV,81
port_calls__20250116T000000Z__20250117T000000Z.json,77,3199603,FIANK,81
port_calls__20250116T000000Z__20250117T000000Z.json,78,3199665,FIHKO,40
port_calls__20250116T000000Z__20250117T000000Z.json,79,3199932,FIVRK,70
port_calls__20250116T000000Z__20250117T000000Z.json,80,3199935,FIKEM,90
port_calls__20250116T000000Z__20250117T000000Z.json,81,3200132,FILAN,20
port_calls__20250116T000000Z__20250117T000000Z.json,82,3200236,FILAN,20
port_calls__20250116T000000Z__20250117T000000Z.json,83,3200657,FISKV,80
port_calls__20250116T000000Z__20250117T000000Z.json,84,3200659,FIVEI,90
port_calls__20250116T000000Z__20250117T000000Z.json,85,3200979,FINLI,20
port_calls__20250116T000000Z__20250117T000000Z.json,86,3204803,FIVEI,10
port_calls__20250116T000000Z__20250117T000000Z.json,87,3206306,FIRAA,91
port_calls__20250117T000000Z__20250118T000000Z.json,1,3180562,FIHKO,40
port_calls__20250117T000000Z__20250118T000000Z.json,2,3185124,FINLI,20
port_calls__20250117T000000Z__20250118T000000Z.json,3,3185146,FILAN,20
port_calls__20250117T000000Z__20250118T000000Z.json,4,3185159,FILAN,20
port_calls__20250117T000000Z__20250118T000000Z.json,5,3189418,FIHEL,20
port_calls__20250117T000000Z__20250118T000000Z.json,6,3189454,FIHEL,20
port_calls__20250117T000000Z__20250118T000000Z.json,7,3189481,FIHEL,20
port_calls__20250117T000000Z__20250118T000000Z.json,8,3189519,FIHEL,40
port_calls__20250117T000000Z__20250118T000000Z.json,9,3189545,FIHEL,40
port_calls__20250117T000000Z__20250118T000000Z.json,10,3189564,FIHEL,40
port_calls__20250117T000000Z__20250118T000000Z.json,11,3190786,FITKU,20
port_calls__20250117T000000Z__20250118T000000Z.json,12,3190937,FITKU,20
port_calls__20250117T000000Z__20250118T000000Z.json,13,3191467,FIHEL,20
port_calls__20250117T000000Z__20250118T000000Z.json,14,3192334,FIPOR,81
port_calls__20250117T000000Z__20250118T000000Z.json,15,3192489,FIHEL,20
port_calls__20250117T000000Z__20250118T000000Z.json,16,3192492,FIHEL,20
port_calls__20250117T000000Z__20250118T000000Z.json,17,3192495,FIHEL,20
port_calls__20250117T000000Z__20250118T000000Z.json,18,3192947,FIECK,20
port_calls__20250117T000000Z__20250118T000000Z.json,19,3192969,FIECK,20
port_calls__20250117T000000Z__20250118T000000Z.json,20,3193929,FILAN,20
port_calls__20250117T000000Z__20250118T000000Z.json,21,3193993,FITKU,20
port_calls__20250117T000000Z__20250118T000000Z.json,22,3194208,FIMHQ,20
port_calls__20250117T000000Z__20250118T000000Z.json,23,3194630,FINLI,40
port_calls__20250117T000000Z__20250118T000000Z.json,24,3194652,FILAN,40
port_calls__20250117T000000Z__20250118T000000Z.json,25,3196187,FILAN,20
port_calls__20250117T000000Z__20250118T000000Z.json,26,3196194,FILAN,20
port_calls__20250117T000000Z__20250118T000000Z.json,27,3196295,FIHEL,50
port_calls__20250117T000000Z__20250118T000000Z.json,28,3196357,FIMHQ,20
port_calls__20250117T000000Z__20250118T000000Z.json,29,3196363,FIMHQ,20
port_calls__20250117T000000Z__20250118T000000Z.json,30,3196370,FIMHQ,20
port_calls__20250117T000000Z__20250118T000000Z.json,31,3196385,FIMHQ,10
port_calls__20250117T000000Z__20250118T000000Z.json,32,3196442,FIHEL,20
port_calls__20250117T000000Z__20250118T000000Z.json,33,3196446,FIHEL,20
port_calls__20250117T000000Z__20250118T000000Z.json,34,3196459,FIHEL,20
port_calls__20250117T000000Z__20250118T000000Z.json,35,3196474,FIHEL,20
port_calls__20250117T000000Z__20250118T000000Z.json,36,3196481,FIHEL,20
port_calls__20250117T000000Z__20250118T000000Z.json,37,3196500,FIHEL,20
port_calls__20250117T000000Z__20250118T000000Z.json,38,3196502,FIHEL,20
port_calls__20250117T000000Z__20250118T000000Z.json,39,3196503,FIHEL,20
port_calls__20250117T000000Z__20250118T000000Z.json,40,3197127,FIINK,82
port_calls__20250117T000000Z__20250118T000000Z.json,41,3197239,FIOUL,70
port_calls__20250117T000000Z__20250118T000000Z.json,42,3197750,FIHKO,40
port_calls__20250117T000000Z__20250118T000000Z.json,43,3197769,FIHEL,50
port_calls__20250117T000000Z__20250118T000000Z.json,44,3197796,FIUKI,44
port_calls__20250117T000000Z__20250118T000000Z.json,45,3197843,FIKAS,70
port_calls__20250117T000000Z__20250118T000000Z.json,46,3198012,FIKTK,50
port_calls__20250117T000000Z__20250118T000000Z.json,47,3198189,FIOUL,40
port_calls__20250117T000000Z__20250118T000000Z.json,48,3198265,FIKOK,70
port_calls__20250117T000000Z__20250118T000000Z.json,49,3198304,FISKV,81
port_calls__20250117T000000Z__20250118T000000Z.json,50,3198918,FISKV,83
port_calls__20250117T000000Z__20250118T000000Z.json,51,3199173,FIKTK,80
port_calls__20250117T000000Z__20250118T000000Z.json,52,3199204,FIINK,94
port_calls__20250117T000000Z__20250118T000000Z.json,53,3199206,FIINK,95
port_calls__20250117T000000Z__20250118T000000Z.json,54,3199278,FISKV,80
port_calls__20250117T000000Z__20250118T000000Z.json,55,3199302,FIKEM,90
port_calls__20250117T000000Z__20250118T000000Z.json,56,3199323,FIVAA,20
port_calls__20250117T000000Z__20250118T000000Z.json,57,3199324,FIVAA,20
port_calls__20250117T000000Z__20250118T000000Z.json,58,3199388,FIPOR,82
port_calls__20250117T000000Z__20250118T000000Z.json,59,3199447,FIUKI,70
port_calls__20250117T000000Z__20250118T000000Z.json,60,3199555,FIHKO,90
port_calls__20250117T000000Z__20250118T000000Z.json,61,3199602,FISKV,81
port_calls__20250117T000000Z__20250118T000000Z.json,62,3200072,FILAN,20
port_calls__20250117T000000Z__20250118T000000Z.json,63,3200116,FINLI,20
port_calls__20250117T000000Z__20250118T000000Z.json,64,3200126,FILAN,20
port_calls__20250117T000000Z__20250118T000000Z.json,65,3200484,FIPRS,70
port_calls__20250117T000000Z__20250118T000000Z.json,66,3200485,FIRAU,40
port_calls__20250117T000000Z__20250118T000000Z.json,67,3200938,FIPRS,70
port_calls__20250117T000000Z__20250118T000000Z.json,68,3201049,FITKU,70
port_calls__20250117T000000Z__20250118T000000Z.json,69,3201124,FIRAU,40
port_calls__20250117T000000Z__20250118T000000Z.json,70,3201791,FIRAU,60
port_calls__20250117T000000Z__20250118T000000Z.json,71,3203987,FIUKI,70
port_calls__20250117T000000Z__20250118T000000Z.json,72,3204625,FISVL,70
port_calls__20250117T000000Z__20250118T000000Z.json,73,3204802,FIVEI,90
port_calls__20250117T000000Z__20250118T000000Z.json,74,3205140,FISKV,80
port_calls__20250117T000000Z__20250118T000000Z.json,75,3206405,FIOUL,90
port_calls__20250117T000000Z__20250118T000000Z.json,76,3207628,FISTR,91
port_calls__20250117T000000Z__20250118T000000Z.json,77,3207629,FISTR,97
port_calls__20250117T000000Z__20250118T000000Z.json,78,3207702,FIVEI,90
port_calls__20250117T000000Z__20250118T000000Z.json,79,3207718,FIPRS,70
port_calls__20250117T000000Z__20250118T000000Z.json,80,3207779,FIIMA,70
port_calls__20250117T000000Z__20250118T000000Z.json,81,3207787,FIVEI,10
port_calls__20250117T000000Z__20250118T000000Z.json,82,3208193,FIECK,20
port_calls__20250117T000000Z__20250118T000000Z.json,83,3208452,FIANK,70
port_calls__20250118T000000Z__20250119T000000Z.json,1,3185017,FILAN,20
port_calls__20250118T000000Z__20250119T000000Z.json,2,3185168,FILAN,20
port_calls__20250118T000000Z__20250119T000000Z.json,3,3185214,FILAN,20
port_calls__20250118T000000Z__20250119T000000Z.json,4,3185247,FINLI,20
port_calls__20250118T000000Z__20250119T000000Z.json,5,3189419,FIHEL,20
port_calls__20250118T000000Z__20250119T000000Z.json,6,3189435,FIHEL,20
port_calls__20250118T000000Z__20250119T000000Z.json,7,3189455,FIHEL,20
port_calls__20250118T000000Z__20250119T000000Z.json,8,3190787,FITKU,20
port_calls__20250118T000000Z__20250119T000000Z.json,9,3190788,FITKU,20
port_calls__20250118T000000Z__20250119T000000Z.json,10,3190938,FITKU,20
port_calls__20250118T000000Z__20250119T000000Z.json,11,3191542,FIHEL,20
port_calls__20250118T000000Z__20250119T000000Z.json,12,3192948,FIECK,20
port_calls__20250118T000000Z__20250119T000000Z.json,13,3192970,FIECK,20
port_calls__20250118T000000Z__20250119T000000Z.json,14,3192992,FIECK,20
port_calls__20250118T000000Z__20250119T000000Z.json,15,3193930,FILAN,20
port_calls__20250118T000000Z__20250119T000000Z.json,16,3194013,FITKU,20
port_calls__20250118T000000Z__20250119T000000Z.json,17,3194044,FIMHQ,20
port_calls__20250118T000000Z__20250119T000000Z.json,18,3194653,FILAN,40
port_calls__20250118T000000Z__20250119T000000Z.json,19,3195255,FIMHQ,20
port_calls__20250118T000000Z__20250119T000000Z.json,20,3195277,FIMHQ,20
port_calls__20250118T000000Z__20250119T000000Z.json,21,3196059,FIHEL,20
port_calls__20250118T000000Z__20250119T000000Z.json,22,3196079,FIHEL,20
port_calls__20250118T000000Z__20250119T000000Z.json,23,3196188,FILAN,20
port_calls__20250118T000000Z__20250119T000000Z.json,24,3196195,FILAN,20
port_calls__20250118T000000Z__20250119T000000Z.json,25,3196358,FIMHQ,20
port_calls__20250118T000000Z__20250119T000000Z.json,26,3196364,FIMHQ,20
port_calls__20250118T000000Z__20250119T000000Z.json,27,3196371,FIMHQ,20
port_calls__20250118T000000Z__20250119T000000Z.json,28,3196386,FIMHQ,10
port_calls__20250118T000000Z__20250119T000000Z.json,29,3196429,FIHEL,20
port_calls__20250118T000000Z__20250119T000000Z.json,30,3196438,FIHEL,20
port_calls__20250118T000000Z__20250119T000000Z.json,31,3196447,FIHEL,20
port_calls__20250118T000000Z__20250119T000000Z.json,32,3196465,FIMHQ,20
port_calls__20250118T000000Z__20250119T000000Z.json,33,3196477,FIHEL,20
port_calls__20250118T000000Z__20250119T000000Z.json,34,3196493,FIHEL,20
port_calls__20250118T000000Z__20250119T000000Z.json,35,3196518,FIHEL,20
port_calls__20250118T000000Z__20250119T000000Z.json,36,3197276,FIRAU,50
port_calls__20250118T000000Z__20250119T000000Z.json,37,3197519,FIHEL,50
port_calls__20250118T000000Z__20250119T000000Z.json,38,3198105,FIMHQ,20
port_calls__20250118T000000Z__20250119T000000Z.json,39,3198253,FIHKO,40
port_calls__20250118T000000Z__20250119T000000Z.json,40,3198868,FIHKO,40
port_calls__20250118T000000Z__20250119T000000Z.json,41,3198945,FIKOK,80
port_calls__20250118T000000Z__20250119T000000Z.json,42,3199285,FIKTK,70
port_calls__20250118T000000Z__20250119T000000Z.json,43,3199325,FIVAA,20
port_calls__20250118T000000Z__20250119T000000Z.json,44,3199350,FIKOK,70
port_calls__20250118T000000Z__20250119T000000Z.json,45,3199445,FIKJO,70
port_calls__20250118T000000Z__20250119T000000Z.json,46,3199463,FIKOK,70
port_calls__20250118T000000Z__20250119T000000Z.json,47,3199652,FIANK,91
port_calls__20250118T000000Z__20250119T000000Z.json,48,3199898,FIKTK,82
port_calls__20250118T000000Z__20250119T000000Z.json,49,3200052,FIFAR,70
port_calls__20250118T000000Z__20250119T000000Z.json,50,3200075,FINLI,20
port_calls__20250118T000000Z__20250119T000000Z.json,51,3200170,FILAN,20
port_calls__20250118T000000Z__20250119T000000Z.json,52,3203912,FIHEL,70
port_calls__20250118T000000Z__20250119T000000Z.json,53,3204277,FIKAS,70
port_calls__20250118T000000Z__20250119T000000Z.json,54,3204624,FIRAU,70
port_calls__20250118T000000Z__20250119T000000Z.json,55,3205141,FISKV,80
port_calls__20250118T000000Z__20250119T000000Z.json,56,3206340,FIRAA,70
port_calls__20250118T000000Z__20250119T000000Z.json,57,3207788,FISKV,82
port_calls__20250118T000000Z__20250119T000000Z.json,58,3207842,FISKV,80
port_calls__20250118T000000Z__20250119T000000Z.json,59,3207886,FIANK,81
port_calls__20250118T000000Z__20250119T000000Z.json,60,3208039,FIVEI,90
port_calls__20250118T000000Z__20250119T000000Z.json,61,3208100,FIVEI,90
port_calls__20250118T000000Z__20250119T000000Z.json,62,3208251,FIANK,93
port_calls__20250118T000000Z__20250119T000000Z.json,63,3208425,FIVEI,10
port_calls__20250119T000000Z__20250120T000000Z.json,1,3177975,FIHEL,40
port_calls__20250119T000000Z__20250120T000000Z.json,2,3180657,FIHKO,40
port_calls__20250119T000000Z__20250120T000000Z.json,3,3185007,FILAN,20
port_calls__20250119T000000Z__20250120T000000Z.json,4,3185109,FILAN,20
port_calls__20250119T000000Z__20250120T000000Z.json,5,3185183,FINLI,20
port_calls__20250119T000000Z__20250120T000000Z.json,6,3185192,FILAN,20
port_calls__20250119T000000Z__20250120T000000Z.json,7,3189420,FIHEL,20
port_calls__20250119T000000Z__20250120T000000Z.json,8,3189482,FIHEL,20
port_calls__20250119T000000Z__20250120T000000Z.json,9,3189546,FIHEL,40
port_calls__20250119T000000Z__20250120T000000Z.json,10,3190939,FITKU,20
port_calls__20250119T000000Z__20250120T000000Z.json,11,3191615,FIHEL,20
port_calls__20250119T000000Z__20250120T000000Z.json,12,3192949,FIECK,20
port_calls__20250119T000000Z__20250120T000000Z.json,13,3192971,FIECK,20
port_calls__20250119T000000Z__20250120T000000Z.json,14,3192993,FIECK,20
port_calls__20250119T000000Z__20250120T000000Z.json,15,3193313,FIHKO,40
port_calls__20250119T000000Z__20250120T000000Z.json,16,3193945,FITKU,20
port_calls__20250119T000000Z__20250120T000000Z.json,17,3193970,FILAN,20
port_calls__20250119T000000Z__20250120T000000Z.json,18,3194082,FIMHQ,20
port_calls__20250119T000000Z__20250120T000000Z.json,19,3196060,FIHEL,20
port_calls__20250119T000000Z__20250120T000000Z.json,20,3196080,FIHEL,20
port_calls__20250119T000000Z__20250120T000000Z.json,21,3196189,FILAN,20
port_calls__20250119T000000Z__20250120T000000Z.json,22,3196196,FILAN,20
port_calls__20250119T000000Z__20250120T000000Z.json,23,3196294,FIKTK,50
port_calls__20250119T000000Z__20250120T000000Z.json,24,3196359,FIMHQ,20
port_calls__20250119T000000Z__20250120T000000Z.json,25,3196365,FIMHQ,20
port_calls__20250119T000000Z__20250120T000000Z.json,26,3196372,FIMHQ,20
port_calls__20250119T000000Z__20250120T000000Z.json,27,3196387,FIMHQ,10
port_calls__20250119T000000Z__20250120T000000Z.json,28,3196426,FIHEL,20
port_calls__20250119T000000Z__20250120T000000Z.json,29,3196427,FIHEL,20
port_calls__20250119T000000Z__20250120T000000Z.json,30,3196443,FIHEL,20
port_calls__20250119T000000Z__20250120T000000Z.json,31,3196453,FIHEL,20
port_calls__20250119T000000Z__20250120T000000Z.json,32,3196458,FIHEL,20
port_calls__20250119T000000Z__20250120T000000Z.json,33,3196470,FIHEL,20
port_calls__20250119T000000Z__20250120T000000Z.json,34,3196498,FIHEL,20
port_calls__20250119T000000Z__20250120T000000Z.json,35,3197263,FIKTK,50
port_calls__20250119T000000Z__20250120T000000Z.json,36,3198067,FIHEL,20
port_calls__20250119T000000Z__20250120T000000Z.json,37,3198261,FIPOR,70
port_calls__20250119T000000Z__20250120T000000Z.json,38,3198263,FIKOK,70
port_calls__20250119T000000Z__20250120T000000Z.json,39,3198317,FIKTK,81
port_calls__20250119T000000Z__20250120T000000Z.json,40,3198866,FIHKO,40
port_calls__20250119T000000Z__20250120T000000Z.json,41,3199066,FIHKO,40
port_calls__20250119T000000Z__20250120T000000Z.json,42,3199148,FIINK,70
port_calls__20250119T000000Z__20250120T000000Z.json,43,3199151,FIKTK,50
port_calls__20250119T000000Z__20250120T000000Z.json,44,3199203,FIKOK,70
port_calls__20250119T000000Z__20250120T000000Z.json,45,3199306,FIOUL,70
port_calls__20250119T000000Z__20250120T000000Z.json,46,3199326,FIVAA,20
port_calls__20250119T000000Z__20250120T000000Z.json,47,3199488,FIKTK,83
port_calls__20250119T000000Z__20250120T000000Z.json,48,3199556,FIUKI,70
port_calls__20250119T000000Z__20250120T000000Z.json,49,3199587,FINLI,70
port_calls__20250119T000000Z__20250120T000000Z.json,50,3199944,FIKEM,70
port_calls__20250119T000000Z__20250120T000000Z.json,51,3200086,FINLI,20
port_calls__20250119T000000Z__20250120T000000Z.json,52,3200174,FIHEL,50
port_calls__20250119T000000Z__20250120T000000Z.json,53,3200179,FILAN,20
port_calls__20250119T000000Z__20250120T000000Z.json,54,3200487,FIKTK,70
port_calls__20250119T000000Z__20250120T000000Z.json,55,3200625,FIKTK,70
port_calls__20250119T000000Z__20250120T000000Z.json,56,3200782,FIUKI,70
port_calls__20250119T000000Z__20250120T000000Z.json,57,3200940,FIKTK,70
port_calls__20250119T000000Z__20250120T000000Z.json,58,3201420,FISKV,80
port_calls__20250119T000000Z__20250120T000000Z.json,59,3203620,FITOR,70
port_calls__20250119T000000Z__20250120T000000Z.json,60,3204512,FIPRS,40
port_calls__20250119T000000Z__20250120T000000Z.json,61,3205288,FIHEL,50
port_calls__20250119T000000Z__20250120T000000Z.json,62,3205940,FIPOR,83
port_calls__20250119T000000Z__20250120T000000Z.json,63,3206121,FIRAA,70
port_calls__20250119T000000Z__20250120T000000Z.json,64,3207719,FIUKI,70
port_calls__20250119T000000Z__20250120T000000Z.json,65,3207837,FIKTK,70
port_calls__20250119T000000Z__20250120T000000Z.json,66,3207921,FINLI,70
port_calls__20250119T000000Z__20250120T000000Z.json,67,3208137,FIKTK,70
port_calls__20250119T000000Z__20250120T000000Z.json,68,3208283,FIVAA,70
port_calls__20250119T000000Z__20250120T000000Z.json,69,3208378,FIVRK,70
port_calls__20250119T000000Z__20250120T000000Z.json,70,3208750,FITKU,91
port_calls__20250119T000000Z__20250120T000000Z.json,71,3208773,FIHEL,91
port_calls__20250119T000000Z__20250120T000000Z.json,72,3208802,FIHEL,91
port_calls__20250119T000000Z__20250120T000000Z.json,73,3208899,FIHKO,91
port_calls__20250119T000000Z__20250120T000000Z.json,74,3208937,FIHEL,20
port_calls__20250119T000000Z__20250120T000000Z.json,75,3208965,FITKU,20
port_calls__20250119T000000Z__20250120T000000Z.json,76,3209115,FIANK,70
port_calls__20250119T000000Z__20250120T000000Z.json,77,3209116,FIANK,91
port_calls__20250119T000000Z__20250120T000000Z.json,78,3209244,FIANK,50
port_calls__20250120T000000Z__20250121T000000Z.json,1,3185046,FILAN,20
port_calls__20250120T000000Z__20250121T000000Z.json,2,3185049,FINLI,20
port_calls__20250120T000000Z__20250121T000000Z.json,3,3185194,FILAN,20
port_calls__20250120T000000Z__20250121T000000Z.json,4,3189421,FIHEL,20
port_calls__20250120T000000Z__20250121T000000Z.json,5,3189456,FIHEL,20
port_calls__20250120T000000Z__20250121T000000Z.json,6,3189483,FIHEL,20
port_calls__20250120T000000Z__20250121T000000Z.json,7,3189529,FIHEL,40
port_calls__20250120T000000Z__20250121T000000Z.json,8,3189532,FIHEL,40
port_calls__20250120T000000Z__20250121T000000Z.json,9,3189547,FIHEL,40
port_calls__20250120T000000Z__20250121T000000Z.json,10,3190789,FITKU,20
port_calls__20250120T000000Z__20250121T000000Z.json,11,3190940,FITKU,20
port_calls__20250120T000000Z__20250121T000000Z.json,12,3191456,FIHEL,20
port_calls__20250120T000000Z__20250121T000000Z.json,13,3192950,FIECK,20
port_calls__20250120T000000Z__20250121T000000Z.json,14,3192972,FIECK,20
port_calls__20250120T000000Z__20250121T000000Z.json,15,3192994,FIECK,20
port_calls__20250120T000000Z__20250121T000000Z.json,16,3193933,FILAN,20
port_calls__20250120T000000Z__20250121T000000Z.json,17,3193961,FITKU,20
port_calls__20250120T000000Z__20250121T000000Z.json,18,3194188,FIMHQ,20
port_calls__20250120T000000Z__20250121T000000Z.json,19,3194631,FINLI,40
port_calls__20250120T000000Z__20250121T000000Z.json,20,3195256,FIMHQ,20
port_calls__20250120T000000Z__20250121T000000Z.json,21,3195271,FIMHQ,20
port_calls__20250120T000000Z__20250121T000000Z.json,22,3196061,FIHEL,20
port_calls__20250120T000000Z__20250121T000000Z.json,23,3196081,FIHEL,20
port_calls__20250120T000000Z__20250121T000000Z.json,24,3196128,FIKEM,70
port_calls__20250120T000000Z__20250121T000000Z.json,25,3196197,FILAN,20
port_calls__20250120T000000Z__20250121T000000Z.json,26,3196366,FIMHQ,20
port_calls__20250120T000000Z__20250121T000000Z.json,27,3196373,FIMHQ,20
port_calls__20250120T000000Z__20250121T000000Z.json,28,3196388,FIMHQ,10
port_calls__20250120T000000Z__20250121T000000Z.json,29,3196389,FIMHQ,20
port_calls__20250120T000000Z__20250121T000000Z.json,30,3196439,FIMHQ,20
port_calls__20250120T000000Z__20250121T000000Z.json,31,3196764,FILAN,20
port_calls__20250120T000000Z__20250121T000000Z.json,32,3197352,FIHEL,40
port_calls__20250120T000000Z__20250121T000000Z.json,33,3197380,FIHKO,40
port_calls__20250120T000000Z__20250121T000000Z.json,34,3197842,FIHEL,50
port_calls__20250120T000000Z__20250121T000000Z.json,35,3198536,FIHEL,20
port_calls__20250120T000000Z__20250121T000000Z.json,36,3198541,FIHEL,20
port_calls__20250120T000000Z__20250121T000000Z.json,37,3198544,FIHEL,20
port_calls__20250120T000000Z__20250121T000000Z.json,38,3198547,FIHEL,20
port_calls__20250120T000000Z__20250121T000000Z.json,39,3198550,FIHEL,20
port_calls__20250120T000000Z__20250121T000000Z.json,40,3198552,FIHEL,20
port_calls__20250120T000000Z__20250121T000000Z.json,41,3198651,FIMHQ,20
port_calls__20250120T000000Z__20250121T000000Z.json,42,3198678,FIHEL,20
port_calls__20250120T000000Z__20250121T000000Z.json,43,3198869,FIHKO,40
port_calls__20250120T000000Z__20250121T000000Z.json,44,3198870,FIKTK,40
port_calls__20250120T000000Z__20250121T000000Z.json,45,3198871,FIHKO,40
port_calls__20250120T000000Z__20250121T000000Z.json,46,3199049,FIKEM,70
port_calls__20250120T000000Z__20250121T000000Z.json,47,3199570,FIKTK,50
port_calls__20250120T000000Z__20250121T000000Z.json,48,3199943,FITOR,70
port_calls__20250120T000000Z__20250121T000000Z.json,49,3199945,FITOR,82
port_calls__20250120T000000Z__20250121T000000Z.json,50,3199950,FITOR,70
port_calls__20250120T000000Z__20250121T000000Z.json,51,3199953,FIRAU,70
port_calls__20250120T000000Z__20250121T000000Z.json,52,3200472,FIVAA,20
port_calls__20250120T000000Z__20250121T000000Z.json,53,3200866,FISKV,81
port_calls__20250120T000000Z__20250121T000000Z.json,54,3200948,FIHEL,70
port_calls__20250120T000000Z__20250121T000000Z.json,55,3204322,FIKAS,70
port_calls__20250120T000000Z__20250121T000000Z.json,56,3206266,FIKNT,70
port_calls__20250120T000000Z__20250121T000000Z.json,57,3207683,FIPOR,70
port_calls__20250120T000000Z__20250121T000000Z.json,58,3207790,FIKNT,70
port_calls__20250120T000000Z__20250121T000000Z.json,59,3208138,FIRAA,60
port_calls__20250120T000000Z__20250121T000000Z.json,60,3208223,FIKOK,70
port_calls__20250120T000000Z__20250121T000000Z.json,61,3208227,FINLI,20
port_calls__20250120T000000Z__20250121T000000Z.json,62,3208572,FIKTK,70
port_calls__20250120T000000Z__20250121T000000Z.json,63,3208691,FIVEI,90
port_calls__20250120T000000Z__20250121T000000Z.json,64,3208692,FIVEI,90
port_calls__20250120T000000Z__20250121T000000Z.json,65,3209022,FIINK,60
port_calls__20250120T000000Z__20250121T000000Z.json,66,3209027,FISKV,80
port_calls__20250120T000000Z__20250121T000000Z.json,67,3209102,FILPP,70
port_calls__20250120T000000Z__20250121T000000Z.json,68,3209203,FIVEI,10
port_calls__20250120T000000Z__20250121T000000Z.json,69,3209229,FIHKO,40
port_calls__20250120T000000Z__20250121T000000Z.json,70,3209548,FIANK,80
port_calls__20250121T000000Z__20250122T000000Z.json,1,3189422,FIHEL,20
port_calls__20250121T000000Z__20250122T000000Z.json,2,3189457,FIHEL,20
port_calls__20250121T000000Z__20250122T000000Z.json,3,3189484,FIHEL,20
port_calls__20250121T000000Z__20250122T000000Z.json,4,3189520,FIHEL,40
port_calls__20250121T000000Z__20250122T000000Z.json,5,3189548,FIHEL,40
port_calls__20250121T000000Z__20250122T000000Z.json,6,3189565,FIHEL,40
port_calls__20250121T000000Z__20250122T000000Z.json,7,3190790,FITKU,20
port_calls__20250121T000000Z__20250122T000000Z.json,8,3190941,FITKU,20
port_calls__20250121T000000Z__20250122T000000Z.json,9,3192951,FIECK,20
port_calls__20250121T000000Z__20250122T000000Z.json,10,3192973,FIECK,20
port_calls__20250121T000000Z__20250122T000000Z.json,11,3192995,FIECK,20
port_calls__20250121T000000Z__20250122T000000Z.json,12,3194632,FINLI,40
port_calls__20250121T000000Z__20250122T000000Z.json,13,3194654,FILAN,40
port_calls__20250121T000000Z__20250122T000000Z.json,14,3195088,FIOUL,83
port_calls__20250121T000000Z__20250122T000000Z.json,15,3196023,FIHEL,20
port_calls__20250121T000000Z__20250122T000000Z.json,16,3196062,FIHEL,20
port_calls__20250121T000000Z__20250122T000000Z.json,17,3196765,FILAN,20
port_calls__20250121T000000Z__20250122T000000Z.json,18,3196773,FILAN,20
port_calls__20250121T000000Z__20250122T000000Z.json,19,3196783,FIMHQ,10
port_calls__20250121T000000Z__20250122T000000Z.json,20,3196790,FIMHQ,20
port_calls__20250121T000000Z__20250122T000000Z.json,21,3196920,FIMHQ,20
port_calls__20250121T000000Z__20250122T000000Z.json,22,3198535,FIHEL,20
port_calls__20250121T000000Z__20250122T000000Z.json,23,3198548,FIHEL,20
port_calls__20250121T000000Z__20250122T000000Z.json,24,3198560,FIHEL,20
port_calls__20250121T000000Z__20250122T000000Z.json,25,3198562,FIHEL,20
port_calls__20250121T000000Z__20250122T000000Z.json,26,3198600,FIHEL,20
port_calls__20250121T000000Z__20250122T000000Z.json,27,3198605,FIHEL,20
port_calls__20250121T000000Z__20250122T000000Z.json,28,3198670,FIHEL,20
port_calls__20250121T000000Z__20250122T000000Z.json,29,3198697,FIHEL,20
port_calls__20250121T000000Z__20250122T000000Z.json,30,3198873,FIRAU,40
port_calls__20250121T000000Z__20250122T000000Z.json,31,3199056,FIHKO,40
port_calls__20250121T000000Z__20250122T000000Z.json,32,3199230,FIRAU,70
port_calls__20250121T000000Z__20250122T000000Z.json,33,3199571,FIHEL,50
port_calls__20250121T000000Z__20250122T000000Z.json,34,3199572,FIKTK,50
port_calls__20250121T000000Z__20250122T000000Z.json,35,3199645,FISKV,80
port_calls__20250121T000000Z__20250122T000000Z.json,36,3199653,FITKU,93
port_calls__20250121T000000Z__20250122T000000Z.json,37,3199946,FIHKO,40
port_calls__20250121T000000Z__20250122T000000Z.json,38,3199952,FISKV,83
port_calls__20250121T000000Z__20250122T000000Z.json,39,3200166,FIKTK,70
port_calls__20250121T000000Z__20250122T000000Z.json,40,3200301,FIKTK,50
port_calls__20250121T000000Z__20250122T000000Z.json,41,3200473,FIPOR,70
port_calls__20250121T000000Z__20250122T000000Z.json,42,3200474,FIVAA,20
port_calls__20250121T000000Z__20250122T000000Z.json,43,3200475,FIVAA,20
port_calls__20250121T000000Z__20250122T000000Z.json,44,3200770,FIKJO,70
port_calls__20250121T000000Z__20250122T000000Z.json,45,3201119,FISKV,80
port_calls__20250121T000000Z__20250122T000000Z.json,46,3201786,FIHEL,50
port_calls__20250121T000000Z__20250122T000000Z.json,47,3203739,FIKOK,90
port_calls__20250121T000000Z__20250122T000000Z.json,48,3204280,FIVAA,83
port_calls__20250121T000000Z__20250122T000000Z.json,49,3204804,FIHEL,50
port_calls__20250121T000000Z__20250122T000000Z.json,50,3204805,FIKTK,40
port_calls__20250121T000000Z__20250122T000000Z.json,51,3205603,FINLI,20
port_calls__20250121T000000Z__20250122T000000Z.json,52,3205617,FILAN,20
port_calls__20250121T000000Z__20250122T000000Z.json,53,3205618,FILAN,20
port_calls__20250121T000000Z__20250122T000000Z.json,54,3205800,FILAN,20
port_calls__20250121T000000Z__20250122T000000Z.json,55,3205823,FINLI,20
port_calls__20250121T000000Z__20250122T000000Z.json,56,3205845,FILAN,20
port_calls__20250121T000000Z__20250122T000000Z.json,57,3206757,FIUKI,70
port_calls__20250121T000000Z__20250122T000000Z.json,58,3206758,FIUKI,70
port_calls__20250121T000000Z__20250122T000000Z.json,59,3207553,FITKU,91
port_calls__20250121T000000Z__20250122T000000Z.json,60,3207603,FIPOR,70
port_calls__20250121T000000Z__20250122T000000Z.json,61,3207906,FISKV,81
port_calls__20250121T000000Z__20250122T000000Z.json,62,3208162,FISKV,80
port_calls__20250121T000000Z__20250122T000000Z.json,63,3208243,FIKOK,60
port_calls__20250121T000000Z__20250122T000000Z.json,64,3208451,FIHEL,70
port_calls__20250121T000000Z__20250122T000000Z.json,65,3208892,FIKTK,70
port_calls__20250121T000000Z__20250122T000000Z.json,66,3209091,FIKTK,70
port_calls__20250121T000000Z__20250122T000000Z.json,67,3209098,FIFAR,70
port_calls__20250121T000000Z__20250122T000000Z.json,68,3209113,FITKU,93
port_calls__20250121T000000Z__20250122T000000Z.json,69,3209133,FIRAA,70
port_calls__20250121T000000Z__20250122T000000Z.json,70,3209161,FIKOK,80
port_calls__20250121T000000Z__20250122T000000Z.json,71,3209189,FIHEL,40
port_calls__20250121T000000Z__20250122T000000Z.json,72,3209201,FIANK,60
port_calls__20250121T000000Z__20250122T000000Z.json,73,3209266,FIVEI,10
port_calls__20250121T000000Z__20250122T000000Z.json,74,3209292,FIVEI,90
port_calls__20250121T000000Z__20250122T000000Z.json,75,3209296,FIVEI,90
port_calls__20250121T000000Z__20250122T000000Z.json,76,3209326,FIKTK,94
port_calls__20250121T000000Z__20250122T000000Z.json,77,3209333,FIKTK,93
port_calls__20250121T000000Z__20250122T000000Z.json,78,3209417,FITKU,91
port_calls__20250121T000000Z__20250122T000000Z.json,79,3209427,FIANK,70
port_calls__20250121T000000Z__20250122T000000Z.json,80,3209480,FIANK,83
port_calls__20250121T000000Z__20250122T000000Z.json,81,3209745,FIVRK,70
port_calls__20250122T000000Z__20250123T000000Z.json,1,3180651,FIHKO,40
port_calls__20250122T000000Z__20250123T000000Z.json,2,3189423,FIHEL,20
port_calls__20250122T000000Z__20250123T000000Z.json,3,3189458,FIHEL,20
port_calls__20250122T000000Z__20250123T000000Z.json,4,3189485,FIHEL,20
port_calls__20250122T000000Z__20250123T000000Z.json,5,3189521,FIHEL,40
port_calls__20250122T000000Z__20250123T000000Z.json,6,3189549,FIHEL,40
port_calls__20250122T000000Z__20250123T000000Z.json,7,3189566,FIHEL,40
port_calls__20250122T000000Z__20250123T000000Z.json,8,3190791,FITKU,20
port_calls__20250122T000000Z__20250123T000000Z.json,9,3190942,FITKU,20
port_calls__20250122T000000Z__20250123T000000Z.json,10,3191564,FIHEL,20
port_calls__20250122T000000Z__20250123T000000Z.json,11,3192904,FITKU,91
port_calls__20250122T000000Z__20250123T000000Z.json,12,3192905,FITKU,93
port_calls__20250122T000000Z__20250123T000000Z.json,13,3192952,FIECK,20
port_calls__20250122T000000Z__20250123T000000Z.json,14,3192974,FIECK,20
port_calls__20250122T000000Z__20250123T000000Z.json,15,3192996,FIECK,20
port_calls__20250122T000000Z__20250123T000000Z.json,16,3193941,FITKU,20
port_calls__20250122T000000Z__20250123T000000Z.json,17,3193942,FILAN,20
port_calls__20250122T000000Z__20250123T000000Z.json,18,3194055,FILAN,20
port_calls__20250122T000000Z__20250123T000000Z.json,19,3194633,FINLI,40
port_calls__20250122T000000Z__20250123T000000Z.json,20,3194655,FILAN,40
port_calls__20250122T000000Z__20250123T000000Z.json,21,3195275,FIMHQ,20
port_calls__20250122T000000Z__20250123T000000Z.json,22,3195276,FIMHQ,20
port_calls__20250122T000000Z__20250123T000000Z.json,23,3196211,FISKV,80
port_calls__20250122T000000Z__20250123T000000Z.json,24,3196766,FILAN,20
port_calls__20250122T000000Z__20250123T000000Z.json,25,3196774,FILAN,20
port_calls__20250122T000000Z__20250123T000000Z.json,26,3196784,FIMHQ,10
port_calls__20250122T000000Z__20250123T000000Z.json,27,3196791,FIMHQ,20
port_calls__20250122T000000Z__20250123T000000Z.json,28,3196921,FIMHQ,20
port_calls__20250122T000000Z__20250123T000000Z.json,29,3197441,FIHKO,40
port_calls__20250122T000000Z__20250123T000000Z.json,30,3198534,FIHEL,20
port_calls__20250122T000000Z__20250123T000000Z.json,31,3198543,FIHEL,20
port_calls__20250122T000000Z__20250123T000000Z.json,32,3198546,FIHEL,20
port_calls__20250122T000000Z__20250123T000000Z.json,33,3198549,FIHEL,20
port_calls__20250122T000000Z__20250123T000000Z.json,34,3198573,FIHEL,20
port_calls__20250122T000000Z__20250123T000000Z.json,35,3198585,FIHEL,20
port_calls__20250122T000000Z__20250123T000000Z.json,36,3198638,FIHEL,20
port_calls__20250122T000000Z__20250123T000000Z.json,37,3198661,FIMHQ,20
port_calls__20250122T000000Z__20250123T000000Z.json,38,3198663,FIMHQ,20
port_calls__20250122T000000Z__20250123T000000Z.json,39,3198867,FIKTK,40
port_calls__20250122T000000Z__20250123T000000Z.json,40,3198872,FIHKO,40
port_calls__20250122T000000Z__20250123T000000Z.json,41,3199277,FIOUL,70
port_calls__20250122T000000Z__20250123T000000Z.json,42,3199573,FIKTK,50
port_calls__20250122T000000Z__20250123T000000Z.json,43,3199840,FIKTK,70
port_calls__20250122T000000Z__20250123T000000Z.json,44,3199947,FIHKO,40
port_calls__20250122T000000Z__20250123T000000Z.json,45,3199948,FIHKO,40
port_calls__20250122T000000Z__20250123T000000Z.json,46,3199951,FIPOR,70
port_calls__20250122T000000Z__20250123T000000Z.json,47,3200660,FIKTK,70
port_calls__20250122T000000Z__20250123T000000Z.json,48,3200947,FIFOR,80
port_calls__20250122T000000Z__20250123T000000Z.json,49,3201047,FIHEL,50
port_calls__20250122T000000Z__20250123T000000Z.json,50,3201510,FIKTK,70
port_calls__20250122T000000Z__20250123T000000Z.json,51,3201778,FIHEL,50
port_calls__20250122T000000Z__20250123T000000Z.json,52,3203581,FITKU,70
port_calls__20250122T000000Z__20250123T000000Z.json,53,3203793,FIKTK,70
port_calls__20250122T000000Z__20250123T000000Z.json,54,3204161,FIKTK,60
port_calls__20250122T000000Z__20250123T000000Z.json,55,3204806,FIKTK,40
port_calls__20250122T000000Z__20250123T000000Z.json,56,3205575,FILAN,20
port_calls__20250122T000000Z__20250123T000000Z.json,57,3205577,FINLI,20
port_calls__20250122T000000Z__20250123T000000Z.json,58,3205580,FILAN,20
port_calls__20250122T000000Z__20250123T000000Z.json,59,3205772,FILAN,20
port_calls__20250122T000000Z__20250123T000000Z.json,60,3205841,FINLI,20
port_calls__20250122T000000Z__20250123T000000Z.json,61,3205911,FILAN,20
port_calls__20250122T000000Z__20250123T000000Z.json,62,3206305,FIINK,70
port_calls__20250122T000000Z__20250123T000000Z.json,63,3207816,FIKEM,70
port_calls__20250122T000000Z__20250123T000000Z.json,64,3207835,FITOR,70
port_calls__20250122T000000Z__20250123T000000Z.json,65,3208175,FIHKO,44
port_calls__20250122T000000Z__20250123T000000Z.json,66,3208244,FIKOK,95
port_calls__20250122T000000Z__20250123T000000Z.json,67,3208245,FIKOK,70
port_calls__20250122T000000Z__20250123T000000Z.json,68,3208897,FIKOK,94
port_calls__20250122T000000Z__20250123T000000Z.json,69,3208943,FIKTK,70
port_calls__20250122T000000Z__20250123T000000Z.json,70,3208973,FIRAA,80
port_calls__20250122T000000Z__20250123T000000Z.json,71,3209001,FISKV,80
port_calls__20250122T000000Z__20250123T000000Z.json,72,3209131,FIKTK,60
port_calls__20250122T000000Z__20250123T000000Z.json,73,3209132,FIKTK,70
port_calls__20250122T000000Z__20250123T000000Z.json,74,3209140,FIRAU,50
port_calls__20250122T000000Z__20250123T000000Z.json,75,3209153,FISKV,81
port_calls__20250122T000000Z__20250123T000000Z.json,76,3209168,FISKV,83
port_calls__20250122T000000Z__20250123T000000Z.json,77,3209262,FIRAA,70
port_calls__20250122T000000Z__20250123T000000Z.json,78,3209263,FIVAA,20
port_calls__20250122T000000Z__20250123T000000Z.json,79,3209304,FIVAA,20
port_calls__20250122T000000Z__20250123T000000Z.json,80,3209432,FIANK,81
port_calls__20250122T000000Z__20250123T000000Z.json,81,3209445,FIANK,80
port_calls__20250122T000000Z__20250123T000000Z.json,82,3209450,FIKTK,70
port_calls__20250122T000000Z__20250123T000000Z.json,83,3209533,FIHEL,20
port_calls__20250122T000000Z__20250123T000000Z.json,84,3209549,FIHEL,20
port_calls__20250122T000000Z__20250123T000000Z.json,85,3209570,FIMHQ,20
port_calls__20250122T000000Z__20250123T000000Z.json,86,3209577,FIVEI,10
port_calls__20250122T000000Z__20250123T000000Z.json,87,3209609,FIMHQ,20
port_calls__20250122T000000Z__20250123T000000Z.json,88,3209620,FIVEI,90
port_calls__20250122T000000Z__20250123T000000Z.json,89,3209621,FIVEI,90
port_calls__20250122T000000Z__20250123T000000Z.json,90,3209802,FIANK,60
port_calls__20250122T000000Z__20250123T000000Z.json,91,3209814,FIIMA,70
port_calls__20250122T000000Z__20250123T000000Z.json,92,3209870,FIKOK,91
port_calls__20250122T000000Z__20250123T000000Z.json,93,3209971,FIANK,70
port_calls__20250122T000000Z__20250123T000000Z.json,94,3210267,FIANK,80
port_calls__20250123T000000Z__20250124T000000Z.json,1,3189424,FIHEL,20
port_calls__20250123T000000Z__20250124T000000Z.json,2,3189459,FIHEL,20
port_calls__20250123T000000Z__20250124T000000Z.json,3,3189486,FIHEL,20
port_calls__20250123T000000Z__20250124T000000Z.json,4,3189522,FIHEL,40
port_calls__20250123T000000Z__20250124T000000Z.json,5,3189550,FIHEL,40
port_calls__20250123T000000Z__20250124T000000Z.json,6,3189567,FIHEL,40
port_calls__20250123T000000Z__20250124T000000Z.json,7,3190792,FITKU,20
port_calls__20250123T000000Z__20250124T000000Z.json,8,3190943,FITKU,20
port_calls__20250123T000000Z__20250124T000000Z.json,9,3191458,FIHEL,20
port_calls__20250123T000000Z__20250124T000000Z.json,10,3192534,FIHEL,60
port_calls__20250123T000000Z__20250124T000000Z.json,11,3192953,FIECK,20
port_calls__20250123T000000Z__20250124T000000Z.json,12,3192975,FIECK,20
port_calls__20250123T000000Z__20250124T000000Z.json,13,3192997,FIECK,20
port_calls__20250123T000000Z__20250124T000000Z.json,14,3193890,FILAN,20
port_calls__20250123T000000Z__20250124T000000Z.json,15,3194027,FITKU,20
port_calls__20250123T000000Z__20250124T000000Z.json,16,3194106,FIMHQ,20
port_calls__20250123T000000Z__20250124T000000Z.json,17,3194634,FINLI,40
port_calls__20250123T000000Z__20250124T000000Z.json,18,3194656,FILAN,40
port_calls__20250123T000000Z__20250124T000000Z.json,19,3196767,FILAN,20
port_calls__20250123T000000Z__20250124T000000Z.json,20,3196775,FILAN,20
port_calls__20250123T000000Z__20250124T000000Z.json,21,3196785,FIMHQ,10
port_calls__20250123T000000Z__20250124T000000Z.json,22,3196792,FIMHQ,20
port_calls__20250123T000000Z__20250124T000000Z.json,23,3196922,FIMHQ,20
port_calls__20250123T000000Z__20250124T000000Z.json,24,3197403,FIHKO,40
port_calls__20250123T000000Z__20250124T000000Z.json,25,3197823,FIKTK,50
port_calls__20250123T000000Z__20250124T000000Z.json,26,3198204,FIRAU,50
port_calls__20250123T000000Z__20250124T000000Z.json,27,3198553,FIHEL,20
port_calls__20250123T000000Z__20250124T000000Z.json,28,3198554,FIHEL,20
port_calls__20250123T000000Z__20250124T000000Z.json,29,3198555,FIHEL,20
port_calls__20250123T000000Z__20250124T000000Z.json,30,3198558,FIHEL,20
port_calls__20250123T000000Z__20250124T000000Z.json,31,3198568,FIHEL,20
port_calls__20250123T000000Z__20250124T000000Z.json,32,3198569,FIHEL,20
port_calls__20250123T000000Z__20250124T000000Z.json,33,3198647,FIHEL,20
port_calls__20250123T000000Z__20250124T000000Z.json,34,3198655,FIHEL,20
port_calls__20250123T000000Z__20250124T000000Z.json,35,3199557,FIKTK,70
port_calls__20250123T000000Z__20250124T000000Z.json,36,3199949,FIHKO,40
port_calls__20250123T000000Z__20250124T000000Z.json,37,3200088,FISKV,80
port_calls__20250123T000000Z__20250124T000000Z.json,38,3200482,FIHEL,50
port_calls__20250123T000000Z__20250124T000000Z.json,39,3201048,FIOUL,80
port_calls__20250123T000000Z__20250124T000000Z.json,40,3201787,FIRAU,50
port_calls__20250123T000000Z__20250124T000000Z.json,41,3203911,FIHEL,70
port_calls__20250123T000000Z__20250124T000000Z.json,42,3204167,FIKOK,70
port_calls__20250123T000000Z__20250124T000000Z.json,43,3204478,FIRAU,80
port_calls__20250123T000000Z__20250124T000000Z.json,44,3205582,FILAN,20
port_calls__20250123T000000Z__20250124T000000Z.json,45,3205598,FINLI,20
port_calls__20250123T000000Z__20250124T000000Z.json,46,3205625,FILAN,20
port_calls__20250123T000000Z__20250124T000000Z.json,47,3205794,FINLI,20
port_calls__20250123T000000Z__20250124T000000Z.json,48,3205837,FILAN,20
port_calls__20250123T000000Z__20250124T000000Z.json,49,3205852,FILAN,20
port_calls__20250123T000000Z__20250124T000000Z.json,50,3206259,FIKOK,60
port_calls__20250123T000000Z__20250124T000000Z.json,51,3206321,FIKNT,70
port_calls__20250123T000000Z__20250124T000000Z.json,52,3207488,FIHKO,40
port_calls__20250123T000000Z__20250124T000000Z.json,53,3207780,FIRAU,70
port_calls__20250123T000000Z__20250124T000000Z.json,54,3207836,FITOR,70
port_calls__20250123T000000Z__20250124T000000Z.json,55,3208440,FIOUL,40
port_calls__20250123T000000Z__20250124T000000Z.json,56,3208912,FIKOK,70
port_calls__20250123T000000Z__20250124T000000Z.json,57,3208946,FIVAA,70
port_calls__20250123T000000Z__20250124T000000Z.json,58,3209019,FISKV,80
port_calls__20250123T000000Z__20250124T000000Z.json,59,3209141,FIKTK,70
port_calls__20250123T000000Z__20250124T000000Z.json,60,3209169,FINLI,70
port_calls__20250123T000000Z__20250124T000000Z.json,61,3209305,FIVAA,20
port_calls__20250123T000000Z__20250124T000000Z.json,62,3209429,FIINK,70
port_calls__20250123T000000Z__20250124T000000Z.json,63,3209430,FIKTK,70
port_calls__20250123T000000Z__20250124T000000Z.json,64,3209525,FIHEL,20
port_calls__20250123T000000Z__20250124T000000Z.json,65,3209534,FIHEL,20
port_calls__20250123T000000Z__20250124T000000Z.json,66,3209550,FIHEL,20
port_calls__20250123T000000Z__20250124T000000Z.json,67,3209623,FIRAA,70
port_calls__20250123T000000Z__20250124T000000Z.json,68,3209772,FIKOK,50
port_calls__20250123T000000Z__20250124T000000Z.json,69,3209856,FIRAA,70
port_calls__20250123T000000Z__20250124T000000Z.json,70,3209895,FIANK,80
port_calls__20250123T000000Z__20250124T000000Z.json,71,3209924,FIANK,83
port_calls__20250123T000000Z__20250124T000000Z.json,72,3210019,FIVEI,10
port_calls__20250123T000000Z__20250124T000000Z.json,73,3210044,FINLI,70
port_calls__20250123T000000Z__20250124T000000Z.json,74,3210115,FIVEI,90
port_calls__20250123T000000Z__20250124T000000Z.json,75,3210116,FIVEI,90
port_calls__20250123T000000Z__20250124T000000Z.json,76,3210188,FITKU,91
port_calls__20250123T000000Z__20250124T000000Z.json,77,3210210,FISVL,70
port_calls__20250123T000000Z__20250124T000000Z.json,78,3210291,FIANK,60
port_calls__20250123T000000Z__20250124T000000Z.json,79,3210420,FIANK,81
port_calls__20250123T000000Z__20250124T000000Z.json,80,3210507,FIANK,81
port_calls__20250123T000000Z__20250124T000000Z.json,81,3246777,FITKU,90
port_calls__20250124T000000Z__20250125T000000Z.json,1,3189164,FIHEL,40
port_calls__20250124T000000Z__20250125T000000Z.json,2,3189425,FIHEL,20
port_calls__20250124T000000Z__20250125T000000Z.json,3,3189460,FIHEL,20
port_calls__20250124T000000Z__20250125T000000Z.json,4,3189487,FIHEL,20
port_calls__20250124T000000Z__20250125T000000Z.json,5,3189523,FIHEL,40
port_calls__20250124T000000Z__20250125T000000Z.json,6,3189551,FIHEL,40
port_calls__20250124T000000Z__20250125T000000Z.json,7,3189568,FIHEL,40
port_calls__20250124T000000Z__20250125T000000Z.json,8,3190793,FITKU,20
port_calls__20250124T000000Z__20250125T000000Z.json,9,3190944,FITKU,20
port_calls__20250124T000000Z__20250125T000000Z.json,10,3191607,FIHEL,20
port_calls__20250124T000000Z__20250125T000000Z.json,11,3192954,FIECK,20
port_calls__20250124T000000Z__20250125T000000Z.json,12,3192976,FIECK,20
port_calls__20250124T000000Z__20250125T000000Z.json,13,3192998,FIECK,20
port_calls__20250124T000000Z__20250125T000000Z.json,14,3193977,FITKU,20
port_calls__20250124T000000Z__20250125T000000Z.json,15,3194040,FILAN,20
port_calls__20250124T000000Z__20250125T000000Z.json,16,3194635,FINLI,40
port_calls__20250124T000000Z__20250125T000000Z.json,17,3194657,FILAN,40
port_calls__20250124T000000Z__20250125T000000Z.json,18,3195266,FIMHQ,20
port_calls__20250124T000000Z__20250125T000000Z.json,19,3196776,FILAN,20
port_calls__20250124T000000Z__20250125T000000Z.json,20,3196786,FIMHQ,10
port_calls__20250124T000000Z__20250125T000000Z.json,21,3196793,FIMHQ,20
port_calls__20250124T000000Z__20250125T000000Z.json,22,3196923,FIMHQ,20
port_calls__20250124T000000Z__20250125T000000Z.json,23,3198539,FIHEL,20
port_calls__20250124T000000Z__20250125T000000Z.json,24,3198542,FIHEL,20
port_calls__20250124T000000Z__20250125T000000Z.json,25,3198567,FIHEL,20
port_calls__20250124T000000Z__20250125T000000Z.json,26,3198570,FIHEL,20
port_calls__20250124T000000Z__20250125T000000Z.json,27,3198575,FIHEL,20
port_calls__20250124T000000Z__20250125T000000Z.json,28,3198579,FIHEL,20
port_calls__20250124T000000Z__20250125T000000Z.json,29,3198653,FIMHQ,20
port_calls__20250124T000000Z__20250125T000000Z.json,30,3198659,FIHEL,20
port_calls__20250124T000000Z__20250125T000000Z.json,31,3199316,FITKU,40
port_calls__20250124T000000Z__20250125T000000Z.json,32,3199574,FIHEL,50
port_calls__20250124T000000Z__20250125T000000Z.json,33,3200483,FIKTK,50
port_calls__20250124T000000Z__20250125T000000Z.json,34,3200486,FIKTK,50
port_calls__20250124T000000Z__20250125T000000Z.json,35,3200618,FISKV,83
port_calls__20250124T000000Z__20250125T000000Z.json,36,3203753,FIHKO,40
port_calls__20250124T000000Z__20250125T000000Z.json,37,3203904,FIKTK,60
port_calls__20250124T000000Z__20250125T000000Z.json,38,3204501,FIPOR,80
port_calls__20250124T000000Z__20250125T000000Z.json,39,3205290,FIRAU,50
port_calls__20250124T000000Z__20250125T000000Z.json,40,3205581,FILAN,20
port_calls__20250124T000000Z__20250125T000000Z.json,41,3205615,FINLI,20
port_calls__20250124T000000Z__20250125T000000Z.json,42,3205636,FILAN,20
port_calls__20250124T000000Z__20250125T000000Z.json,43,3205790,FILAN,20
port_calls__20250124T000000Z__20250125T000000Z.json,44,3205805,FINLI,20
port_calls__20250124T000000Z__20250125T000000Z.json,45,3205903,FILAN,20
port_calls__20250124T000000Z__20250125T000000Z.json,46,3207827,FIKEM,40
port_calls__20250124T000000Z__20250125T000000Z.json,47,3209002,FIKTK,80
port_calls__20250124T000000Z__20250125T000000Z.json,48,3209059,FIUKI,70
port_calls__20250124T000000Z__20250125T000000Z.json,49,3209114,FIKAS,40
port_calls__20250124T000000Z__20250125T000000Z.json,50,3209118,FINLI,70
port_calls__20250124T000000Z__20250125T000000Z.json,51,3209142,FIKTK,80
port_calls__20250124T000000Z__20250125T000000Z.json,52,3209306,FIVAA,20
port_calls__20250124T000000Z__20250125T000000Z.json,53,3209314,FIVAA,20
port_calls__20250124T000000Z__20250125T000000Z.json,54,3209446,FIRAU,40
port_calls__20250124T000000Z__20250125T000000Z.json,55,3209481,FIKTK,70
port_calls__20250124T000000Z__20250125T000000Z.json,56,3209535,FIHEL,20
port_calls__20250124T000000Z__20250125T000000Z.json,57,3209551,FIHEL,20
port_calls__20250124T000000Z__20250125T000000Z.json,58,3209571,FIMHQ,20
port_calls__20250124T000000Z__20250125T000000Z.json,59,3209760,FIKAS,70
port_calls__20250124T000000Z__20250125T000000Z.json,60,3209799,FIHKO,70
port_calls__20250124T000000Z__20250125T000000Z.json,61,3209929,FISKV,83
port_calls__20250124T000000Z__20250125T000000Z.json,62,3210369,FIKTK,70
port_calls__20250124T000000Z__20250125T000000Z.json,63,3210429,FIVEI,10
port_calls__20250124T000000Z__20250125T000000Z.json,64,3210487,FIVEI,90
port_calls__20250124T000000Z__20250125T000000Z.json,65,3210488,FIVEI,90
port_calls__20250124T000000Z__20250125T000000Z.json,66,3210497,FIRAA,70
port_calls__20250124T000000Z__20250125T000000Z.json,67,3210651,FIANK,70
port_calls__20250124T000000Z__20250125T000000Z.json,68,3210655,FIVRK,70
port_calls__20250124T000000Z__20250125T000000Z.json,69,3210791,FIMHQ,20
port_calls__20250125T000000Z__20250126T000000Z.json,1,3180686,FIHKO,40
port_calls__20250125T000000Z__20250126T000000Z.json,2,3189426,FIHEL,20
port_calls__20250125T000000Z__20250126T000000Z.json,3,3189436,FIHEL,20
port_calls__20250125T000000Z__20250126T000000Z.json,4,3189461,FIHEL,20
port_calls__20250125T000000Z__20250126T000000Z.json,5,3190794,FITKU,20
port_calls__20250125T000000Z__20250126T000000Z.json,6,3190945,FITKU,20
port_calls__20250125T000000Z__20250126T000000Z.json,7,3191551,FIHEL,20
port_calls__20250125T000000Z__20250126T000000Z.json,8,3192955,FIECK,20
port_calls__20250125T000000Z__20250126T000000Z.json,9,3192977,FIECK,20
port_calls__20250125T000000Z__20250126T000000Z.json,10,3192999,FIECK,20
port_calls__20250125T000000Z__20250126T000000Z.json,11,3193162,FIHKO,40
port_calls__20250125T000000Z__20250126T000000Z.json,12,3193947,FITKU,20
port_calls__20250125T000000Z__20250126T000000Z.json,13,3194121,FILAN,20
port_calls__20250125T000000Z__20250126T000000Z.json,14,3194658,FILAN,40
port_calls__20250125T000000Z__20250126T000000Z.json,15,3196769,FILAN,20
port_calls__20250125T000000Z__20250126T000000Z.json,16,3196787,FIMHQ,10
port_calls__20250125T000000Z__20250126T000000Z.json,17,3196794,FIMHQ,20
port_calls__20250125T000000Z__20250126T000000Z.json,18,3196924,FIMHQ,20
port_calls__20250125T000000Z__20250126T000000Z.json,19,3197503,FIHKO,40
port_calls__20250125T000000Z__20250126T000000Z.json,20,3198540,FIHEL,20
port_calls__20250125T000000Z__20250126T000000Z.json,21,3198545,FIHEL,20
port_calls__20250125T000000Z__20250126T000000Z.json,22,3198556,FIHEL,20
port_calls__20250125T000000Z__20250126T000000Z.json,23,3198571,FIHEL,20
port_calls__20250125T000000Z__20250126T000000Z.json,24,3198592,FIHEL,20
port_calls__20250125T000000Z__20250126T000000Z.json,25,3198630,FIHEL,20
port_calls__20250125T000000Z__20250126T000000Z.json,26,3198672,FIHEL,20
port_calls__20250125T000000Z__20250126T000000Z.json,27,3199586,FISKV,81
port_calls__20250125T000000Z__20250126T000000Z.json,28,3201050,FIVAA,80
port_calls__20250125T000000Z__20250126T000000Z.json,29,3201788,FIRAU,50
port_calls__20250125T000000Z__20250126T000000Z.json,30,3204279,FIDLS,70
port_calls__20250125T000000Z__20250126T000000Z.json,31,3205593,FINLI,20
port_calls__20250125T000000Z__20250126T000000Z.json,32,3205780,FINLI,20
port_calls__20250125T000000Z__20250126T000000Z.json,33,3207487,FIHKO,40
port_calls__20250125T000000Z__20250126T000000Z.json,34,3207838,FITOR,50
port_calls__20250125T000000Z__20250126T000000Z.json,35,3208881,FIHKO,40
port_calls__20250125T000000Z__20250126T000000Z.json,36,3209117,FIVAA,60
port_calls__20250125T000000Z__20250126T000000Z.json,37,3209162,FIKTK,70
port_calls__20250125T000000Z__20250126T000000Z.json,38,3209268,FIPAR,70
port_calls__20250125T000000Z__20250126T000000Z.json,39,3209327,FIVAA,20
port_calls__20250125T000000Z__20250126T000000Z.json,40,3209331,FIRAA,60
port_calls__20250125T000000Z__20250126T000000Z.json,41,3209332,FIKTK,70
port_calls__20250125T000000Z__20250126T000000Z.json,42,3209489,FIKTK,70
port_calls__20250125T000000Z__20250126T000000Z.json,43,3209526,FIHEL,20
port_calls__20250125T000000Z__20250126T000000Z.json,44,3209536,FIHEL,20
port_calls__20250125T000000Z__20250126T000000Z.json,45,3209552,FIHEL,20
port_calls__20250125T000000Z__20250126T000000Z.json,46,3209852,FIPRS,70
port_calls__20250125T000000Z__20250126T000000Z.json,47,3209854,FISKV,82
port_calls__20250125T000000Z__20250126T000000Z.json,48,3209863,FIKTK,60
port_calls__20250125T000000Z__20250126T000000Z.json,49,3209871,FIKTK,70
port_calls__20250125T000000Z__20250126T000000Z.json,50,3209916,FISKV,80
port_calls__20250125T000000Z__20250126T000000Z.json,51,3210253,FIKTK,80
port_calls__20250125T000000Z__20250126T000000Z.json,52,3210377,FIPRS,70
port_calls__20250125T000000Z__20250126T000000Z.json,53,3210380,FISKV,80
port_calls__20250125T000000Z__20250126T000000Z.json,54,3210408,FIKEM,70
port_calls__20250125T000000Z__20250126T000000Z.json,55,3210587,FIPRS,40
port_calls__20250125T000000Z__20250126T000000Z.json,56,3210635,FIANK,70
port_calls__20250125T000000Z__20250126T000000Z.json,57,3210654,FIANK,70
port_calls__20250125T000000Z__20250126T000000Z.json,58,3210697,FIVEI,10
port_calls__20250125T000000Z__20250126T000000Z.json,59,3210718,FIVEI,90
port_calls__20250125T000000Z__20250126T000000Z.json,60,3210719,FIVEI,90
port_calls__20250125T000000Z__20250126T000000Z.json,61,3210736,FILPP,70
port_calls__20250125T000000Z__20250126T000000Z.json,62,3210800,FIANK,80
port_calls__20250125T000000Z__20250126T000000Z.json,63,3210803,FIANK,80
port_calls__20250125T000000Z__20250126T000000Z.json,64,3210810,FIANK,80
port_calls__20250125T000000Z__20250126T000000Z.json,65,3210819,FIRAA,91
port_calls__20250125T000000Z__20250126T000000Z.json,66,3211242,FIMHQ,20
port_calls__20250125T000000Z__20250126T000000Z.json,67,3211272,FIANK,60
port_calls__20250126T000000Z__20250127T000000Z.json,1,3189427,FIHEL,20
port_calls__20250126T000000Z__20250127T000000Z.json,2,3189488,FIHEL,20
port_calls__20250126T000000Z__20250127T000000Z.json,3,3189552,FIHEL,40
port_calls__20250126T000000Z__20250127T000000Z.json,4,3190795,FITKU,20
port_calls__20250126T000000Z__20250127T000000Z.json,5,3190946,FITKU,20
port_calls__20250126T000000Z__20250127T000000Z.json,6,3191476,FIHEL,20
port_calls__20250126T000000Z__20250127T000000Z.json,7,3192956,FIECK,20
port_calls__20250126T000000Z__20250127T000000Z.json,8,3192978,FIECK,20
port_calls__20250126T000000Z__20250127T000000Z.json,9,3193000,FIECK,20
port_calls__20250126T000000Z__20250127T000000Z.json,10,3193981,FITKU,20
port_calls__20250126T000000Z__20250127T000000Z.json,11,3194008,FILAN,20
port_calls__20250126T000000Z__20250127T000000Z.json,12,3194069,FIMHQ,20
port_calls__20250126T000000Z__20250127T000000Z.json,13,3195264,FIMHQ,20
port_calls__20250126T000000Z__20250127T000000Z.json,14,3196770,FILAN,20
port_calls__20250126T000000Z__20250127T000000Z.json,15,3196778,FILAN,20
port_calls__20250126T000000Z__20250127T000000Z.json,16,3196788,FIMHQ,10
port_calls__20250126T000000Z__20250127T000000Z.json,17,3196795,FIMHQ,20
port_calls__20250126T000000Z__20250127T000000Z.json,18,3196925,FIMHQ,20
port_calls__20250126T000000Z__20250127T000000Z.json,19,3198203,FIHEL,50
port_calls__20250126T000000Z__20250127T000000Z.json,20,3198537,FIHEL,20
port_calls__20250126T000000Z__20250127T000000Z.json,21,3198561,FIHEL,20
port_calls__20250126T000000Z__20250127T000000Z.json,22,3198563,FIHEL,20
port_calls__20250126T000000Z__20250127T000000Z.json,23,3198583,FIHEL,20
port_calls__20250126T000000Z__20250127T000000Z.json,24,3198593,FIHEL,20
port_calls__20250126T000000Z__20250127T000000Z.json,25,3198602,FIHEL,20
port_calls__20250126T000000Z__20250127T000000Z.json,26,3198633,FIHEL,20
port_calls__20250126T000000Z__20250127T000000Z.json,27,3198636,FIMHQ,20
port_calls__20250126T000000Z__20250127T000000Z.json,28,3198668,FIMHQ,20
port_calls__20250126T000000Z__20250127T000000Z.json,29,3199601,FIRAA,70
port_calls__20250126T000000Z__20250127T000000Z.json,30,3200781,FIKTK,70
port_calls__20250126T000000Z__20250127T000000Z.json,31,3201172,FIEJO,70
port_calls__20250126T000000Z__20250127T000000Z.json,32,3203747,FIHKO,40
port_calls__20250126T000000Z__20250127T000000Z.json,33,3204502,FIPOR,82
port_calls__20250126T000000Z__20250127T000000Z.json,34,3205571,FILAN,20
port_calls__20250126T000000Z__20250127T000000Z.json,35,3205572,FINLI,20
port_calls__20250126T000000Z__20250127T000000Z.json,36,3205602,FILAN,20
port_calls__20250126T000000Z__20250127T000000Z.json,37,3205769,FILAN,20
port_calls__20250126T000000Z__20250127T000000Z.json,38,3205797,FINLI,20
port_calls__20250126T000000Z__20250127T000000Z.json,39,3205858,FILAN,20
port_calls__20250126T000000Z__20250127T000000Z.json,40,3207945,FISKV,80
port_calls__20250126T000000Z__20250127T000000Z.json,41,3208887,FIHKO,40
port_calls__20250126T000000Z__20250127T000000Z.json,42,3209124,FIHKO,40
port_calls__20250126T000000Z__20250127T000000Z.json,43,3209143,FISKV,81
port_calls__20250126T000000Z__20250127T000000Z.json,44,3209146,FIINK,70
port_calls__20250126T000000Z__20250127T000000Z.json,45,3209148,FIKTK,83
port_calls__20250126T000000Z__20250127T000000Z.json,46,3209431,FIINK,70
port_calls__20250126T000000Z__20250127T000000Z.json,47,3209444,FIKTK,40
port_calls__20250126T000000Z__20250127T000000Z.json,48,3209491,FIOUL,50
port_calls__20250126T000000Z__20250127T000000Z.json,49,3209509,FIKTK,50
port_calls__20250126T000000Z__20250127T000000Z.json,50,3209537,FIHEL,20
port_calls__20250126T000000Z__20250127T000000Z.json,51,3209553,FIHEL,20
port_calls__20250126T000000Z__20250127T000000Z.json,52,3209564,FISKV,81
port_calls__20250126T000000Z__20250127T000000Z.json,53,3209572,FIMHQ,20
port_calls__20250126T000000Z__20250127T000000Z.json,54,3209611,FIMHQ,20
port_calls__20250126T000000Z__20250127T000000Z.json,55,3209830,FIHEL,50
port_calls__20250126T000000Z__20250127T000000Z.json,56,3209862,FIKTK,60
port_calls__20250126T000000Z__20250127T000000Z.json,57,3209917,FISKV,82
port_calls__20250126T000000Z__20250127T000000Z.json,58,3209930,FINLI,83
port_calls__20250126T000000Z__20250127T000000Z.json,59,3209970,FIVAA,20
port_calls__20250126T000000Z__20250127T000000Z.json,60,3210003,FITOK,70
port_calls__20250126T000000Z__20250127T000000Z.json,61,3210017,FIUKI,70
port_calls__20250126T000000Z__20250127T000000Z.json,62,3210240,FIKEM,90
port_calls__20250126T000000Z__20250127T000000Z.json,63,3210285,FIKTK,70
port_calls__20250126T000000Z__20250127T000000Z.json,64,3210379,FIKOK,80
port_calls__20250126T000000Z__20250127T000000Z.json,65,3210419,FIKJO,70
port_calls__20250126T000000Z__20250127T000000Z.json,66,3210421,FIKAS,70
port_calls__20250126T000000Z__20250127T000000Z.json,67,3210424,FIKTK,70
port_calls__20250126T000000Z__20250127T000000Z.json,68,3210444,FINLI,81
port_calls__20250126T000000Z__20250127T000000Z.json,69,3210572,FISKV,80
port_calls__20250126T000000Z__20250127T000000Z.json,70,3210592,FIPOR,70
port_calls__20250126T000000Z__20250127T000000Z.json,71,3210642,FIKTK,70
port_calls__20250126T000000Z__20250127T000000Z.json,72,3210643,FIANK,60
port_calls__20250126T000000Z__20250127T000000Z.json,73,3210721,FIANK,80
port_calls__20250126T000000Z__20250127T000000Z.json,74,3210735,FIANK,81
port_calls__20250126T000000Z__20250127T000000Z.json,75,3210820,FITKU,70
port_calls__20250126T000000Z__20250127T000000Z.json,76,3211399,FIHEL,20
port_calls__20250127T000000Z__20250128T000000Z.json,1,3189428,FIHEL,20
port_calls__20250127T000000Z__20250128T000000Z.json,2,3189462,FIHEL,20
port_calls__20250127T000000Z__20250128T000000Z.json,3,3189489,FIHEL,20
port_calls__20250127T000000Z__20250128T000000Z.json,4,3189530,FIHEL,40
port_calls__20250127T000000Z__20250128T000000Z.json,5,3189533,FIHEL,40
port_calls__20250127T000000Z__20250128T000000Z.json,6,3189553,FIHEL,40
port_calls__20250127T000000Z__20250128T000000Z.json,7,3190796,FITKU,20
port_calls__20250127T000000Z__20250128T000000Z.json,8,3190947,FITKU,20
port_calls__20250127T000000Z__20250128T000000Z.json,9,3191618,FIHEL,20
port_calls__20250127T000000Z__20250128T000000Z.json,10,3192957,FIECK,20
port_calls__20250127T000000Z__20250128T000000Z.json,11,3192979,FIECK,20
port_calls__20250127T000000Z__20250128T000000Z.json,12,3193001,FIECK,20
port_calls__20250127T000000Z__20250128T000000Z.json,13,3193928,FITKU,20
port_calls__20250127T000000Z__20250128T000000Z.json,14,3193980,FILAN,20
port_calls__20250127T000000Z__20250128T000000Z.json,15,3194092,FIMHQ,20
port_calls__20250127T000000Z__20250128T000000Z.json,16,3194636,FINLI,40
port_calls__20250127T000000Z__20250128T000000Z.json,17,3196779,FILAN,20
port_calls__20250127T000000Z__20250128T000000Z.json,18,3196789,FIMHQ,10
port_calls__20250127T000000Z__20250128T000000Z.json,19,3196796,FIMHQ,20
port_calls__20250127T000000Z__20250128T000000Z.json,20,3196926,FIMHQ,20
port_calls__20250127T000000Z__20250128T000000Z.json,21,3197409,FIHKO,40
port_calls__20250127T000000Z__20250128T000000Z.json,22,3197438,FIHEL,40
port_calls__20250127T000000Z__20250128T000000Z.json,23,3197460,FILAN,20
port_calls__20250127T000000Z__20250128T000000Z.json,24,3198628,FIHEL,20
port_calls__20250127T000000Z__20250128T000000Z.json,25,3198635,FIHEL,20
port_calls__20250127T000000Z__20250128T000000Z.json,26,3198639,FIHEL,20
port_calls__20250127T000000Z__20250128T000000Z.json,27,3198699,FIHEL,20
port_calls__20250127T000000Z__20250128T000000Z.json,28,3198716,FIHEL,20
port_calls__20250127T000000Z__20250128T000000Z.json,29,3198718,FIHEL,20
port_calls__20250127T000000Z__20250128T000000Z.json,30,3198752,FIHEL,20
port_calls__20250127T000000Z__20250128T000000Z.json,31,3198770,FIHEL,20
port_calls__20250127T000000Z__20250128T000000Z.json,32,3200658,FIKTK,70
port_calls__20250127T000000Z__20250128T000000Z.json,33,3201299,FIHEL,50
port_calls__20250127T000000Z__20250128T000000Z.json,34,3203744,FIKTK,40
port_calls__20250127T000000Z__20250128T000000Z.json,35,3205573,FILAN,20
port_calls__20250127T000000Z__20250128T000000Z.json,36,3205825,FILAN,20
port_calls__20250127T000000Z__20250128T000000Z.json,37,3205832,FINLI,20
port_calls__20250127T000000Z__20250128T000000Z.json,38,3207803,FIPOR,80
port_calls__20250127T000000Z__20250128T000000Z.json,39,3207841,FITOR,70
port_calls__20250127T000000Z__20250128T000000Z.json,40,3208883,FIHKO,40
port_calls__20250127T000000Z__20250128T000000Z.json,41,3208884,FIKTK,40
port_calls__20250127T000000Z__20250128T000000Z.json,42,3208886,FIHKO,40
port_calls__20250127T000000Z__20250128T000000Z.json,43,3209144,FIKNT,70
port_calls__20250127T000000Z__20250128T000000Z.json,44,3209145,FIKTK,70
port_calls__20250127T000000Z__20250128T000000Z.json,45,3209454,FIKEM,90
port_calls__20250127T000000Z__20250128T000000Z.json,46,3209527,FIHEL,20
port_calls__20250127T000000Z__20250128T000000Z.json,47,3209532,FITKU,70
port_calls__20250127T000000Z__20250128T000000Z.json,48,3209538,FIHEL,20
port_calls__20250127T000000Z__20250128T000000Z.json,49,3209554,FIHEL,20
port_calls__20250127T000000Z__20250128T000000Z.json,50,3209569,FISKV,80
port_calls__20250127T000000Z__20250128T000000Z.json,51,3209935,FIHEL,90
port_calls__20250127T000000Z__20250128T000000Z.json,52,3210018,FITKU,70
port_calls__20250127T000000Z__20250128T000000Z.json,53,3210041,FITOR,70
port_calls__20250127T000000Z__20250128T000000Z.json,54,3210117,FIHEL,50
port_calls__20250127T000000Z__20250128T000000Z.json,55,3210155,FIRAU,50
port_calls__20250127T000000Z__20250128T000000Z.json,56,3210257,FIINK,70
port_calls__20250127T000000Z__20250128T000000Z.json,57,3210283,FIVAA,20
port_calls__20250127T000000Z__20250128T000000Z.json,58,3210287,FIKTK,70
port_calls__20250127T000000Z__20250128T000000Z.json,59,3210290,FIKTK,70
port_calls__20250127T000000Z__20250128T000000Z.json,60,3210382,FINLI,80
port_calls__20250127T000000Z__20250128T000000Z.json,61,3210385,FITKU,40
port_calls__20250127T000000Z__20250128T000000Z.json,62,3210409,FINLI,70
port_calls__20250127T000000Z__20250128T000000Z.json,63,3210416,FIHKO,60
port_calls__20250127T000000Z__20250128T000000Z.json,64,3210512,FIHEL,70
port_calls__20250127T000000Z__20250128T000000Z.json,65,3210590,FIKEM,80
port_calls__20250127T000000Z__20250128T000000Z.json,66,3210593,FIKTK,50
port_calls__20250127T000000Z__20250128T000000Z.json,67,3210628,FIKTK,70
port_calls__20250127T000000Z__20250128T000000Z.json,68,3210678,FISKV,80
port_calls__20250127T000000Z__20250128T000000Z.json,69,3210739,FIOUL,70
port_calls__20250127T000000Z__20250128T000000Z.json,70,3211181,FIVEI,10
port_calls__20250127T000000Z__20250128T000000Z.json,71,3211182,FIPRS,70
port_calls__20250127T000000Z__20250128T000000Z.json,72,3211186,FIVEI,90
port_calls__20250127T000000Z__20250128T000000Z.json,73,3211187,FIVEI,90
port_calls__20250127T000000Z__20250128T000000Z.json,74,3211210,FIVRK,70
port_calls__20250127T000000Z__20250128T000000Z.json,75,3211471,FIANK,50
port_calls__20250127T000000Z__20250128T000000Z.json,76,3211571,FIKNT,90
port_calls__20250128T000000Z__20250129T000000Z.json,1,3177991,FIHEL,40
port_calls__20250128T000000Z__20250129T000000Z.json,2,3180682,FIHKO,40
port_calls__20250128T000000Z__20250129T000000Z.json,3,3189429,FIHEL,20
port_calls__20250128T000000Z__20250129T000000Z.json,4,3189463,FIHEL,20
port_calls__20250128T000000Z__20250129T000000Z.json,5,3189490,FIHEL,20
port_calls__20250128T000000Z__20250129T000000Z.json,6,3189524,FIHEL,40
port_calls__20250128T000000Z__20250129T000000Z.json,7,3189554,FIHEL,40
port_calls__20250128T000000Z__20250129T000000Z.json,8,3189569,FIHEL,40
port_calls__20250128T000000Z__20250129T000000Z.json,9,3190797,FITKU,20
port_calls__20250128T000000Z__20250129T000000Z.json,10,3190948,FITKU,20
port_calls__20250128T000000Z__20250129T000000Z.json,11,3192958,FIECK,20
port_calls__20250128T000000Z__20250129T000000Z.json,12,3192980,FIECK,20
port_calls__20250128T000000Z__20250129T000000Z.json,13,3193002,FIECK,20
port_calls__20250128T000000Z__20250129T000000Z.json,14,3194637,FINLI,40
port_calls__20250128T000000Z__20250129T000000Z.json,15,3194659,FILAN,40
port_calls__20250128T000000Z__20250129T000000Z.json,16,3195272,FIMHQ,20
port_calls__20250128T000000Z__20250129T000000Z.json,17,3195291,FIMHQ,20
port_calls__20250128T000000Z__20250129T000000Z.json,18,3197426,FIHKO,40
port_calls__20250128T000000Z__20250129T000000Z.json,19,3197461,FILAN,20
port_calls__20250128T000000Z__20250129T000000Z.json,20,3197472,FILAN,20
port_calls__20250128T000000Z__20250129T000000Z.json,21,3198632,FIHEL,20
port_calls__20250128T000000Z__20250129T000000Z.json,22,3198646,FIHEL,20
port_calls__20250128T000000Z__20250129T000000Z.json,23,3198656,FIHEL,20
port_calls__20250128T000000Z__20250129T000000Z.json,24,3198713,FIMHQ,20
port_calls__20250128T000000Z__20250129T000000Z.json,25,3198722,FIMHQ,20
port_calls__20250128T000000Z__20250129T000000Z.json,26,3198737,FIHEL,20
port_calls__20250128T000000Z__20250129T000000Z.json,27,3198749,FIHEL,20
port_calls__20250128T000000Z__20250129T000000Z.json,28,3198751,FIHEL,20
port_calls__20250128T000000Z__20250129T000000Z.json,29,3198769,FIHEL,20
port_calls__20250128T000000Z__20250129T000000Z.json,30,3199354,FIMHQ,10
port_calls__20250128T000000Z__20250129T000000Z.json,31,3199361,FIMHQ,20
port_calls__20250128T000000Z__20250129T000000Z.json,32,3199369,FIMHQ,20
port_calls__20250128T000000Z__20250129T000000Z.json,33,3201297,FIHEL,50
port_calls__20250128T000000Z__20250129T000000Z.json,34,3201298,FIKTK,50
port_calls__20250128T000000Z__20250129T000000Z.json,35,3205677,FILAN,20
port_calls__20250128T000000Z__20250129T000000Z.json,36,3205695,FINLI,20
port_calls__20250128T000000Z__20250129T000000Z.json,37,3205726,FILAN,20
port_calls__20250128T000000Z__20250129T000000Z.json,38,3205811,FINLI,20
port_calls__20250128T000000Z__20250129T000000Z.json,39,3205816,FILAN,20
port_calls__20250128T000000Z__20250129T000000Z.json,40,3205842,FILAN,20
port_calls__20250128T000000Z__20250129T000000Z.json,41,3208885,FIRAU,40
port_calls__20250128T000000Z__20250129T000000Z.json,42,3209122,FIHKO,40
port_calls__20250128T000000Z__20250129T000000Z.json,43,3209227,FIINK,70
port_calls__20250128T000000Z__20250129T000000Z.json,44,3209539,FIHEL,20
port_calls__20250128T000000Z__20250129T000000Z.json,45,3209555,FIHEL,20
port_calls__20250128T000000Z__20250129T000000Z.json,46,3209566,FITKU,70
port_calls__20250128T000000Z__20250129T000000Z.json,47,3209573,FIMHQ,20
port_calls__20250128T000000Z__20250129T000000Z.json,48,3209612,FIMHQ,20
port_calls__20250128T000000Z__20250129T000000Z.json,49,3209821,FIHKO,40
port_calls__20250128T000000Z__20250129T000000Z.json,50,3209853,FIKTK,50
port_calls__20250128T000000Z__20250129T000000Z.json,51,3209925,FIPOR,70
port_calls__20250128T000000Z__20250129T000000Z.json,52,3210016,FIOUL,70
port_calls__20250128T000000Z__20250129T000000Z.json,53,3210156,FIKTK,50
port_calls__20250128T000000Z__20250129T000000Z.json,54,3210157,FIHEL,50
port_calls__20250128T000000Z__20250129T000000Z.json,55,3210284,FIVAA,20
port_calls__20250128T000000Z__20250129T000000Z.json,56,3210286,FIVAA,20
port_calls__20250128T000000Z__20250129T000000Z.json,57,3210371,FIHEL,50
port_calls__20250128T000000Z__20250129T000000Z.json,58,3210394,FIOUL,80
port_calls__20250128T000000Z__20250129T000000Z.json,59,3210405,FIHEL,93
port_calls__20250128T000000Z__20250129T000000Z.json,60,3210666,FIEJO,70
port_calls__20250128T000000Z__20250129T000000Z.json,61,3210675,FIKOK,70
port_calls__20250128T000000Z__20250129T000000Z.json,62,3210679,FINLI,80
port_calls__20250128T000000Z__20250129T000000Z.json,63,3210680,FIPOR,60
port_calls__20250128T000000Z__20250129T000000Z.json,64,3210709,FIHEL,91
port_calls__20250128T000000Z__20250129T000000Z.json,65,3211170,FISKV,82
port_calls__20250128T000000Z__20250129T000000Z.json,66,3211217,FIKTK,80
port_calls__20250128T000000Z__20250129T000000Z.json,67,3211284,FIOUL,90
port_calls__20250128T000000Z__20250129T000000Z.json,68,3211285,FITOK,70
port_calls__20250128T000000Z__20250129T000000Z.json,69,3211302,FIRAA,60
port_calls__20250128T000000Z__20250129T000000Z.json,70,3211316,FIKTK,70
port_calls__20250128T000000Z__20250129T000000Z.json,71,3211354,FIKAS,70
port_calls__20250128T000000Z__20250129T000000Z.json,72,3211377,FINLI,70
port_calls__20250128T000000Z__20250129T000000Z.json,73,3211392,FIKTK,70
port_calls__20250128T000000Z__20250129T000000Z.json,74,3211438,FIHEL,70
port_calls__20250128T000000Z__20250129T000000Z.json,75,3211462,FIIMA,70
port_calls__20250128T000000Z__20250129T000000Z.json,76,3211490,FIVEI,10
port_calls__20250128T000000Z__20250129T000000Z.json,77,3211516,FIVEI,90
port_calls__20250128T000000Z__20250129T000000Z.json,78,3211520,FIVEI,90
port_calls__20250128T000000Z__20250129T000000Z.json,79,3211522,FISKV,83
port_calls__20250128T000000Z__20250129T000000Z.json,80,3211613,FIANK,83
port_calls__20250128T000000Z__20250129T000000Z.json,81,3211805,FIKTK,70
port_calls__20250128T000000Z__20250129T000000Z.json,82,3211945,FIANK,50
port_calls__20250129T000000Z__20250130T000000Z.json,1,3189430,FIHEL,20
port_calls__20250129T000000Z__20250130T000000Z.json,2,3189464,FIHEL,20
port_calls__20250129T000000Z__20250130T000000Z.json,3,3189491,FIHEL,20
port_calls__20250129T000000Z__20250130T000000Z.json,4,3189525,FIHEL,40
port_calls__20250129T000000Z__20250130T000000Z.json,5,3189555,FIHEL,40
port_calls__20250129T000000Z__20250130T000000Z.json,6,3189570,FIHEL,40
port_calls__20250129T000000Z__20250130T000000Z.json,7,3190798,FITKU,20
port_calls__20250129T000000Z__20250130T000000Z.json,8,3190949,FITKU,20
port_calls__20250129T000000Z__20250130T000000Z.json,9,3191561,FIHEL,20
port_calls__20250129T000000Z__20250130T000000Z.json,10,3192959,FIECK,20
port_calls__20250129T000000Z__20250130T000000Z.json,11,3192981,FIECK,20
port_calls__20250129T000000Z__20250130T000000Z.json,12,3193003,FIECK,20
port_calls__20250129T000000Z__20250130T000000Z.json,13,3193911,FITKU,20
port_calls__20250129T000000Z__20250130T000000Z.json,14,3193949,FILAN,20
port_calls__20250129T000000Z__20250130T000000Z.json,15,3194068,FILAN,20
port_calls__20250129T000000Z__20250130T000000Z.json,16,3194638,FINLI,40
port_calls__20250129T000000Z__20250130T000000Z.json,17,3194660,FILAN,40
port_calls__20250129T000000Z__20250130T000000Z.json,18,3195341,FILAN,20
port_calls__20250129T000000Z__20250130T000000Z.json,19,3197448,FIHKO,40
port_calls__20250129T000000Z__20250130T000000Z.json,20,3197462,FILAN,20
port_calls__20250129T000000Z__20250130T000000Z.json,21,3197473,FILAN,20
port_calls__20250129T000000Z__20250130T000000Z.json,22,3198657,FIHEL,20
port_calls__20250129T000000Z__20250130T000000Z.json,23,3198662,FIHEL,20
port_calls__20250129T000000Z__20250130T000000Z.json,24,3198666,FIHEL,20
port_calls__20250129T000000Z__20250130T000000Z.json,25,3198719,FIHEL,20
port_calls__20250129T000000Z__20250130T000000Z.json,26,3198753,FIHEL,20
port_calls__20250129T000000Z__20250130T000000Z.json,27,3198756,FIHEL,20
port_calls__20250129T000000Z__20250130T000000Z.json,28,3198758,FIHEL,20
port_calls__20250129T000000Z__20250130T000000Z.json,29,3198773,FIHEL,20
port_calls__20250129T000000Z__20250130T000000Z.json,30,3199349,FIKOK,70
port_calls__20250129T000000Z__20250130T000000Z.json,31,3199355,FIMHQ,10
port_calls__20250129T000000Z__20250130T000000Z.json,32,3199362,FIMHQ,20
port_calls__20250129T000000Z__20250130T000000Z.json,33,3199370,FIMHQ,20
port_calls__20250129T000000Z__20250130T000000Z.json,34,3205675,FINLI,20
port_calls__20250129T000000Z__20250130T000000Z.json,35,3205692,FILAN,20
port_calls__20250129T000000Z__20250130T000000Z.json,36,3205795,FILAN,20
port_calls__20250129T000000Z__20250130T000000Z.json,37,3205812,FILAN,20
port_calls__20250129T000000Z__20250130T000000Z.json,38,3205884,FINLI,20
port_calls__20250129T000000Z__20250130T000000Z.json,39,3208880,FIKTK,40
port_calls__20250129T000000Z__20250130T000000Z.json,40,3208882,FIHKO,40
port_calls__20250129T000000Z__20250130T000000Z.json,41,3208996,FIPOR,60
port_calls__20250129T000000Z__20250130T000000Z.json,42,3209334,FIOUL,70
port_calls__20250129T000000Z__20250130T000000Z.json,43,3209428,FIKTK,60
port_calls__20250129T000000Z__20250130T000000Z.json,44,3209510,FIHEL,50
port_calls__20250129T000000Z__20250130T000000Z.json,45,3209512,FIKTK,50
port_calls__20250129T000000Z__20250130T000000Z.json,46,3209528,FIHEL,20
port_calls__20250129T000000Z__20250130T000000Z.json,47,3209540,FIHEL,20
port_calls__20250129T000000Z__20250130T000000Z.json,48,3209556,FIHEL,20
port_calls__20250129T000000Z__20250130T000000Z.json,49,3209773,FIRAU,50
port_calls__20250129T000000Z__20250130T000000Z.json,50,3209819,FIHKO,40
port_calls__20250129T000000Z__20250130T000000Z.json,51,3209820,FIHKO,40
port_calls__20250129T000000Z__20250130T000000Z.json,52,3210001,FITOR,70
port_calls__20250129T000000Z__20250130T000000Z.json,53,3210042,FITOR,70
port_calls__20250129T000000Z__20250130T000000Z.json,54,3210043,FITOR,60
port_calls__20250129T000000Z__20250130T000000Z.json,55,3210154,FIKTK,50
port_calls__20250129T000000Z__20250130T000000Z.json,56,3210260,FIRAU,50
port_calls__20250129T000000Z__20250130T000000Z.json,57,3210288,FISKV,80
port_calls__20250129T000000Z__20250130T000000Z.json,58,3210289,FIVAA,20
port_calls__20250129T000000Z__20250130T000000Z.json,59,3210370,FIKTK,40
port_calls__20250129T000000Z__20250130T000000Z.json,60,3210378,FISKV,83
port_calls__20250129T000000Z__20250130T000000Z.json,61,3210393,FIPOR,70
port_calls__20250129T000000Z__20250130T000000Z.json,62,3210600,FIHEL,50
port_calls__20250129T000000Z__20250130T000000Z.json,63,3210614,FIHEL,50
port_calls__20250129T000000Z__20250130T000000Z.json,64,3210665,FIINK,60
port_calls__20250129T000000Z__20250130T000000Z.json,65,3210722,FIHKO,44
port_calls__20250129T000000Z__20250130T000000Z.json,66,3211291,FIPOR,50
port_calls__20250129T000000Z__20250130T000000Z.json,67,3211380,FIKTK,83
port_calls__20250129T000000Z__20250130T000000Z.json,68,3211384,FIKTK,70
port_calls__20250129T000000Z__20250130T000000Z.json,69,3211404,FIKTK,70
port_calls__20250129T000000Z__20250130T000000Z.json,70,3211439,FIKTK,83
port_calls__20250129T000000Z__20250130T000000Z.json,71,3211442,FIHKO,40
port_calls__20250129T000000Z__20250130T000000Z.json,72,3211481,FIKOK,40
port_calls__20250129T000000Z__20250130T000000Z.json,73,3211504,FIVAA,20
port_calls__20250129T000000Z__20250130T000000Z.json,74,3211616,FIPRS,70
port_calls__20250129T000000Z__20250130T000000Z.json,75,3211655,FIHEL,70
port_calls__20250129T000000Z__20250130T000000Z.json,76,3211879,FIVRK,70
port_calls__20250129T000000Z__20250130T000000Z.json,77,3211987,FIVEI,90
port_calls__20250129T000000Z__20250130T000000Z.json,78,3211991,FIVEI,90
port_calls__20250129T000000Z__20250130T000000Z.json,79,3211992,FIANK,70
port_calls__20250129T000000Z__20250130T000000Z.json,80,3211998,FIRAU,70
port_calls__20250129T000000Z__20250130T000000Z.json,81,3212227,FIVEI,10
port_calls__20250129T000000Z__20250130T000000Z.json,82,3212394,FISKV,80
port_calls__20250129T000000Z__20250130T000000Z.json,83,3212513,FIANK,70
port_calls__20250130T000000Z__20250131T000000Z.json,1,3189431,FIHEL,20
port_calls__20250130T000000Z__20250131T000000Z.json,2,3189465,FIHEL,20
port_calls__20250130T000000Z__20250131T000000Z.json,3,3189492,FIHEL,20
port_calls__20250130T000000Z__20250131T000000Z.json,4,3189526,FIHEL,40
port_calls__20250130T000000Z__20250131T000000Z.json,5,3189556,FIHEL,40
port_calls__20250130T000000Z__20250131T000000Z.json,6,3189571,FIHEL,40
port_calls__20250130T000000Z__20250131T000000Z.json,7,3190799,FITKU,20
port_calls__20250130T000000Z__20250131T000000Z.json,8,3190950,FITKU,20
port_calls__20250130T000000Z__20250131T000000Z.json,9,3191636,FIHEL,20
port_calls__20250130T000000Z__20250131T000000Z.json,10,3192960,FIECK,20
port_calls__20250130T000000Z__20250131T000000Z.json,11,3192982,FIECK,20
port_calls__20250130T000000Z__20250131T000000Z.json,12,3193004,FIECK,20
port_calls__20250130T000000Z__20250131T000000Z.json,13,3193913,FILAN,20
port_calls__20250130T000000Z__20250131T000000Z.json,14,3193934,FITKU,20
port_calls__20250130T000000Z__20250131T000000Z.json,15,3194183,FIMHQ,20
port_calls__20250130T000000Z__20250131T000000Z.json,16,3194639,FINLI,40
port_calls__20250130T000000Z__20250131T000000Z.json,17,3194661,FILAN,40
port_calls__20250130T000000Z__20250131T000000Z.json,18,3195262,FIMHQ,20
port_calls__20250130T000000Z__20250131T000000Z.json,19,3195265,FIMHQ,20
port_calls__20250130T000000Z__20250131T000000Z.json,20,3195497,FILAN,20
port_calls__20250130T000000Z__20250131T000000Z.json,21,3197463,FILAN,20
port_calls__20250130T000000Z__20250131T000000Z.json,22,3197474,FILAN,20
port_calls__20250130T000000Z__20250131T000000Z.json,23,3197489,FIMHQ,10
port_calls__20250130T000000Z__20250131T000000Z.json,24,3198337,FIHKO,40
port_calls__20250130T000000Z__20250131T000000Z.json,25,3198643,FIHEL,20
port_calls__20250130T000000Z__20250131T000000Z.json,26,3198654,FIHEL,20
port_calls__20250130T000000Z__20250131T000000Z.json,27,3198675,FIHEL,20
port_calls__20250130T000000Z__20250131T000000Z.json,28,3198721,FIHEL,20
port_calls__20250130T000000Z__20250131T000000Z.json,29,3198731,FIHEL,20
port_calls__20250130T000000Z__20250131T000000Z.json,30,3198732,FIMHQ,20
port_calls__20250130T000000Z__20250131T000000Z.json,31,3198736,FIHEL,20
port_calls__20250130T000000Z__20250131T000000Z.json,32,3198739,FIHEL,20
port_calls__20250130T000000Z__20250131T000000Z.json,33,3198741,FIMHQ,20
port_calls__20250130T000000Z__20250131T000000Z.json,34,3199363,FIMHQ,20
port_calls__20250130T000000Z__20250131T000000Z.json,35,3199371,FIMHQ,20
port_calls__20250130T000000Z__20250131T000000Z.json,36,3205651,FINLI,20
port_calls__20250130T000000Z__20250131T000000Z.json,37,3205725,FILAN,20
port_calls__20250130T000000Z__20250131T000000Z.json,38,3205776,FILAN,20
port_calls__20250130T000000Z__20250131T000000Z.json,39,3205801,FILAN,20
port_calls__20250130T000000Z__20250131T000000Z.json,40,3205839,FINLI,20
port_calls__20250130T000000Z__20250131T000000Z.json,41,3209147,FIRAU,70
port_calls__20250130T000000Z__20250131T000000Z.json,42,3209541,FIHEL,20
port_calls__20250130T000000Z__20250131T000000Z.json,43,3209557,FIHEL,20
port_calls__20250130T000000Z__20250131T000000Z.json,44,3209574,FIMHQ,20
port_calls__20250130T000000Z__20250131T000000Z.json,45,3209613,FIMHQ,20
port_calls__20250130T000000Z__20250131T000000Z.json,46,3209765,FINLI,80
port_calls__20250130T000000Z__20250131T000000Z.json,47,3209822,FIHKO,40
port_calls__20250130T000000Z__20250131T000000Z.json,48,3209823,FIRAU,40
port_calls__20250130T000000Z__20250131T000000Z.json,49,3210262,FIHEL,70
port_calls__20250130T000000Z__20250131T000000Z.json,50,3210372,FIKTK,70
port_calls__20250130T000000Z__20250131T000000Z.json,51,3210589,FIHKO,40
port_calls__20250130T000000Z__20250131T000000Z.json,52,3210591,FIOUL,40
port_calls__20250130T000000Z__20250131T000000Z.json,53,3210598,FIRAA,70
port_calls__20250130T000000Z__20250131T000000Z.json,54,3210615,FIKTK,50
port_calls__20250130T000000Z__20250131T000000Z.json,55,3210667,FIEJO,70
port_calls__20250130T000000Z__20250131T000000Z.json,56,3210723,FIUKI,44
port_calls__20250130T000000Z__20250131T000000Z.json,57,3210732,FISKV,81
port_calls__20250130T000000Z__20250131T000000Z.json,58,3211159,FIKTK,60
port_calls__20250130T000000Z__20250131T000000Z.json,59,3211383,FIKAS,40
port_calls__20250130T000000Z__20250131T000000Z.json,60,3211394,FIANK,83
port_calls__20250130T000000Z__20250131T000000Z.json,61,3211395,FIKOK,80
port_calls__20250130T000000Z__20250131T000000Z.json,62,3211396,FIANK,70
port_calls__20250130T000000Z__20250131T000000Z.json,63,3211398,FIKTK,70
port_calls__20250130T000000Z__20250131T000000Z.json,64,3211405,FIPRS,70
port_calls__20250130T000000Z__20250131T000000Z.json,65,3211408,FIKOK,70
port_calls__20250130T000000Z__20250131T000000Z.json,66,3211418,FIKTK,70
port_calls__20250130T000000Z__20250131T000000Z.json,67,3211472,FITKU,70
port_calls__20250130T000000Z__20250131T000000Z.json,68,3211615,FIKTK,70
port_calls__20250130T000000Z__20250131T000000Z.json,69,3211663,FISKV,83
port_calls__20250130T000000Z__20250131T000000Z.json,70,3211665,FIVAA,20
port_calls__20250130T000000Z__20250131T000000Z.json,71,3211792,FIKTK,83
port_calls__20250130T000000Z__20250131T000000Z.json,72,3211948,FISKV,81
port_calls__20250130T000000Z__20250131T000000Z.json,73,3212125,FISKV,83
port_calls__20250130T000000Z__20250131T000000Z.json,74,3212229,FIVEI,10
port_calls__20250130T000000Z__20250131T000000Z.json,75,3212279,FILPP,70
port_calls__20250130T000000Z__20250131T000000Z.json,76,3212292,FILPP,70
port_calls__20250130T000000Z__20250131T000000Z.json,77,3212318,FIVEI,90
port_calls__20250130T000000Z__20250131T000000Z.json,78,3212322,FIVEI,90
port_calls__20250130T000000Z__20250131T000000Z.json,79,3212323,FIVEI,10
port_calls__20250130T000000Z__20250131T000000Z.json,80,3212501,FITKU,90
port_calls__20250130T000000Z__20250131T000000Z.json,81,3212529,FIKTK,70
port_calls__20250131T000000Z__20250201T000000Z.json,1,3180660,FIHKO,40
port_calls__20250131T000000Z__20250201T000000Z.json,2,3189156,FIHEL,40
port_calls__20250131T000000Z__20250201T000000Z.json,3,3189432,FIHEL,20
port_calls__20250131T000000Z__20250201T000000Z.json,4,3189466,FIHEL,20
port_calls__20250131T000000Z__20250201T000000Z.json,5,3189493,FIHEL,20
port_calls__20250131T000000Z__20250201T000000Z.json,6,3189527,FIHEL,40
port_calls__20250131T000000Z__20250201T000000Z.json,7,3189557,FIHEL,40
port_calls__20250131T000000Z__20250201T000000Z.json,8,3189572,FIHEL,40
port_calls__20250131T000000Z__20250201T000000Z.json,9,3190800,FITKU,20
port_calls__20250131T000000Z__20250201T000000Z.json,10,3190951,FITKU,20
port_calls__20250131T000000Z__20250201T000000Z.json,11,3191479,FIHEL,20
port_calls__20250131T000000Z__20250201T000000Z.json,12,3192961,FIECK,20
port_calls__20250131T000000Z__20250201T000000Z.json,13,3192983,FIECK,20
port_calls__20250131T000000Z__20250201T000000Z.json,14,3193005,FIECK,20
port_calls__20250131T000000Z__20250201T000000Z.json,15,3194640,FINLI,40
port_calls__20250131T000000Z__20250201T000000Z.json,16,3194662,FILAN,40
port_calls__20250131T000000Z__20250201T000000Z.json,17,3197464,FILAN,20
port_calls__20250131T000000Z__20250201T000000Z.json,18,3197475,FILAN,20
port_calls__20250131T000000Z__20250201T000000Z.json,19,3197490,FIMHQ,10
port_calls__20250131T000000Z__20250201T000000Z.json,20,3198335,FIHKO,40
port_calls__20250131T000000Z__20250201T000000Z.json,21,3198642,FIHEL,20
port_calls__20250131T000000Z__20250201T000000Z.json,22,3198679,FIHEL,20
port_calls__20250131T000000Z__20250201T000000Z.json,23,3198693,FIHEL,20
port_calls__20250131T000000Z__20250201T000000Z.json,24,3198715,FIHEL,20
port_calls__20250131T000000Z__20250201T000000Z.json,25,3198720,FIHEL,20
port_calls__20250131T000000Z__20250201T000000Z.json,26,3198727,FIHEL,20
port_calls__20250131T000000Z__20250201T000000Z.json,27,3198728,FIHEL,20
port_calls__20250131T000000Z__20250201T000000Z.json,28,3198767,FIHEL,20
port_calls__20250131T000000Z__20250201T000000Z.json,29,3199364,FIMHQ,20
port_calls__20250131T000000Z__20250201T000000Z.json,30,3199372,FIMHQ,20
port_calls__20250131T000000Z__20250201T000000Z.json,31,3199845,FIINK,70
port_calls__20250131T000000Z__20250201T000000Z.json,32,3200177,FILAN,20
port_calls__20250131T000000Z__20250201T000000Z.json,33,3205653,FILAN,20
port_calls__20250131T000000Z__20250201T000000Z.json,34,3205665,FINLI,20
port_calls__20250131T000000Z__20250201T000000Z.json,35,3205768,FILAN,20
port_calls__20250131T000000Z__20250201T000000Z.json,36,3205834,FILAN,20
port_calls__20250131T000000Z__20250201T000000Z.json,37,3205843,FINLI,20
port_calls__20250131T000000Z__20250201T000000Z.json,38,3209490,FIPOR,70
port_calls__20250131T000000Z__20250201T000000Z.json,39,3209513,FIHEL,50
port_calls__20250131T000000Z__20250201T000000Z.json,40,3209529,FIHEL,20
port_calls__20250131T000000Z__20250201T000000Z.json,41,3209542,FIHEL,20
port_calls__20250131T000000Z__20250201T000000Z.json,42,3209558,FIHEL,20
port_calls__20250131T000000Z__20250201T000000Z.json,43,3209774,FIHEL,50
port_calls__20250131T000000Z__20250201T000000Z.json,44,3209923,FIOUL,80
port_calls__20250131T000000Z__20250201T000000Z.json,45,3210254,FIHKO,40
port_calls__20250131T000000Z__20250201T000000Z.json,46,3210278,FIHEL,20
port_calls__20250131T000000Z__20250201T000000Z.json,47,3210306,FISKV,80
port_calls__20250131T000000Z__20250201T000000Z.json,48,3211171,FISKV,80
port_calls__20250131T000000Z__20250201T000000Z.json,49,3211355,FIKAS,70
port_calls__20250131T000000Z__20250201T000000Z.json,50,3211397,FIKTK,50
port_calls__20250131T000000Z__20250201T000000Z.json,51,3211480,FISKV,80
port_calls__20250131T000000Z__20250201T000000Z.json,52,3211503,FIKEM,83
port_calls__20250131T000000Z__20250201T000000Z.json,53,3211630,FIANK,60
port_calls__20250131T000000Z__20250201T000000Z.json,54,3211656,FIHEL,95
port_calls__20250131T000000Z__20250201T000000Z.json,55,3211658,FIHEL,91
port_calls__20250131T000000Z__20250201T000000Z.json,56,3211664,FIKEM,40
port_calls__20250131T000000Z__20250201T000000Z.json,57,3211667,FIOUL,40
port_calls__20250131T000000Z__20250201T000000Z.json,58,3211668,FIVAA,20
port_calls__20250131T000000Z__20250201T000000Z.json,59,3211669,FIVAA,20
port_calls__20250131T000000Z__20250201T000000Z.json,60,3211915,FIRAA,70
port_calls__20250131T000000Z__20250201T000000Z.json,61,3211970,FIKTK,70
port_calls__20250131T000000Z__20250201T000000Z.json,62,3212029,FIRAU,70
port_calls__20250131T000000Z__20250201T000000Z.json,63,3212147,FIRAU,40
port_calls__20250131T000000Z__20250201T000000Z.json,64,3212205,FIMHQ,20
port_calls__20250131T000000Z__20250201T000000Z.json,65,3212393,FIRAA,60
port_calls__20250131T000000Z__20250201T000000Z.json,66,3212445,FIPRS,60
port_calls__20250131T000000Z__20250201T000000Z.json,67,3212512,FIMHQ,70
port_calls__20250131T000000Z__20250201T000000Z.json,68,3212519,FIVEI,10
port_calls__20250131T000000Z__20250201T000000Z.json,69,3212521,FIVEI,10
port_calls__20250131T000000Z__20250201T000000Z.json,70,3212548,FIFAR,70
port_calls__20250131T000000Z__20250201T000000Z.json,71,3212553,FINLI,80
port_calls__20250131T000000Z__20250201T000000Z.json,72,3212637,FIVRK,70
port_calls__20250131T000000Z__20250201T000000Z.json,73,3212638,FIVEI,90
port_calls__20250131T000000Z__20250201T000000Z.json,74,3212639,FIVEI,90
port_calls__20250131T000000Z__20250201T000000Z.json,75,3212970,FIRAA,91
port_calls__20250201T000000Z__20250202T000000Z.json,1,3190801,FITKU,20
port_calls__20250201T000000Z__20250202T000000Z.json,2,3190952,FITKU,20
port_calls__20250201T000000Z__20250202T000000Z.json,3,3191552,FIHEL,20
port_calls__20250201T000000Z__20250202T000000Z.json,4,3194663,FILAN,40
port_calls__20250201T000000Z__20250202T000000Z.json,5,3195285,FIMHQ,20
port_calls__20250201T000000Z__20250202T000000Z.json,6,3195343,FILAN,20
port_calls__20250201T000000Z__20250202T000000Z.json,7,3195480,FILAN,20
port_calls__20250201T000000Z__20250202T000000Z.json,8,3195649,FINLI,20
port_calls__20250201T000000Z__20250202T000000Z.json,9,3196649,FIECK,20
port_calls__20250201T000000Z__20250202T000000Z.json,10,3196677,FIECK,20
port_calls__20250201T000000Z__20250202T000000Z.json,11,3196705,FIECK,20
port_calls__20250201T000000Z__20250202T000000Z.json,12,3197465,FILAN,20
port_calls__20250201T000000Z__20250202T000000Z.json,13,3197476,FILAN,20
port_calls__20250201T000000Z__20250202T000000Z.json,14,3197491,FIMHQ,10
port_calls__20250201T000000Z__20250202T000000Z.json,15,3197597,FIHEL,20
port_calls__20250201T000000Z__20250202T000000Z.json,16,3197625,FIHEL,20
port_calls__20250201T000000Z__20250202T000000Z.json,17,3197653,FIHEL,20
port_calls__20250201T000000Z__20250202T000000Z.json,18,3198640,FIHEL,20
port_calls__20250201T000000Z__20250202T000000Z.json,19,3198648,FIHEL,20
port_calls__20250201T000000Z__20250202T000000Z.json,20,3198664,FIHEL,20
port_calls__20250201T000000Z__20250202T000000Z.json,21,3198717,FIHEL,20
port_calls__20250201T000000Z__20250202T000000Z.json,22,3198724,FIMHQ,20
port_calls__20250201T000000Z__20250202T000000Z.json,23,3198726,FIHEL,20
port_calls__20250201T000000Z__20250202T000000Z.json,24,3198747,FIHEL,20
port_calls__20250201T000000Z__20250202T000000Z.json,25,3198787,FIMHQ,20
port_calls__20250201T000000Z__20250202T000000Z.json,26,3199088,FIHKO,40
port_calls__20250201T000000Z__20250202T000000Z.json,27,3199365,FIMHQ,20
port_calls__20250201T000000Z__20250202T000000Z.json,28,3199373,FIMHQ,20
port_calls__20250201T000000Z__20250202T000000Z.json,29,3200090,FILAN,20
port_calls__20250201T000000Z__20250202T000000Z.json,30,3204278,FISKV,81
port_calls__20250201T000000Z__20250202T000000Z.json,31,3205650,FINLI,20
port_calls__20250201T000000Z__20250202T000000Z.json,32,3205806,FILAN,20
port_calls__20250201T000000Z__20250202T000000Z.json,33,3209543,FIHEL,20
port_calls__20250201T000000Z__20250202T000000Z.json,34,3209559,FIHEL,20
port_calls__20250201T000000Z__20250202T000000Z.json,35,3209575,FIMHQ,20
port_calls__20250201T000000Z__20250202T000000Z.json,36,3209614,FIMHQ,20
port_calls__20250201T000000Z__20250202T000000Z.json,37,3209926,FIVAA,80
port_calls__20250201T000000Z__20250202T000000Z.json,38,3210002,FITOR,70
port_calls__20250201T000000Z__20250202T000000Z.json,39,3210588,FIHKO,40
port_calls__20250201T000000Z__20250202T000000Z.json,40,3210668,FIEJO,70
port_calls__20250201T000000Z__20250202T000000Z.json,41,3211258,FIHKO,40
port_calls__20250201T000000Z__20250202T000000Z.json,42,3211614,FISKV,81
port_calls__20250201T000000Z__20250202T000000Z.json,43,3211631,FIRAU,70
port_calls__20250201T000000Z__20250202T000000Z.json,44,3211662,FIKTK,70
port_calls__20250201T000000Z__20250202T000000Z.json,45,3211666,FIRAU,70
port_calls__20250201T000000Z__20250202T000000Z.json,46,3211670,FIVAA,20
port_calls__20250201T000000Z__20250202T000000Z.json,47,3211963,FIKOK,70
port_calls__20250201T000000Z__20250202T000000Z.json,48,3212108,FIHEL,20
port_calls__20250201T000000Z__20250202T000000Z.json,49,3212122,FIUKI,83
port_calls__20250201T000000Z__20250202T000000Z.json,50,3212124,FIUKI,60
port_calls__20250201T000000Z__20250202T000000Z.json,51,3212136,FISKV,83
port_calls__20250201T000000Z__20250202T000000Z.json,52,3212191,FIKTK,70
port_calls__20250201T000000Z__20250202T000000Z.json,53,3212192,FIKTK,70
port_calls__20250201T000000Z__20250202T000000Z.json,54,3212474,FIKTK,70
port_calls__20250201T000000Z__20250202T000000Z.json,55,3212481,FIRAU,40
port_calls__20250201T000000Z__20250202T000000Z.json,56,3212524,FIVEI,10
port_calls__20250201T000000Z__20250202T000000Z.json,57,3212551,FINLI,70
port_calls__20250201T000000Z__20250202T000000Z.json,58,3212614,FIRAA,70
port_calls__20250201T000000Z__20250202T000000Z.json,59,3212754,FIPRS,40
port_calls__20250201T000000Z__20250202T000000Z.json,60,3212762,FITKU,70
port_calls__20250201T000000Z__20250202T000000Z.json,61,3212801,FIKTK,70
port_calls__20250201T000000Z__20250202T000000Z.json,62,3212832,FINLI,20
port_calls__20250201T000000Z__20250202T000000Z.json,63,3212846,FIVEI,10
port_calls__20250201T000000Z__20250202T000000Z.json,64,3212902,FIVEI,90
port_calls__20250201T000000Z__20250202T000000Z.json,65,3212904,FIVEI,90
port_calls__20250201T000000Z__20250202T000000Z.json,66,3212910,FIJOU,70
port_calls__20250201T000000Z__20250202T000000Z.json,67,3213018,FIRAA,91
port_calls__20250201T000000Z__20250202T000000Z.json,68,3213083,FIMHQ,20
port_calls__20250201T000000Z__20250202T000000Z.json,69,3213152,FIANK,81
port_calls__20250201T000000Z__20250202T000000Z.json,70,3213167,FIANK,70
port_calls__20250202T000000Z__20250203T000000Z.json,1,3180648,FIHKO,40
port_calls__20250202T000000Z__20250203T000000Z.json,2,3190802,FITKU,20
port_calls__20250202T000000Z__20250203T000000Z.json,3,3190953,FITKU,20
port_calls__20250202T000000Z__20250203T000000Z.json,4,3191652,FIHEL,20
port_calls__20250202T000000Z__20250203T000000Z.json,5,3195350,FILAN,20
port_calls__20250202T000000Z__20250203T000000Z.json,6,3195493,FILAN,20
port_calls__20250202T000000Z__20250203T000000Z.json,7,3195517,FINLI,20
port_calls__20250202T000000Z__20250203T000000Z.json,8,3195576,FILAN,20
port_calls__20250202T000000Z__20250203T000000Z.json,9,3196650,FIECK,20
port_calls__20250202T000000Z__20250203T000000Z.json,10,3196678,FIECK,20
port_calls__20250202T000000Z__20250203T000000Z.json,11,3196706,FIECK,20
port_calls__20250202T000000Z__20250203T000000Z.json,12,3197466,FILAN,20
port_calls__20250202T000000Z__20250203T000000Z.json,13,3197477,FILAN,20
port_calls__20250202T000000Z__20250203T000000Z.json,14,3197598,FIHEL,20
port_calls__20250202T000000Z__20250203T000000Z.json,15,3197629,FIHEL,20
port_calls__20250202T000000Z__20250203T000000Z.json,16,3197677,FIHEL,40
port_calls__20250202T000000Z__20250203T000000Z.json,17,3198629,FIHEL,20
port_calls__20250202T000000Z__20250203T000000Z.json,18,3198637,FIHEL,20
port_calls__20250202T000000Z__20250203T000000Z.json,19,3198641,FIHEL,20
port_calls__20250202T000000Z__20250203T000000Z.json,20,3198712,FIHEL,20
port_calls__20250202T000000Z__20250203T000000Z.json,21,3198723,FIHEL,20
port_calls__20250202T000000Z__20250203T000000Z.json,22,3198730,FIHEL,20
port_calls__20250202T000000Z__20250203T000000Z.json,23,3198742,FIHEL,20
port_calls__20250202T000000Z__20250203T000000Z.json,24,3198764,FIHEL,20
port_calls__20250202T000000Z__20250203T000000Z.json,25,3199359,FIMHQ,10
port_calls__20250202T000000Z__20250203T000000Z.json,26,3199366,FIMHQ,20
port_calls__20250202T000000Z__20250203T000000Z.json,27,3199374,FIMHQ,20
port_calls__20250202T000000Z__20250203T000000Z.json,28,3200054,FINLI,20
port_calls__20250202T000000Z__20250203T000000Z.json,29,3200089,FILAN,20
port_calls__20250202T000000Z__20250203T000000Z.json,30,3200239,FIHKO,40
port_calls__20250202T000000Z__20250203T000000Z.json,31,3209530,FIHEL,20
port_calls__20250202T000000Z__20250203T000000Z.json,32,3209544,FIHEL,20
port_calls__20250202T000000Z__20250203T000000Z.json,33,3209560,FIHEL,20
port_calls__20250202T000000Z__20250203T000000Z.json,34,3210159,FIRAU,50
port_calls__20250202T000000Z__20250203T000000Z.json,35,3210196,FIKTK,50
port_calls__20250202T000000Z__20250203T000000Z.json,36,3210304,FIPOH,70
port_calls__20250202T000000Z__20250203T000000Z.json,37,3210395,FIINK,80
port_calls__20250202T000000Z__20250203T000000Z.json,38,3211262,FIHKO,40
port_calls__20250202T000000Z__20250203T000000Z.json,39,3211406,FIKOK,70
port_calls__20250202T000000Z__20250203T000000Z.json,40,3211407,FIKOK,70
port_calls__20250202T000000Z__20250203T000000Z.json,41,3211459,FINLI,80
port_calls__20250202T000000Z__20250203T000000Z.json,42,3211674,FIVAA,20
port_calls__20250202T000000Z__20250203T000000Z.json,43,3211953,FIKAS,60
port_calls__20250202T000000Z__20250203T000000Z.json,44,3211964,FIKOK,70
port_calls__20250202T000000Z__20250203T000000Z.json,45,3212090,FIHEL,50
port_calls__20250202T000000Z__20250203T000000Z.json,46,3212104,FIMHQ,20
port_calls__20250202T000000Z__20250203T000000Z.json,47,3212193,FIKTK,60
port_calls__20250202T000000Z__20250203T000000Z.json,48,3212204,FIVAA,70
port_calls__20250202T000000Z__20250203T000000Z.json,49,3212230,FIKAS,70
port_calls__20250202T000000Z__20250203T000000Z.json,50,3212280,FIRAU,70
port_calls__20250202T000000Z__20250203T000000Z.json,51,3212291,FIKTK,50
port_calls__20250202T000000Z__20250203T000000Z.json,52,3212430,FIUKI,80
port_calls__20250202T000000Z__20250203T000000Z.json,53,3212467,FIRAU,70
port_calls__20250202T000000Z__20250203T000000Z.json,54,3212522,FIRAA,94
port_calls__20250202T000000Z__20250203T000000Z.json,55,3212523,FIRAA,95
port_calls__20250202T000000Z__20250203T000000Z.json,56,3212629,FISKV,80
port_calls__20250202T000000Z__20250203T000000Z.json,57,3212695,FIPOR,70
port_calls__20250202T000000Z__20250203T000000Z.json,58,3212783,FIINK,70
port_calls__20250202T000000Z__20250203T000000Z.json,59,3212800,FIKOK,81
port_calls__20250202T000000Z__20250203T000000Z.json,60,3212802,FIKTK,70
port_calls__20250202T000000Z__20250203T000000Z.json,61,3212812,FIRAU,80
port_calls__20250202T000000Z__20250203T000000Z.json,62,3212818,FIHEL,20
port_calls__20250202T000000Z__20250203T000000Z.json,63,3212889,FIPRS,70
port_calls__20250202T000000Z__20250203T000000Z.json,64,3212911,FIKTK,70
port_calls__20250202T000000Z__20250203T000000Z.json,65,3213009,FIANK,81
port_calls__20250202T000000Z__20250203T000000Z.json,66,3213047,FISKV,80
port_calls__20250202T000000Z__20250203T000000Z.json,67,3213065,FISVL,70
port_calls__20250202T000000Z__20250203T000000Z.json,68,3213219,FIHKO,91
port_calls__20250202T000000Z__20250203T000000Z.json,69,3213545,FIANK,83
port_calls__20250203T000000Z__20250204T000000Z.json,1,3177926,FIHEL,40
port_calls__20250203T000000Z__20250204T000000Z.json,2,3190803,FITKU,20
port_calls__20250203T000000Z__20250204T000000Z.json,3,3190954,FITKU,20
port_calls__20250203T000000Z__20250204T000000Z.json,4,3191493,FIHEL,20
port_calls__20250203T000000Z__20250204T000000Z.json,5,3193892,FITKU,20
port_calls__20250203T000000Z__20250204T000000Z.json,6,3193915,FILAN,20
port_calls__20250203T000000Z__20250204T000000Z.json,7,3194074,FIMHQ,20
port_calls__20250203T000000Z__20250204T000000Z.json,8,3195390,FILAN,20
port_calls__20250203T000000Z__20250204T000000Z.json,9,3195440,FILAN,20
port_calls__20250203T000000Z__20250204T000000Z.json,10,3195533,FINLI,20
port_calls__20250203T000000Z__20250204T000000Z.json,11,3196651,FIECK,20
port_calls__20250203T000000Z__20250204T000000Z.json,12,3196679,FIECK,20
port_calls__20250203T000000Z__20250204T000000Z.json,13,3196707,FIECK,20
port_calls__20250203T000000Z__20250204T000000Z.json,14,3197439,FIHEL,40
port_calls__20250203T000000Z__20250204T000000Z.json,15,3197478,FILAN,20
port_calls__20250203T000000Z__20250204T000000Z.json,16,3197493,FIMHQ,10
port_calls__20250203T000000Z__20250204T000000Z.json,17,3197599,FIHEL,20
port_calls__20250203T000000Z__20250204T000000Z.json,18,3197630,FIHEL,20
port_calls__20250203T000000Z__20250204T000000Z.json,19,3197654,FIHEL,20
port_calls__20250203T000000Z__20250204T000000Z.json,20,3197678,FIHEL,40
port_calls__20250203T000000Z__20250204T000000Z.json,21,3197704,FIHEL,40
port_calls__20250203T000000Z__20250204T000000Z.json,22,3197710,FIHEL,40
port_calls__20250203T000000Z__20250204T000000Z.json,23,3198744,FIMHQ,20
port_calls__20250203T000000Z__20250204T000000Z.json,24,3199367,FIMHQ,20
port_calls__20250203T000000Z__20250204T000000Z.json,25,3199375,FIMHQ,20
port_calls__20250203T000000Z__20250204T000000Z.json,26,3199600,FIKTK,70
port_calls__20250203T000000Z__20250204T000000Z.json,27,3201584,FILAN,20
port_calls__20250203T000000Z__20250204T000000Z.json,28,3208074,FIHKO,40
port_calls__20250203T000000Z__20250204T000000Z.json,29,3208482,FIHEL,20
port_calls__20250203T000000Z__20250204T000000Z.json,30,3208483,FIHEL,20
port_calls__20250203T000000Z__20250204T000000Z.json,31,3208499,FIHEL,20
port_calls__20250203T000000Z__20250204T000000Z.json,32,3208527,FIHEL,20
port_calls__20250203T000000Z__20250204T000000Z.json,33,3208529,FIHEL,20
port_calls__20250203T000000Z__20250204T000000Z.json,34,3208560,FIHEL,20
port_calls__20250203T000000Z__20250204T000000Z.json,35,3208579,FIMHQ,20
port_calls__20250203T000000Z__20250204T000000Z.json,36,3208605,FIHEL,20
port_calls__20250203T000000Z__20250204T000000Z.json,37,3209202,FISKV,80
port_calls__20250203T000000Z__20250204T000000Z.json,38,3209511,FIKTK,50
port_calls__20250203T000000Z__20250204T000000Z.json,39,3209545,FIHEL,20
port_calls__20250203T000000Z__20250204T000000Z.json,40,3209561,FIHEL,20
port_calls__20250203T000000Z__20250204T000000Z.json,41,3209576,FIMHQ,20
port_calls__20250203T000000Z__20250204T000000Z.json,42,3209615,FIMHQ,20
port_calls__20250203T000000Z__20250204T000000Z.json,43,3210189,FIHEL,50
port_calls__20250203T000000Z__20250204T000000Z.json,44,3210406,FIFOR,80
port_calls__20250203T000000Z__20250204T000000Z.json,45,3210619,FIKTK,70
port_calls__20250203T000000Z__20250204T000000Z.json,46,3210626,FIPOR,60
port_calls__20250203T000000Z__20250204T000000Z.json,47,3210676,FIKTK,50
port_calls__20250203T000000Z__20250204T000000Z.json,48,3211173,FIKEM,80
port_calls__20250203T000000Z__20250204T000000Z.json,49,3211260,FIKTK,40
port_calls__20250203T000000Z__20250204T000000Z.json,50,3211261,FIHKO,40
port_calls__20250203T000000Z__20250204T000000Z.json,51,3211264,FIHKO,40
port_calls__20250203T000000Z__20250204T000000Z.json,52,3211389,FIHKO,40
port_calls__20250203T000000Z__20250204T000000Z.json,53,3211425,FITKU,40
port_calls__20250203T000000Z__20250204T000000Z.json,54,3211427,FITKU,70
port_calls__20250203T000000Z__20250204T000000Z.json,55,3211454,FITKU,70
port_calls__20250203T000000Z__20250204T000000Z.json,56,3211675,FIVAA,20
port_calls__20250203T000000Z__20250204T000000Z.json,57,3212123,FIKAS,70
port_calls__20250203T000000Z__20250204T000000Z.json,58,3212146,FIKTK,70
port_calls__20250203T000000Z__20250204T000000Z.json,59,3212171,FINLI,40
port_calls__20250203T000000Z__20250204T000000Z.json,60,3212277,FINLI,70
port_calls__20250203T000000Z__20250204T000000Z.json,61,3212325,FIHEL,50
port_calls__20250203T000000Z__20250204T000000Z.json,62,3212362,FIKTK,50
port_calls__20250203T000000Z__20250204T000000Z.json,63,3212464,FIKTK,50
port_calls__20250203T000000Z__20250204T000000Z.json,64,3212466,FIHEL,50
port_calls__20250203T000000Z__20250204T000000Z.json,65,3212472,FIANK,82
port_calls__20250203T000000Z__20250204T000000Z.json,66,3212490,FIPRS,70
port_calls__20250203T000000Z__20250204T000000Z.json,67,3212492,FIKTK,70
port_calls__20250203T000000Z__20250204T000000Z.json,68,3212557,FIRAA,70
port_calls__20250203T000000Z__20250204T000000Z.json,69,3212621,FIRAU,70
port_calls__20250203T000000Z__20250204T000000Z.json,70,3212691,FIKTK,81
port_calls__20250203T000000Z__20250204T000000Z.json,71,3212841,FIANK,80
port_calls__20250203T000000Z__20250204T000000Z.json,72,3212843,FIKEM,70
port_calls__20250203T000000Z__20250204T000000Z.json,73,3212844,FITKU,70
port_calls__20250203T000000Z__20250204T000000Z.json,74,3213151,FIVRK,70
port_calls__20250203T000000Z__20250204T000000Z.json,75,3213220,FIRAA,94
port_calls__20250203T000000Z__20250204T000000Z.json,76,3213221,FIVEI,90
port_calls__20250203T000000Z__20250204T000000Z.json,77,3213226,FIRAA,95
port_calls__20250203T000000Z__20250204T000000Z.json,78,3213227,FIVEI,90
port_calls__20250203T000000Z__20250204T000000Z.json,79,3213235,FIPRS,70
port_calls__20250203T000000Z__20250204T000000Z.json,80,3213580,FIMHQ,20
port_calls__20250203T000000Z__20250204T000000Z.json,81,3213592,FIMHQ,20
port_calls__20250203T000000Z__20250204T000000Z.json,82,3213614,FIVEI,10
port_calls__20250203T000000Z__20250204T000000Z.json,83,3213617,FIMHQ,70
port_calls__20250203T000000Z__20250204T000000Z.json,84,3213651,FIANK,80
port_calls__20250203T000000Z__20250204T000000Z.json,85,3213941,FIVEI,10
port_calls__20250203T000000Z__20250204T000000Z.json,86,3214755,FIANK,80
port_calls__20250204T000000Z__20250205T000000Z.json,1,3180649,FIHKO,40
port_calls__20250204T000000Z__20250205T000000Z.json,2,3190804,FITKU,20
port_calls__20250204T000000Z__20250205T000000Z.json,3,3190955,FITKU,20
port_calls__20250204T000000Z__20250205T000000Z.json,4,3195372,FILAN,20
port_calls__20250204T000000Z__20250205T000000Z.json,5,3196652,FIECK,20
port_calls__20250204T000000Z__20250205T000000Z.json,6,3196680,FIECK,20
port_calls__20250204T000000Z__20250205T000000Z.json,7,3196708,FIECK,20
port_calls__20250204T000000Z__20250205T000000Z.json,8,3197600,FIHEL,20
port_calls__20250204T000000Z__20250205T000000Z.json,9,3197631,FIHEL,20
port_calls__20250204T000000Z__20250205T000000Z.json,10,3197655,FIHEL,20
port_calls__20250204T000000Z__20250205T000000Z.json,11,3197679,FIHEL,40
port_calls__20250204T000000Z__20250205T000000Z.json,12,3197714,FIHEL,40
port_calls__20250204T000000Z__20250205T000000Z.json,13,3197730,FIHEL,40
port_calls__20250204T000000Z__20250205T000000Z.json,14,3201310,FIHEL,20
port_calls__20250204T000000Z__20250205T000000Z.json,15,3201585,FILAN,20
port_calls__20250204T000000Z__20250205T000000Z.json,16,3201591,FILAN,20
port_calls__20250204T000000Z__20250205T000000Z.json,17,3201607,FIMHQ,20
port_calls__20250204T000000Z__20250205T000000Z.json,18,3201614,FIMHQ,20
port_calls__20250204T000000Z__20250205T000000Z.json,19,3201621,FIMHQ,10
port_calls__20250204T000000Z__20250205T000000Z.json,20,3206631,FILAN,20
port_calls__20250204T000000Z__20250205T000000Z.json,21,3206644,FILAN,20
port_calls__20250204T000000Z__20250205T000000Z.json,22,3206708,FINLI,20
port_calls__20250204T000000Z__20250205T000000Z.json,23,3206760,FILAN,20
port_calls__20250204T000000Z__20250205T000000Z.json,24,3206764,FINLI,20
port_calls__20250204T000000Z__20250205T000000Z.json,25,3207979,FIHKO,40
port_calls__20250204T000000Z__20250205T000000Z.json,26,3208493,FIHEL,20
port_calls__20250204T000000Z__20250205T000000Z.json,27,3208512,FIHEL,20
port_calls__20250204T000000Z__20250205T000000Z.json,28,3208517,FIHEL,20
port_calls__20250204T000000Z__20250205T000000Z.json,29,3208522,FIHEL,20
port_calls__20250204T000000Z__20250205T000000Z.json,30,3208525,FIHEL,20
port_calls__20250204T000000Z__20250205T000000Z.json,31,3208552,FIHEL,20
port_calls__20250204T000000Z__20250205T000000Z.json,32,3208574,FIHEL,20
port_calls__20250204T000000Z__20250205T000000Z.json,33,3208589,FIHEL,20
port_calls__20250204T000000Z__20250205T000000Z.json,34,3209531,FIHEL,20
port_calls__20250204T000000Z__20250205T000000Z.json,35,3209546,FIHEL,20
port_calls__20250204T000000Z__20250205T000000Z.json,36,3209562,FIHEL,20
port_calls__20250204T000000Z__20250205T000000Z.json,37,3210279,FIINK,82
port_calls__20250204T000000Z__20250205T000000Z.json,38,3210627,FIKOK,83
port_calls__20250204T000000Z__20250205T000000Z.json,39,3211259,FIRAU,40
port_calls__20250204T000000Z__20250205T000000Z.json,40,3211385,FIHKO,40
port_calls__20250204T000000Z__20250205T000000Z.json,41,3211452,FITKU,80
port_calls__20250204T000000Z__20250205T000000Z.json,42,3212092,FIKTK,50
port_calls__20250204T000000Z__20250205T000000Z.json,43,3212102,FIHKO,40
port_calls__20250204T000000Z__20250205T000000Z.json,44,3212152,FILAN,40
port_calls__20250204T000000Z__20250205T000000Z.json,45,3212172,FINLI,40
port_calls__20250204T000000Z__20250205T000000Z.json,46,3212203,FIVAA,70
port_calls__20250204T000000Z__20250205T000000Z.json,47,3212246,FITOR,70
port_calls__20250204T000000Z__20250205T000000Z.json,48,3212289,FIINK,70
port_calls__20250204T000000Z__20250205T000000Z.json,49,3212345,FIHEL,50
port_calls__20250204T000000Z__20250205T000000Z.json,50,3212363,FIKTK,50
port_calls__20250204T000000Z__20250205T000000Z.json,51,3212473,FIRAU,70
port_calls__20250204T000000Z__20250205T000000Z.json,52,3212525,FIRAA,70
port_calls__20250204T000000Z__20250205T000000Z.json,53,3212527,FIHEL,70
port_calls__20250204T000000Z__20250205T000000Z.json,54,3212528,FITOR,70
port_calls__20250204T000000Z__20250205T000000Z.json,55,3212615,FIKTK,40
port_calls__20250204T000000Z__20250205T000000Z.json,56,3212617,FIHEL,50
port_calls__20250204T000000Z__20250205T000000Z.json,57,3212625,FISKV,80
port_calls__20250204T000000Z__20250205T000000Z.json,58,3212763,FIVAA,20
port_calls__20250204T000000Z__20250205T000000Z.json,59,3212764,FIVAA,20
port_calls__20250204T000000Z__20250205T000000Z.json,60,3212772,FIHEL,70
port_calls__20250204T000000Z__20250205T000000Z.json,61,3212799,FIKTK,70
port_calls__20250204T000000Z__20250205T000000Z.json,62,3213013,FIKTK,70
port_calls__20250204T000000Z__20250205T000000Z.json,63,3213034,FIKTK,70
port_calls__20250204T000000Z__20250205T000000Z.json,64,3213064,FIPOR,70
port_calls__20250204T000000Z__20250205T000000Z.json,65,3213193,FIRAA,70
port_calls__20250204T000000Z__20250205T000000Z.json,66,3213215,FIPAR,70
port_calls__20250204T000000Z__20250205T000000Z.json,67,3213216,FIKJO,70
port_calls__20250204T000000Z__20250205T000000Z.json,68,3213230,FIKOK,70
port_calls__20250204T000000Z__20250205T000000Z.json,69,3213604,FIUKI,70
port_calls__20250204T000000Z__20250205T000000Z.json,70,3213742,FIRAU,70
port_calls__20250204T000000Z__20250205T000000Z.json,71,3213846,FIANK,70
port_calls__20250204T000000Z__20250205T000000Z.json,72,3214137,FIKOK,95
port_calls__20250204T000000Z__20250205T000000Z.json,73,3214143,FIPOR,70
port_calls__20250204T000000Z__20250205T000000Z.json,74,3214146,FIVEI,90
port_calls__20250204T000000Z__20250205T000000Z.json,75,3214147,FIVEI,90
port_calls__20250204T000000Z__20250205T000000Z.json,76,3214150,FIKOK,94
port_calls__20250204T000000Z__20250205T000000Z.json,77,3214168,FIHEL,91
port_calls__20250204T000000Z__20250205T000000Z.json,78,3214180,FILPP,70
port_calls__20250204T000000Z__20250205T000000Z.json,79,3214756,FIVEI,10
port_calls__20250204T000000Z__20250205T000000Z.json,80,3214898,FIANK,91
port_calls__20250204T000000Z__20250205T000000Z.json,81,3214899,FIANK,93
port_calls__20250205T000000Z__20250206T000000Z.json,1,3190805,FITKU,20
port_calls__20250205T000000Z__20250206T000000Z.json,2,3190956,FITKU,20
port_calls__20250205T000000Z__20250206T000000Z.json,3,3193925,FILAN,20
port_calls__20250205T000000Z__20250206T000000Z.json,4,3193967,FITKU,20
port_calls__20250205T000000Z__20250206T000000Z.json,5,3194032,FILAN,20
port_calls__20250205T000000Z__20250206T000000Z.json,6,3195397,FILAN,20
port_calls__20250205T000000Z__20250206T000000Z.json,7,3196653,FIECK,20
port_calls__20250205T000000Z__20250206T000000Z.json,8,3196681,FIECK,20
port_calls__20250205T000000Z__20250206T000000Z.json,9,3196709,FIECK,20
port_calls__20250205T000000Z__20250206T000000Z.json,10,3197601,FIHEL,20
port_calls__20250205T000000Z__20250206T000000Z.json,11,3197632,FIHEL,20
port_calls__20250205T000000Z__20250206T000000Z.json,12,3197656,FIHEL,20
port_calls__20250205T000000Z__20250206T000000Z.json,13,3197680,FIHEL,40
port_calls__20250205T000000Z__20250206T000000Z.json,14,3197715,FIHEL,40
port_calls__20250205T000000Z__20250206T000000Z.json,15,3197731,FIHEL,40
port_calls__20250205T000000Z__20250206T000000Z.json,16,3198907,FIHKO,40
port_calls__20250205T000000Z__20250206T000000Z.json,17,3201374,FIHEL,20
port_calls__20250205T000000Z__20250206T000000Z.json,18,3201586,FILAN,20
port_calls__20250205T000000Z__20250206T000000Z.json,19,3201592,FILAN,20
port_calls__20250205T000000Z__20250206T000000Z.json,20,3201608,FIMHQ,20
port_calls__20250205T000000Z__20250206T000000Z.json,21,3201615,FIMHQ,20
port_calls__20250205T000000Z__20250206T000000Z.json,22,3201622,FIMHQ,10
port_calls__20250205T000000Z__20250206T000000Z.json,23,3206632,FILAN,20
port_calls__20250205T000000Z__20250206T000000Z.json,24,3206645,FINLI,20
port_calls__20250205T000000Z__20250206T000000Z.json,25,3206648,FILAN,20
port_calls__20250205T000000Z__20250206T000000Z.json,26,3206776,FINLI,20
port_calls__20250205T000000Z__20250206T000000Z.json,27,3206788,FILAN,20
port_calls__20250205T000000Z__20250206T000000Z.json,28,3208488,FIHEL,20
port_calls__20250205T000000Z__20250206T000000Z.json,29,3208490,FIHEL,20
port_calls__20250205T000000Z__20250206T000000Z.json,30,3208495,FIHEL,20
port_calls__20250205T000000Z__20250206T000000Z.json,31,3208508,FIHEL,20
port_calls__20250205T000000Z__20250206T000000Z.json,32,3208520,FIHEL,20
port_calls__20250205T000000Z__20250206T000000Z.json,33,3208523,FIHEL,20
port_calls__20250205T000000Z__20250206T000000Z.json,34,3208584,FIMHQ,20
port_calls__20250205T000000Z__20250206T000000Z.json,35,3208594,FIHEL,20
port_calls__20250205T000000Z__20250206T000000Z.json,36,3208598,FIMHQ,20
port_calls__20250205T000000Z__20250206T000000Z.json,37,3208606,FIHEL,20
port_calls__20250205T000000Z__20250206T000000Z.json,38,3209226,FIKTK,70
port_calls__20250205T000000Z__20250206T000000Z.json,39,3209547,FIHEL,20
port_calls__20250205T000000Z__20250206T000000Z.json,40,3209563,FIHEL,20
port_calls__20250205T000000Z__20250206T000000Z.json,41,3209607,FIMHQ,20
port_calls__20250205T000000Z__20250206T000000Z.json,42,3209622,FIMHQ,20
port_calls__20250205T000000Z__20250206T000000Z.json,43,3210197,FIHEL,50
port_calls__20250205T000000Z__20250206T000000Z.json,44,3210203,FIRAA,70
port_calls__20250205T000000Z__20250206T000000Z.json,45,3210699,FINLI,80
port_calls__20250205T000000Z__20250206T000000Z.json,46,3211179,FISKV,81
port_calls__20250205T000000Z__20250206T000000Z.json,47,3211263,FIKTK,40
port_calls__20250205T000000Z__20250206T000000Z.json,48,3211265,FIHKO,40
port_calls__20250205T000000Z__20250206T000000Z.json,49,3211774,FIKTK,70
port_calls__20250205T000000Z__20250206T000000Z.json,50,3212031,FIOUL,70
port_calls__20250205T000000Z__20250206T000000Z.json,51,3212097,FIHKO,40
port_calls__20250205T000000Z__20250206T000000Z.json,52,3212099,FIHKO,40
port_calls__20250205T000000Z__20250206T000000Z.json,53,3212153,FILAN,40
port_calls__20250205T000000Z__20250206T000000Z.json,54,3212173,FINLI,40
port_calls__20250205T000000Z__20250206T000000Z.json,55,3212281,FIRAU,50
port_calls__20250205T000000Z__20250206T000000Z.json,56,3212461,FIKTK,50
port_calls__20250205T000000Z__20250206T000000Z.json,57,3212549,FIUKI,70
port_calls__20250205T000000Z__20250206T000000Z.json,58,3212554,FITKU,70
port_calls__20250205T000000Z__20250206T000000Z.json,59,3212616,FIKTK,40
port_calls__20250205T000000Z__20250206T000000Z.json,60,3212696,FITOR,70
port_calls__20250205T000000Z__20250206T000000Z.json,61,3212773,FIHEL,70
port_calls__20250205T000000Z__20250206T000000Z.json,62,3212809,FIKTK,70
port_calls__20250205T000000Z__20250206T000000Z.json,63,3212839,FIKTK,70
port_calls__20250205T000000Z__20250206T000000Z.json,64,3212935,FIHKO,44
port_calls__20250205T000000Z__20250206T000000Z.json,65,3213004,FIKEM,90
port_calls__20250205T000000Z__20250206T000000Z.json,66,3213195,FIRAA,70
port_calls__20250205T000000Z__20250206T000000Z.json,67,3213565,FINLI,80
port_calls__20250205T000000Z__20250206T000000Z.json,68,3213578,FIMHQ,20
port_calls__20250205T000000Z__20250206T000000Z.json,69,3213587,FIMHQ,20
port_calls__20250205T000000Z__20250206T000000Z.json,70,3213606,FINLI,70
port_calls__20250205T000000Z__20250206T000000Z.json,71,3213887,FISKV,81
port_calls__20250205T000000Z__20250206T000000Z.json,72,3214118,FIPRS,70
port_calls__20250205T000000Z__20250206T000000Z.json,73,3214167,FIPRS,70
port_calls__20250205T000000Z__20250206T000000Z.json,74,3214594,FIHKO,70
port_calls__20250205T000000Z__20250206T000000Z.json,75,3214719,FIKTK,70
port_calls__20250205T000000Z__20250206T000000Z.json,76,3214746,FINLI,70
port_calls__20250205T000000Z__20250206T000000Z.json,77,3214770,FISKV,80
port_calls__20250205T000000Z__20250206T000000Z.json,78,3214835,FIRAA,91
port_calls__20250205T000000Z__20250206T000000Z.json,79,3214846,FIVAA,20
port_calls__20250205T000000Z__20250206T000000Z.json,80,3214847,FIVAA,20
port_calls__20250205T000000Z__20250206T000000Z.json,81,3214880,FITKU,90
port_calls__20250205T000000Z__20250206T000000Z.json,82,3214978,FIVEI,90
port_calls__20250205T000000Z__20250206T000000Z.json,83,3214980,FIVEI,90
port_calls__20250205T000000Z__20250206T000000Z.json,84,3215005,FIVEI,10
port_calls__20250205T000000Z__20250206T000000Z.json,85,3215517,FIANK,81
port_calls__20250205T000000Z__20250206T000000Z.json,86,3223844,FIKOK,91
port_calls__20250206T000000Z__20250207T000000Z.json,1,3190806,FITKU,20
port_calls__20250206T000000Z__20250207T000000Z.json,2,3190957,FITKU,20
port_calls__20250206T000000Z__20250207T000000Z.json,3,3193940,FILAN,20
port_calls__20250206T000000Z__20250207T000000Z.json,4,3194026,FITKU,20
port_calls__20250206T000000Z__20250207T000000Z.json,5,3194176,FIMHQ,20
port_calls__20250206T000000Z__20250207T000000Z.json,6,3195620,FILAN,20
port_calls__20250206T000000Z__20250207T000000Z.json,7,3196654,FIECK,20
port_calls__20250206T000000Z__20250207T000000Z.json,8,3196682,FIECK,20
port_calls__20250206T000000Z__20250207T000000Z.json,9,3196710,FIECK,20
port_calls__20250206T000000Z__20250207T000000Z.json,10,3197602,FIHEL,20
port_calls__20250206T000000Z__20250207T000000Z.json,11,3197633,FIHEL,20
port_calls__20250206T000000Z__20250207T000000Z.json,12,3197657,FIHEL,20
port_calls__20250206T000000Z__20250207T000000Z.json,13,3197681,FIHEL,40
port_calls__20250206T000000Z__20250207T000000Z.json,14,3197716,FIHEL,40
port_calls__20250206T000000Z__20250207T000000Z.json,15,3197732,FIHEL,40
port_calls__20250206T000000Z__20250207T000000Z.json,16,3201228,FIHEL,20
port_calls__20250206T000000Z__20250207T000000Z.json,17,3201587,FILAN,20
port_calls__20250206T000000Z__20250207T000000Z.json,18,3201593,FILAN,20
port_calls__20250206T000000Z__20250207T000000Z.json,19,3201609,FIMHQ,20
port_calls__20250206T000000Z__20250207T000000Z.json,20,3201616,FIMHQ,20
port_calls__20250206T000000Z__20250207T000000Z.json,21,3201623,FIMHQ,10
port_calls__20250206T000000Z__20250207T000000Z.json,22,3206662,FILAN,20
port_calls__20250206T000000Z__20250207T000000Z.json,23,3206664,FILAN,20
port_calls__20250206T000000Z__20250207T000000Z.json,24,3206703,FINLI,20
port_calls__20250206T000000Z__20250207T000000Z.json,25,3206771,FILAN,20
port_calls__20250206T000000Z__20250207T000000Z.json,26,3206828,FINLI,20
port_calls__20250206T000000Z__20250207T000000Z.json,27,3207749,FIHEL,20
port_calls__20250206T000000Z__20250207T000000Z.json,28,3208050,FIHKO,40
port_calls__20250206T000000Z__20250207T000000Z.json,29,3208487,FIHEL,20
port_calls__20250206T000000Z__20250207T000000Z.json,30,3208503,FIHEL,20
port_calls__20250206T000000Z__20250207T000000Z.json,31,3208505,FIHEL,20
port_calls__20250206T000000Z__20250207T000000Z.json,32,3208514,FIHEL,20
port_calls__20250206T000000Z__20250207T000000Z.json,33,3208532,FIHEL,20
port_calls__20250206T000000Z__20250207T000000Z.json,34,3208541,FIHEL,20
port_calls__20250206T000000Z__20250207T000000Z.json,35,3208581,FIMHQ,20
port_calls__20250206T000000Z__20250207T000000Z.json,36,3208591,FIHEL,20
port_calls__20250206T000000Z__20250207T000000Z.json,37,3208603,FIHEL,20
port_calls__20250206T000000Z__20250207T000000Z.json,38,3208613,FIMHQ,20
port_calls__20250206T000000Z__20250207T000000Z.json,39,3210282,FIHEL,20
port_calls__20250206T000000Z__20250207T000000Z.json,40,3210305,FIHEL,20
port_calls__20250206T000000Z__20250207T000000Z.json,41,3210315,FIHEL,20
port_calls__20250206T000000Z__20250207T000000Z.json,42,3211482,FINLI,70
port_calls__20250206T000000Z__20250207T000000Z.json,43,3211877,FIOUL,82
port_calls__20250206T000000Z__20250207T000000Z.json,44,3212098,FIHKO,40
port_calls__20250206T000000Z__20250207T000000Z.json,45,3212154,FILAN,40
port_calls__20250206T000000Z__20250207T000000Z.json,46,3212174,FINLI,40
port_calls__20250206T000000Z__20250207T000000Z.json,47,3212197,FISKV,81
port_calls__20250206T000000Z__20250207T000000Z.json,48,3212290,FIKEM,70
port_calls__20250206T000000Z__20250207T000000Z.json,49,3212371,FIRAU,50
port_calls__20250206T000000Z__20250207T000000Z.json,50,3212555,FIRAU,70
port_calls__20250206T000000Z__20250207T000000Z.json,51,3212697,FITOR,70
port_calls__20250206T000000Z__20250207T000000Z.json,52,3212756,FIUKI,70
port_calls__20250206T000000Z__20250207T000000Z.json,53,3212759,FIHKO,40
port_calls__20250206T000000Z__20250207T000000Z.json,54,3212768,FIHEL,50
port_calls__20250206T000000Z__20250207T000000Z.json,55,3212787,FIINK,91
port_calls__20250206T000000Z__20250207T000000Z.json,56,3212798,FIINK,95
port_calls__20250206T000000Z__20250207T000000Z.json,57,3212842,FISKV,80
port_calls__20250206T000000Z__20250207T000000Z.json,58,3213263,FIKTK,50
port_calls__20250206T000000Z__20250207T000000Z.json,59,3213605,FIANK,70
port_calls__20250206T000000Z__20250207T000000Z.json,60,3213624,FIKAS,40
port_calls__20250206T000000Z__20250207T000000Z.json,61,3213625,FISKV,83
port_calls__20250206T000000Z__20250207T000000Z.json,62,3213628,FIPOR,91
port_calls__20250206T000000Z__20250207T000000Z.json,63,3213629,FIPOR,90
port_calls__20250206T000000Z__20250207T000000Z.json,64,3213638,FISKV,81
port_calls__20250206T000000Z__20250207T000000Z.json,65,3213939,FIUKI,60
port_calls__20250206T000000Z__20250207T000000Z.json,66,3214138,FIKOK,95
port_calls__20250206T000000Z__20250207T000000Z.json,67,3214219,FIRAU,91
port_calls__20250206T000000Z__20250207T000000Z.json,68,3214479,FIRAU,93
port_calls__20250206T000000Z__20250207T000000Z.json,69,3214480,FIKEM,90
port_calls__20250206T000000Z__20250207T000000Z.json,70,3214800,FIRAU,70
port_calls__20250206T000000Z__20250207T000000Z.json,71,3214824,FIKAS,70
port_calls__20250206T000000Z__20250207T000000Z.json,72,3214839,FIRAA,94
port_calls__20250206T000000Z__20250207T000000Z.json,73,3214840,FIRAA,95
port_calls__20250206T000000Z__20250207T000000Z.json,74,3214859,FIKTK,70
port_calls__20250206T000000Z__20250207T000000Z.json,75,3214984,FIVAA,20
port_calls__20250206T000000Z__20250207T000000Z.json,76,3214996,FIVRK,70
port_calls__20250206T000000Z__20250207T000000Z.json,77,3215043,FIANK,60
port_calls__20250206T000000Z__20250207T000000Z.json,78,3215441,FIKOK,94
port_calls__20250206T000000Z__20250207T000000Z.json,79,3215508,FIVEI,90
port_calls__20250206T000000Z__20250207T000000Z.json,80,3215509,FIVEI,90
port_calls__20250206T000000Z__20250207T000000Z.json,81,3215526,FIVEI,10
port_calls__20250206T000000Z__20250207T000000Z.json,82,3215643,FIKTK,70
port_calls__20250206T000000Z__20250207T000000Z.json,83,3215687,FIANK,81
port_calls__20250206T000000Z__20250207T000000Z.json,84,3215722,FIANK,80
port_calls__20250206T000000Z__20250207T000000Z.json,85,3215736,FIANK,80
port_calls__20250207T000000Z__20250208T000000Z.json,1,3180680,FIHKO,40
port_calls__20250207T000000Z__20250208T000000Z.json,2,3190807,FITKU,20
port_calls__20250207T000000Z__20250208T000000Z.json,3,3190958,FITKU,20
port_calls__20250207T000000Z__20250208T000000Z.json,4,3193916,FILAN,20
port_calls__20250207T000000Z__20250208T000000Z.json,5,3194003,FITKU,20
port_calls__20250207T000000Z__20250208T000000Z.json,6,3194034,FIMHQ,20
port_calls__20250207T000000Z__20250208T000000Z.json,7,3195456,FILAN,20
port_calls__20250207T000000Z__20250208T000000Z.json,8,3196099,FIHEL,20
port_calls__20250207T000000Z__20250208T000000Z.json,9,3196655,FIECK,20
port_calls__20250207T000000Z__20250208T000000Z.json,10,3196683,FIECK,20
port_calls__20250207T000000Z__20250208T000000Z.json,11,3196711,FIECK,20
port_calls__20250207T000000Z__20250208T000000Z.json,12,3197603,FIHEL,20
port_calls__20250207T000000Z__20250208T000000Z.json,13,3197634,FIHEL,20
port_calls__20250207T000000Z__20250208T000000Z.json,14,3197658,FIHEL,20
port_calls__20250207T000000Z__20250208T000000Z.json,15,3197682,FIHEL,40
port_calls__20250207T000000Z__20250208T000000Z.json,16,3197717,FIHEL,40
port_calls__20250207T000000Z__20250208T000000Z.json,17,3197733,FIHEL,40
port_calls__20250207T000000Z__20250208T000000Z.json,18,3199110,FIHEL,40
port_calls__20250207T000000Z__20250208T000000Z.json,19,3201303,FIHEL,20
port_calls__20250207T000000Z__20250208T000000Z.json,20,3201588,FILAN,20
port_calls__20250207T000000Z__20250208T000000Z.json,21,3201594,FILAN,20
port_calls__20250207T000000Z__20250208T000000Z.json,22,3201599,FIMHQ,20
port_calls__20250207T000000Z__20250208T000000Z.json,23,3201610,FIMHQ,20
port_calls__20250207T000000Z__20250208T000000Z.json,24,3201617,FIMHQ,20
port_calls__20250207T000000Z__20250208T000000Z.json,25,3201624,FIMHQ,10
port_calls__20250207T000000Z__20250208T000000Z.json,26,3201629,FIMHQ,20
port_calls__20250207T000000Z__20250208T000000Z.json,27,3206646,FILAN,20
port_calls__20250207T000000Z__20250208T000000Z.json,28,3206690,FINLI,20
port_calls__20250207T000000Z__20250208T000000Z.json,29,3206724,FILAN,20
port_calls__20250207T000000Z__20250208T000000Z.json,30,3206777,FINLI,20
port_calls__20250207T000000Z__20250208T000000Z.json,31,3206860,FILAN,20
port_calls__20250207T000000Z__20250208T000000Z.json,32,3207828,FIPOR,70
port_calls__20250207T000000Z__20250208T000000Z.json,33,3207978,FIHKO,40
port_calls__20250207T000000Z__20250208T000000Z.json,34,3208491,FIHEL,20
port_calls__20250207T000000Z__20250208T000000Z.json,35,3208492,FIHEL,20
port_calls__20250207T000000Z__20250208T000000Z.json,36,3208497,FIHEL,20
port_calls__20250207T000000Z__20250208T000000Z.json,37,3208501,FIHEL,20
port_calls__20250207T000000Z__20250208T000000Z.json,38,3208506,FIHEL,20
port_calls__20250207T000000Z__20250208T000000Z.json,39,3208509,FIHEL,20
port_calls__20250207T000000Z__20250208T000000Z.json,40,3208580,FIHEL,20
port_calls__20250207T000000Z__20250208T000000Z.json,41,3208607,FIHEL,20
port_calls__20250207T000000Z__20250208T000000Z.json,42,3208633,FIMHQ,20
port_calls__20250207T000000Z__20250208T000000Z.json,43,3208642,FIMHQ,20
port_calls__20250207T000000Z__20250208T000000Z.json,44,3210316,FIHEL,20
port_calls__20250207T000000Z__20250208T000000Z.json,45,3211178,FISKV,80
port_calls__20250207T000000Z__20250208T000000Z.json,46,3211529,FINLI,70
port_calls__20250207T000000Z__20250208T000000Z.json,47,3211878,FIPOR,83
port_calls__20250207T000000Z__20250208T000000Z.json,48,3212155,FILAN,40
port_calls__20250207T000000Z__20250208T000000Z.json,49,3212175,FINLI,40
port_calls__20250207T000000Z__20250208T000000Z.json,50,3212313,FIKAS,70
port_calls__20250207T000000Z__20250208T000000Z.json,51,3212457,FIHKO,40
port_calls__20250207T000000Z__20250208T000000Z.json,52,3212463,FIHEL,50
port_calls__20250207T000000Z__20250208T000000Z.json,53,3212544,FIOUL,40
port_calls__20250207T000000Z__20250208T000000Z.json,54,3212562,FIHEL,20
port_calls__20250207T000000Z__20250208T000000Z.json,55,3212698,FITOR,82
port_calls__20250207T000000Z__20250208T000000Z.json,56,3212837,FIUKI,82
port_calls__20250207T000000Z__20250208T000000Z.json,57,3213140,FITOR,70
port_calls__20250207T000000Z__20250208T000000Z.json,58,3213203,FIRAU,70
port_calls__20250207T000000Z__20250208T000000Z.json,59,3213577,FIMHQ,20
port_calls__20250207T000000Z__20250208T000000Z.json,60,3213586,FIMHQ,20
port_calls__20250207T000000Z__20250208T000000Z.json,61,3213630,FIKOK,70
port_calls__20250207T000000Z__20250208T000000Z.json,62,3213847,FIPRS,70
port_calls__20250207T000000Z__20250208T000000Z.json,63,3214116,FIHKO,44
port_calls__20250207T000000Z__20250208T000000Z.json,64,3214135,FISKV,80
port_calls__20250207T000000Z__20250208T000000Z.json,65,3214747,FIINK,70
port_calls__20250207T000000Z__20250208T000000Z.json,66,3214775,FIKTK,70
port_calls__20250207T000000Z__20250208T000000Z.json,67,3214837,FISKV,80
port_calls__20250207T000000Z__20250208T000000Z.json,68,3214981,FIANK,70
port_calls__20250207T000000Z__20250208T000000Z.json,69,3214986,FIVAA,20
port_calls__20250207T000000Z__20250208T000000Z.json,70,3214991,FIVAA,20
port_calls__20250207T000000Z__20250208T000000Z.json,71,3214992,FINLI,91
port_calls__20250207T000000Z__20250208T000000Z.json,72,3214993,FIRAU,40
port_calls__20250207T000000Z__20250208T000000Z.json,73,3215002,FIKTK,70
port_calls__20250207T000000Z__20250208T000000Z.json,74,3215040,FIUKI,70
port_calls__20250207T000000Z__20250208T000000Z.json,75,3215042,FIPRS,60
port_calls__20250207T000000Z__20250208T000000Z.json,76,3215045,FIOUL,90
port_calls__20250207T000000Z__20250208T000000Z.json,77,3215051,FIANK,60
port_calls__20250207T000000Z__20250208T000000Z.json,78,3215287,FIFAR,70
port_calls__20250207T000000Z__20250208T000000Z.json,79,3215397,FIOUL,70
port_calls__20250207T000000Z__20250208T000000Z.json,80,3215409,FIKOK,50
port_calls__20250207T000000Z__20250208T000000Z.json,81,3215495,FIIMA,70
port_calls__20250207T000000Z__20250208T000000Z.json,82,3215747,FIPAR,70
port_calls__20250207T000000Z__20250208T000000Z.json,83,3215799,FIVEI,90
port_calls__20250207T000000Z__20250208T000000Z.json,84,3215861,FIVEI,10
port_calls__20250207T000000Z__20250208T000000Z.json,85,3215862,FIANK,80
port_calls__20250207T000000Z__20250208T000000Z.json,86,3216003,FIHEL,91
port_calls__20250208T000000Z__20250209T000000Z.json,1,3190808,FITKU,20
port_calls__20250208T000000Z__20250209T000000Z.json,2,3190959,FITKU,20
port_calls__20250208T000000Z__20250209T000000Z.json,3,3193906,FITKU,20
port_calls__20250208T000000Z__20250209T000000Z.json,4,3193939,FILAN,20
port_calls__20250208T000000Z__20250209T000000Z.json,5,3194143,FILAN,20
port_calls__20250208T000000Z__20250209T000000Z.json,6,3195374,FILAN,20
port_calls__20250208T000000Z__20250209T000000Z.json,7,3195561,FILAN,20
port_calls__20250208T000000Z__20250209T000000Z.json,8,3196032,FIHEL,20
port_calls__20250208T000000Z__20250209T000000Z.json,9,3196656,FIECK,20
port_calls__20250208T000000Z__20250209T000000Z.json,10,3196684,FIECK,20
port_calls__20250208T000000Z__20250209T000000Z.json,11,3196712,FIECK,20
port_calls__20250208T000000Z__20250209T000000Z.json,12,3197604,FIHEL,20
port_calls__20250208T000000Z__20250209T000000Z.json,13,3197626,FIHEL,20
port_calls__20250208T000000Z__20250209T000000Z.json,14,3197659,FIHEL,20
port_calls__20250208T000000Z__20250209T000000Z.json,15,3199132,FIHKO,40
port_calls__20250208T000000Z__20250209T000000Z.json,16,3201381,FIHEL,20
port_calls__20250208T000000Z__20250209T000000Z.json,17,3201589,FILAN,20
port_calls__20250208T000000Z__20250209T000000Z.json,18,3201595,FILAN,20
port_calls__20250208T000000Z__20250209T000000Z.json,19,3201605,FIMHQ,20
port_calls__20250208T000000Z__20250209T000000Z.json,20,3201611,FIMHQ,20
port_calls__20250208T000000Z__20250209T000000Z.json,21,3201618,FIMHQ,20
port_calls__20250208T000000Z__20250209T000000Z.json,22,3201625,FIMHQ,10
port_calls__20250208T000000Z__20250209T000000Z.json,23,3201648,FIMHQ,20
port_calls__20250208T000000Z__20250209T000000Z.json,24,3206655,FINLI,20
port_calls__20250208T000000Z__20250209T000000Z.json,25,3206680,FILAN,20
port_calls__20250208T000000Z__20250209T000000Z.json,26,3206739,FILAN,20
port_calls__20250208T000000Z__20250209T000000Z.json,27,3206810,FINLI,20
port_calls__20250208T000000Z__20250209T000000Z.json,28,3208485,FIHEL,20
port_calls__20250208T000000Z__20250209T000000Z.json,29,3208486,FIHEL,20
port_calls__20250208T000000Z__20250209T000000Z.json,30,3208534,FIHEL,20
port_calls__20250208T000000Z__20250209T000000Z.json,31,3208536,FIHEL,20
port_calls__20250208T000000Z__20250209T000000Z.json,32,3208538,FIHEL,20
port_calls__20250208T000000Z__20250209T000000Z.json,33,3208586,FIMHQ,20
port_calls__20250208T000000Z__20250209T000000Z.json,34,3208597,FIHEL,20
port_calls__20250208T000000Z__20250209T000000Z.json,35,3208600,FIMHQ,20
port_calls__20250208T000000Z__20250209T000000Z.json,36,3208604,FIHEL,20
port_calls__20250208T000000Z__20250209T000000Z.json,37,3209261,FIINK,70
port_calls__20250208T000000Z__20250209T000000Z.json,38,3211618,FIKTK,60
port_calls__20250208T000000Z__20250209T000000Z.json,39,3212156,FILAN,40
port_calls__20250208T000000Z__20250209T000000Z.json,40,3212245,FIKTK,70
port_calls__20250208T000000Z__20250209T000000Z.json,41,3212372,FIHEL,50
port_calls__20250208T000000Z__20250209T000000Z.json,42,3212455,FIKTK,70
port_calls__20250208T000000Z__20250209T000000Z.json,43,3212505,FISKV,80
port_calls__20250208T000000Z__20250209T000000Z.json,44,3212552,FIRAU,70
port_calls__20250208T000000Z__20250209T000000Z.json,45,3212569,FIHEL,20
port_calls__20250208T000000Z__20250209T000000Z.json,46,3212589,FIHEL,20
port_calls__20250208T000000Z__20250209T000000Z.json,47,3212618,FIKTK,70
port_calls__20250208T000000Z__20250209T000000Z.json,48,3212758,FIHKO,40
port_calls__20250208T000000Z__20250209T000000Z.json,49,3212761,FIKTK,70
port_calls__20250208T000000Z__20250209T000000Z.json,50,3212771,FIKTK,50
port_calls__20250208T000000Z__20250209T000000Z.json,51,3212836,FITOR,70
port_calls__20250208T000000Z__20250209T000000Z.json,52,3213143,FIHKO,40
port_calls__20250208T000000Z__20250209T000000Z.json,53,3213544,FISKV,83
port_calls__20250208T000000Z__20250209T000000Z.json,54,3213615,FIKEM,40
port_calls__20250208T000000Z__20250209T000000Z.json,55,3213743,FISKV,80
port_calls__20250208T000000Z__20250209T000000Z.json,56,3214117,FIOUL,80
port_calls__20250208T000000Z__20250209T000000Z.json,57,3214134,FISKV,80
port_calls__20250208T000000Z__20250209T000000Z.json,58,3214723,FIVAA,70
port_calls__20250208T000000Z__20250209T000000Z.json,59,3214733,FIKAS,70
port_calls__20250208T000000Z__20250209T000000Z.json,60,3214838,FISKV,80
port_calls__20250208T000000Z__20250209T000000Z.json,61,3214983,FINLI,70
port_calls__20250208T000000Z__20250209T000000Z.json,62,3215029,FIKNT,50
port_calls__20250208T000000Z__20250209T000000Z.json,63,3215053,FIPRS,60
port_calls__20250208T000000Z__20250209T000000Z.json,64,3215288,FIKTK,50
port_calls__20250208T000000Z__20250209T000000Z.json,65,3215289,FIRAU,70
port_calls__20250208T000000Z__20250209T000000Z.json,66,3215353,FIVAA,20
port_calls__20250208T000000Z__20250209T000000Z.json,67,3215393,FIPRS,40
port_calls__20250208T000000Z__20250209T000000Z.json,68,3215693,FISKV,81
port_calls__20250208T000000Z__20250209T000000Z.json,69,3215735,FIKTK,83
port_calls__20250208T000000Z__20250209T000000Z.json,70,3215800,FIVEI,90
port_calls__20250208T000000Z__20250209T000000Z.json,71,3215801,FIRAA,95
port_calls__20250208T000000Z__20250209T000000Z.json,72,3215802,FIRAA,94
port_calls__20250208T000000Z__20250209T000000Z.json,73,3216080,FIKTK,70
port_calls__20250208T000000Z__20250209T000000Z.json,74,3216105,FIHEL,91
port_calls__20250208T000000Z__20250209T000000Z.json,75,3216131,FIVRK,70
port_calls__20250208T000000Z__20250209T000000Z.json,76,3216164,FIVEI,90
port_calls__20250208T000000Z__20250209T000000Z.json,77,3216194,FIKJO,70
port_calls__20250208T000000Z__20250209T000000Z.json,78,3216272,FIVEI,10
port_calls__20250209T000000Z__20250210T000000Z.json,1,3180676,FIHKO,40
port_calls__20250209T000000Z__20250210T000000Z.json,2,3190809,FITKU,20
port_calls__20250209T000000Z__20250210T000000Z.json,3,3190960,FITKU,20
port_calls__20250209T000000Z__20250210T000000Z.json,4,3193901,FILAN,20
port_calls__20250209T000000Z__20250210T000000Z.json,5,3193926,FITKU,20
port_calls__20250209T000000Z__20250210T000000Z.json,6,3194041,FILAN,20
port_calls__20250209T000000Z__20250210T000000Z.json,7,3195401,FILAN,20
port_calls__20250209T000000Z__20250210T000000Z.json,8,3195411,FILAN,20
port_calls__20250209T000000Z__20250210T000000Z.json,9,3196657,FIECK,20
port_calls__20250209T000000Z__20250210T000000Z.json,10,3196685,FIECK,20
port_calls__20250209T000000Z__20250210T000000Z.json,11,3196713,FIECK,20
port_calls__20250209T000000Z__20250210T000000Z.json,12,3197605,FIHEL,20
port_calls__20250209T000000Z__20250210T000000Z.json,13,3197635,FIHEL,20
port_calls__20250209T000000Z__20250210T000000Z.json,14,3197684,FIHEL,40
port_calls__20250209T000000Z__20250210T000000Z.json,15,3201276,FIHEL,20
port_calls__20250209T000000Z__20250210T000000Z.json,16,3201590,FILAN,20
port_calls__20250209T000000Z__20250210T000000Z.json,17,3201596,FILAN,20
port_calls__20250209T000000Z__20250210T000000Z.json,18,3201600,FIMHQ,20
port_calls__20250209T000000Z__20250210T000000Z.json,19,3201612,FIMHQ,20
port_calls__20250209T000000Z__20250210T000000Z.json,20,3201619,FIMHQ,20
port_calls__20250209T000000Z__20250210T000000Z.json,21,3201626,FIMHQ,10
port_calls__20250209T000000Z__20250210T000000Z.json,22,3201630,FIMHQ,20
port_calls__20250209T000000Z__20250210T000000Z.json,23,3206689,FILAN,20
port_calls__20250209T000000Z__20250210T000000Z.json,24,3206693,FINLI,20
port_calls__20250209T000000Z__20250210T000000Z.json,25,3206717,FILAN,20
port_calls__20250209T000000Z__20250210T000000Z.json,26,3206814,FINLI,20
port_calls__20250209T000000Z__20250210T000000Z.json,27,3208484,FIHEL,20
port_calls__20250209T000000Z__20250210T000000Z.json,28,3208489,FIHEL,20
port_calls__20250209T000000Z__20250210T000000Z.json,29,3208500,FIHEL,20
port_calls__20250209T000000Z__20250210T000000Z.json,30,3208504,FIHEL,20
port_calls__20250209T000000Z__20250210T000000Z.json,31,3208507,FIHEL,20
port_calls__20250209T000000Z__20250210T000000Z.json,32,3208516,FIHEL,20
port_calls__20250209T000000Z__20250210T000000Z.json,33,3208577,FIHEL,20
port_calls__20250209T000000Z__20250210T000000Z.json,34,3208593,FIHEL,20
port_calls__20250209T000000Z__20250210T000000Z.json,35,3208626,FIMHQ,20
port_calls__20250209T000000Z__20250210T000000Z.json,36,3208652,FIMHQ,20
port_calls__20250209T000000Z__20250210T000000Z.json,37,3210317,FIHEL,20
port_calls__20250209T000000Z__20250210T000000Z.json,38,3211982,FIPOR,80
port_calls__20250209T000000Z__20250210T000000Z.json,39,3212354,FIRAU,50
port_calls__20250209T000000Z__20250210T000000Z.json,40,3212456,FIKTK,40
port_calls__20250209T000000Z__20250210T000000Z.json,41,3212458,FIHKO,40
port_calls__20250209T000000Z__20250210T000000Z.json,42,3212570,FIHEL,20
port_calls__20250209T000000Z__20250210T000000Z.json,43,3212604,FIHEL,20
port_calls__20250209T000000Z__20250210T000000Z.json,44,3212607,FIHEL,20
port_calls__20250209T000000Z__20250210T000000Z.json,45,3213149,FIHKO,40
port_calls__20250209T000000Z__20250210T000000Z.json,46,3213581,FIMHQ,20
port_calls__20250209T000000Z__20250210T000000Z.json,47,3213585,FIMHQ,20
port_calls__20250209T000000Z__20250210T000000Z.json,48,3213607,FIUKI,70
port_calls__20250209T000000Z__20250210T000000Z.json,49,3213627,FIHKO,40
port_calls__20250209T000000Z__20250210T000000Z.json,50,3213825,FIUKI,70
port_calls__20250209T000000Z__20250210T000000Z.json,51,3213998,FIKOK,70
port_calls__20250209T000000Z__20250210T000000Z.json,52,3214734,FITOR,70
port_calls__20250209T000000Z__20250210T000000Z.json,53,3214831,FIKTK,60
port_calls__20250209T000000Z__20250210T000000Z.json,54,3215022,FIINK,70
port_calls__20250209T000000Z__20250210T000000Z.json,55,3215056,FIKOK,60
port_calls__20250209T000000Z__20250210T000000Z.json,56,3215226,FISKV,83
port_calls__20250209T000000Z__20250210T000000Z.json,57,3215329,FIKTK,50
port_calls__20250209T000000Z__20250210T000000Z.json,58,3215354,FIVAA,20
port_calls__20250209T000000Z__20250210T000000Z.json,59,3215522,FIINK,70
port_calls__20250209T000000Z__20250210T000000Z.json,60,3215724,FISKV,80
port_calls__20250209T000000Z__20250210T000000Z.json,61,3215725,FIRAA,70
port_calls__20250209T000000Z__20250210T000000Z.json,62,3215756,FIRAU,70
port_calls__20250209T000000Z__20250210T000000Z.json,63,3215760,FIRAA,80
port_calls__20250209T000000Z__20250210T000000Z.json,64,3215809,FIRAA,70
port_calls__20250209T000000Z__20250210T000000Z.json,65,3216082,FIKTK,93
port_calls__20250209T000000Z__20250210T000000Z.json,66,3216085,FIKTK,94
port_calls__20250209T000000Z__20250210T000000Z.json,67,3216195,FIRAU,70
port_calls__20250209T000000Z__20250210T000000Z.json,68,3216286,FIRAA,70
port_calls__20250209T000000Z__20250210T000000Z.json,69,3216296,FIHEL,91
port_calls__20250209T000000Z__20250210T000000Z.json,70,3216828,FILPP,70
port_calls__20250209T000000Z__20250210T000000Z.json,71,3216957,FIANK,60
port_calls__20250209T000000Z__20250210T000000Z.json,72,3217065,FIANK,50
port_calls__20250209T000000Z__20250210T000000Z.json,73,3217504,FIANK,80
port_calls__20250209T000000Z__20250210T000000Z.json,74,3217505,FIANK,80
port_calls__20250210T000000Z__20250211T000000Z.json,1,3178425,FIHEL,40
port_calls__20250210T000000Z__20250211T000000Z.json,2,3190810,FITKU,20
port_calls__20250210T000000Z__20250211T000000Z.json,3,3190961,FITKU,20
port_calls__20250210T000000Z__20250211T000000Z.json,4,3193976,FILAN,20
port_calls__20250210T000000Z__20250211T000000Z.json,5,3194009,FITKU,20
port_calls__20250210T000000Z__20250211T000000Z.json,6,3194066,FIMHQ,20
port_calls__20250210T000000Z__20250211T000000Z.json,7,3196033,FIHEL,20
port_calls__20250210T000000Z__20250211T000000Z.json,8,3196658,FIECK,20
port_calls__20250210T000000Z__20250211T000000Z.json,9,3196686,FIECK,20
port_calls__20250210T000000Z__20250211T000000Z.json,10,3196714,FIECK,20
port_calls__20250210T000000Z__20250211T000000Z.json,11,3197606,FIHEL,20
port_calls__20250210T000000Z__20250211T000000Z.json,12,3197636,FIHEL,20
port_calls__20250210T000000Z__20250211T000000Z.json,13,3197660,FIHEL,20
port_calls__20250210T000000Z__20250211T000000Z.json,14,3197685,FIHEL,40
port_calls__20250210T000000Z__20250211T000000Z.json,15,3197707,FIHEL,40
port_calls__20250210T000000Z__20250211T000000Z.json,16,3197711,FIHEL,40
port_calls__20250210T000000Z__20250211T000000Z.json,17,3198905,FIHEL,40
port_calls__20250210T000000Z__20250211T000000Z.json,18,3201300,FIHEL,20
port_calls__20250210T000000Z__20250211T000000Z.json,19,3201597,FILAN,20
port_calls__20250210T000000Z__20250211T000000Z.json,20,3201606,FIMHQ,20
port_calls__20250210T000000Z__20250211T000000Z.json,21,3201613,FIMHQ,20
port_calls__20250210T000000Z__20250211T000000Z.json,22,3201620,FIMHQ,20
port_calls__20250210T000000Z__20250211T000000Z.json,23,3201627,FIMHQ,10
port_calls__20250210T000000Z__20250211T000000Z.json,24,3201649,FIMHQ,20
port_calls__20250210T000000Z__20250211T000000Z.json,25,3206695,FINLI,20
port_calls__20250210T000000Z__20250211T000000Z.json,26,3206718,FILAN,20
port_calls__20250210T000000Z__20250211T000000Z.json,27,3206767,FILAN,20
port_calls__20250210T000000Z__20250211T000000Z.json,28,3208042,FIHKO,40
port_calls__20250210T000000Z__20250211T000000Z.json,29,3208573,FIMHQ,20
port_calls__20250210T000000Z__20250211T000000Z.json,30,3208575,FIHEL,20
port_calls__20250210T000000Z__20250211T000000Z.json,31,3209269,FILAN,20
port_calls__20250210T000000Z__20250211T000000Z.json,32,3210677,FIKTK,50
port_calls__20250210T000000Z__20250211T000000Z.json,33,3210862,FIHEL,20
port_calls__20250210T000000Z__20250211T000000Z.json,34,3210881,FIHEL,20
port_calls__20250210T000000Z__20250211T000000Z.json,35,3210885,FIHEL,20
port_calls__20250210T000000Z__20250211T000000Z.json,36,3210889,FIHEL,20
port_calls__20250210T000000Z__20250211T000000Z.json,37,3210903,FIHEL,20
port_calls__20250210T000000Z__20250211T000000Z.json,38,3210926,FIHEL,20
port_calls__20250210T000000Z__20250211T000000Z.json,39,3210974,FIMHQ,20
port_calls__20250210T000000Z__20250211T000000Z.json,40,3210984,FIHEL,20
port_calls__20250210T000000Z__20250211T000000Z.json,41,3212176,FINLI,40
port_calls__20250210T000000Z__20250211T000000Z.json,42,3212526,FIKTK,70
port_calls__20250210T000000Z__20250211T000000Z.json,43,3212571,FIHEL,20
port_calls__20250210T000000Z__20250211T000000Z.json,44,3212590,FIHEL,20
port_calls__20250210T000000Z__20250211T000000Z.json,45,3213146,FIHKO,40
port_calls__20250210T000000Z__20250211T000000Z.json,46,3213148,FIHKO,40
port_calls__20250210T000000Z__20250211T000000Z.json,47,3213150,FIKTK,40
port_calls__20250210T000000Z__20250211T000000Z.json,48,3213194,FIPRS,70
port_calls__20250210T000000Z__20250211T000000Z.json,49,3213612,FITOR,60
port_calls__20250210T000000Z__20250211T000000Z.json,50,3214075,FIKTK,50
port_calls__20250210T000000Z__20250211T000000Z.json,51,3214745,FIKTK,70
port_calls__20250210T000000Z__20250211T000000Z.json,52,3214748,FIHEL,70
port_calls__20250210T000000Z__20250211T000000Z.json,53,3214799,FIHEL,50
port_calls__20250210T000000Z__20250211T000000Z.json,54,3214822,FIKEM,70
port_calls__20250210T000000Z__20250211T000000Z.json,55,3214834,FIUKI,70
port_calls__20250210T000000Z__20250211T000000Z.json,56,3215290,FIHEL,50
port_calls__20250210T000000Z__20250211T000000Z.json,57,3215330,FIRAU,50
port_calls__20250210T000000Z__20250211T000000Z.json,58,3215352,FIHEL,50
port_calls__20250210T000000Z__20250211T000000Z.json,59,3215356,FIVAA,20
port_calls__20250210T000000Z__20250211T000000Z.json,60,3215496,FIRAA,95
port_calls__20250210T000000Z__20250211T000000Z.json,61,3215497,FIRAA,94
port_calls__20250210T000000Z__20250211T000000Z.json,62,3215518,FIUKI,70
port_calls__20250210T000000Z__20250211T000000Z.json,63,3215527,FIKTK,50
port_calls__20250210T000000Z__20250211T000000Z.json,64,3215663,FITKU,70
port_calls__20250210T000000Z__20250211T000000Z.json,65,3215719,FIRAU,60
port_calls__20250210T000000Z__20250211T000000Z.json,66,3215734,FIRAA,70
port_calls__20250210T000000Z__20250211T000000Z.json,67,3215744,FIKTK,80
port_calls__20250210T000000Z__20250211T000000Z.json,68,3215755,FIKOK,81
port_calls__20250210T000000Z__20250211T000000Z.json,69,3215867,FIHEL,70
port_calls__20250210T000000Z__20250211T000000Z.json,70,3215957,FITOK,70
port_calls__20250210T000000Z__20250211T000000Z.json,71,3216101,FIRAU,70
port_calls__20250210T000000Z__20250211T000000Z.json,72,3216288,FISKV,82
port_calls__20250210T000000Z__20250211T000000Z.json,73,3216295,FIKTK,70
port_calls__20250210T000000Z__20250211T000000Z.json,74,3216300,FIHEL,70
port_calls__20250210T000000Z__20250211T000000Z.json,75,3216307,FIANK,70
port_calls__20250210T000000Z__20250211T000000Z.json,76,3216308,FIHEL,70
port_calls__20250210T000000Z__20250211T000000Z.json,77,3216309,FIKTK,70
port_calls__20250210T000000Z__20250211T000000Z.json,78,3216950,FIRAA,94
port_calls__20250210T000000Z__20250211T000000Z.json,79,3216958,FIRAA,95
port_calls__20250210T000000Z__20250211T000000Z.json,80,3216976,FIVEI,90
port_calls__20250210T000000Z__20250211T000000Z.json,81,3216983,FIVEI,90
port_calls__20250210T000000Z__20250211T000000Z.json,82,3216991,FIVRK,70
port_calls__20250210T000000Z__20250211T000000Z.json,83,3216992,FIANK,80
port_calls__20250210T000000Z__20250211T000000Z.json,84,3217051,FIVEI,10
port_calls__20250210T000000Z__20250211T000000Z.json,85,3217052,FIVEI,10
port_calls__20250210T000000Z__20250211T000000Z.json,86,3217084,FIANK,50
port_calls__20250211T000000Z__20250212T000000Z.json,1,3180652,FIHKO,40
port_calls__20250211T000000Z__20250212T000000Z.json,2,3190811,FITKU,20
port_calls__20250211T000000Z__20250212T000000Z.json,3,3190962,FITKU,20
port_calls__20250211T000000Z__20250212T000000Z.json,4,3195371,FINLI,20
port_calls__20250211T000000Z__20250212T000000Z.json,5,3195424,FILAN,20
port_calls__20250211T000000Z__20250212T000000Z.json,6,3195587,FILAN,20
port_calls__20250211T000000Z__20250212T000000Z.json,7,3196659,FIECK,20
port_calls__20250211T000000Z__20250212T000000Z.json,8,3196687,FIECK,20
port_calls__20250211T000000Z__20250212T000000Z.json,9,3196715,FIECK,20
port_calls__20250211T000000Z__20250212T000000Z.json,10,3197607,FIHEL,20
port_calls__20250211T000000Z__20250212T000000Z.json,11,3197637,FIHEL,20
port_calls__20250211T000000Z__20250212T000000Z.json,12,3197661,FIHEL,20
port_calls__20250211T000000Z__20250212T000000Z.json,13,3197686,FIHEL,40
port_calls__20250211T000000Z__20250212T000000Z.json,14,3197718,FIHEL,40
port_calls__20250211T000000Z__20250212T000000Z.json,15,3197735,FIHEL,40
port_calls__20250211T000000Z__20250212T000000Z.json,16,3201391,FIHEL,20
port_calls__20250211T000000Z__20250212T000000Z.json,17,3206916,FINLI,20
port_calls__20250211T000000Z__20250212T000000Z.json,18,3206951,FILAN,20
port_calls__20250211T000000Z__20250212T000000Z.json,19,3207051,FILAN,20
port_calls__20250211T000000Z__20250212T000000Z.json,20,3207987,FIHKO,40
port_calls__20250211T000000Z__20250212T000000Z.json,21,3209270,FILAN,20
port_calls__20250211T000000Z__20250212T000000Z.json,22,3209276,FILAN,20
port_calls__20250211T000000Z__20250212T000000Z.json,23,3209283,FIMHQ,20
port_calls__20250211T000000Z__20250212T000000Z.json,24,3209297,FIMHQ,20
port_calls__20250211T000000Z__20250212T000000Z.json,25,3209307,FIMHQ,20
port_calls__20250211T000000Z__20250212T000000Z.json,26,3209315,FIMHQ,10
port_calls__20250211T000000Z__20250212T000000Z.json,27,3209322,FIMHQ,20
port_calls__20250211T000000Z__20250212T000000Z.json,28,3210318,FIHEL,20
port_calls__20250211T000000Z__20250212T000000Z.json,29,3210854,FIHEL,20
port_calls__20250211T000000Z__20250212T000000Z.json,30,3210857,FIHEL,20
port_calls__20250211T000000Z__20250212T000000Z.json,31,3210863,FIHEL,20
port_calls__20250211T000000Z__20250212T000000Z.json,32,3210869,FIHEL,20
port_calls__20250211T000000Z__20250212T000000Z.json,33,3210875,FIHEL,20
port_calls__20250211T000000Z__20250212T000000Z.json,34,3210929,FIHEL,20
port_calls__20250211T000000Z__20250212T000000Z.json,35,3210951,FIHEL,20
port_calls__20250211T000000Z__20250212T000000Z.json,36,3211026,FIHEL,20
port_calls__20250211T000000Z__20250212T000000Z.json,37,3211087,FIMHQ,20
port_calls__20250211T000000Z__20250212T000000Z.json,38,3211132,FIMHQ,20
port_calls__20250211T000000Z__20250212T000000Z.json,39,3212157,FILAN,40
port_calls__20250211T000000Z__20250212T000000Z.json,40,3212177,FINLI,40
port_calls__20250211T000000Z__20250212T000000Z.json,41,3212278,FIRAU,50
port_calls__20250211T000000Z__20250212T000000Z.json,42,3212572,FIHEL,20
port_calls__20250211T000000Z__20250212T000000Z.json,43,3212591,FIHEL,20
port_calls__20250211T000000Z__20250212T000000Z.json,44,3213144,FIRAU,40
port_calls__20250211T000000Z__20250212T000000Z.json,45,3213596,FIMHQ,20
port_calls__20250211T000000Z__20250212T000000Z.json,46,3213626,FIHKO,40
port_calls__20250211T000000Z__20250212T000000Z.json,47,3213838,FIRAU,70
port_calls__20250211T000000Z__20250212T000000Z.json,48,3214076,FIHEL,50
port_calls__20250211T000000Z__20250212T000000Z.json,49,3214720,FIVAA,70
port_calls__20250211T000000Z__20250212T000000Z.json,50,3214722,FIVAA,70
port_calls__20250211T000000Z__20250212T000000Z.json,51,3214825,FISKV,82
port_calls__20250211T000000Z__20250212T000000Z.json,52,3214989,FIHKO,40
port_calls__20250211T000000Z__20250212T000000Z.json,53,3215036,FIINK,70
port_calls__20250211T000000Z__20250212T000000Z.json,54,3215052,FIINK,80
port_calls__20250211T000000Z__20250212T000000Z.json,55,3215355,FIKTK,50
port_calls__20250211T000000Z__20250212T000000Z.json,56,3215645,FIKTK,40
port_calls__20250211T000000Z__20250212T000000Z.json,57,3215657,FIHEL,50
port_calls__20250211T000000Z__20250212T000000Z.json,58,3215658,FIKTK,60
port_calls__20250211T000000Z__20250212T000000Z.json,59,3215739,FIKTK,83
port_calls__20250211T000000Z__20250212T000000Z.json,60,3215877,FIKTK,70
port_calls__20250211T000000Z__20250212T000000Z.json,61,3215918,FIRAU,70
port_calls__20250211T000000Z__20250212T000000Z.json,62,3215959,FIPAR,70
port_calls__20250211T000000Z__20250212T000000Z.json,63,3216001,FISKV,80
port_calls__20250211T000000Z__20250212T000000Z.json,64,3216081,FIKTK,80
port_calls__20250211T000000Z__20250212T000000Z.json,65,3216086,FIKTK,70
port_calls__20250211T000000Z__20250212T000000Z.json,66,3216087,FIKTK,70
port_calls__20250211T000000Z__20250212T000000Z.json,67,3216128,FIINK,82
port_calls__20250211T000000Z__20250212T000000Z.json,68,3216285,FIKEM,70
port_calls__20250211T000000Z__20250212T000000Z.json,69,3216883,FIKOK,94
port_calls__20250211T000000Z__20250212T000000Z.json,70,3217011,FIPAR,70
port_calls__20250211T000000Z__20250212T000000Z.json,71,3217042,FIKTK,70
port_calls__20250211T000000Z__20250212T000000Z.json,72,3217048,FIPOR,60
port_calls__20250211T000000Z__20250212T000000Z.json,73,3217059,FIPRS,70
port_calls__20250211T000000Z__20250212T000000Z.json,74,3217068,FIKOK,70
port_calls__20250211T000000Z__20250212T000000Z.json,75,3217098,FIKOK,70
port_calls__20250211T000000Z__20250212T000000Z.json,76,3217393,FIKOK,95
port_calls__20250211T000000Z__20250212T000000Z.json,77,3217424,FIVAA,20
port_calls__20250211T000000Z__20250212T000000Z.json,78,3217438,FITKU,91
port_calls__20250211T000000Z__20250212T000000Z.json,79,3217439,FIVAA,20
port_calls__20250211T000000Z__20250212T000000Z.json,80,3217496,FIANK,80
port_calls__20250211T000000Z__20250212T000000Z.json,81,3217499,FIVEI,90
port_calls__20250211T000000Z__20250212T000000Z.json,82,3217500,FIIMA,70
port_calls__20250211T000000Z__20250212T000000Z.json,83,3217507,FIVEI,10
port_calls__20250211T000000Z__20250212T000000Z.json,84,3217674,FIMHQ,20
port_calls__20250211T000000Z__20250212T000000Z.json,85,3217687,FIANK,70
port_calls__20250212T000000Z__20250213T000000Z.json,1,3190812,FITKU,20
port_calls__20250212T000000Z__20250213T000000Z.json,2,3190963,FITKU,20
port_calls__20250212T000000Z__20250213T000000Z.json,3,3193914,FILAN,20
port_calls__20250212T000000Z__20250213T000000Z.json,4,3193962,FITKU,20
port_calls__20250212T000000Z__20250213T000000Z.json,5,3194073,FILAN,20
port_calls__20250212T000000Z__20250213T000000Z.json,6,3195383,FINLI,20
port_calls__20250212T000000Z__20250213T000000Z.json,7,3195419,FILAN,20
port_calls__20250212T000000Z__20250213T000000Z.json,8,3195516,FILAN,20
port_calls__20250212T000000Z__20250213T000000Z.json,9,3196034,FIHEL,20
port_calls__20250212T000000Z__20250213T000000Z.json,10,3196660,FIECK,20
port_calls__20250212T000000Z__20250213T000000Z.json,11,3196688,FIECK,20
port_calls__20250212T000000Z__20250213T000000Z.json,12,3196716,FIECK,20
port_calls__20250212T000000Z__20250213T000000Z.json,13,3197608,FIHEL,20
port_calls__20250212T000000Z__20250213T000000Z.json,14,3197638,FIHEL,20
port_calls__20250212T000000Z__20250213T000000Z.json,15,3197662,FIHEL,20
port_calls__20250212T000000Z__20250213T000000Z.json,16,3197687,FIHEL,40
port_calls__20250212T000000Z__20250213T000000Z.json,17,3197719,FIHEL,40
port_calls__20250212T000000Z__20250213T000000Z.json,18,3197736,FIHEL,40
port_calls__20250212T000000Z__20250213T000000Z.json,19,3199058,FIHKO,40
port_calls__20250212T000000Z__20250213T000000Z.json,20,3201271,FIHEL,20
port_calls__20250212T000000Z__20250213T000000Z.json,21,3206799,FINLI,20
port_calls__20250212T000000Z__20250213T000000Z.json,22,3206813,FILAN,20
port_calls__20250212T000000Z__20250213T000000Z.json,23,3206883,FILAN,20
port_calls__20250212T000000Z__20250213T000000Z.json,24,3209271,FILAN,20
port_calls__20250212T000000Z__20250213T000000Z.json,25,3209277,FILAN,20
port_calls__20250212T000000Z__20250213T000000Z.json,26,3209293,FIMHQ,20
port_calls__20250212T000000Z__20250213T000000Z.json,27,3209298,FIMHQ,20
port_calls__20250212T000000Z__20250213T000000Z.json,28,3209308,FIMHQ,20
port_calls__20250212T000000Z__20250213T000000Z.json,29,3209316,FIMHQ,10
port_calls__20250212T000000Z__20250213T000000Z.json,30,3209328,FIMHQ,20
port_calls__20250212T000000Z__20250213T000000Z.json,31,3210860,FIHEL,20
port_calls__20250212T000000Z__20250213T000000Z.json,32,3210861,FIHEL,20
port_calls__20250212T000000Z__20250213T000000Z.json,33,3210868,FIHEL,20
port_calls__20250212T000000Z__20250213T000000Z.json,34,3210873,FIHEL,20
port_calls__20250212T000000Z__20250213T000000Z.json,35,3210890,FIHEL,20
port_calls__20250212T000000Z__20250213T000000Z.json,36,3210925,FIHEL,20
port_calls__20250212T000000Z__20250213T000000Z.json,37,3210971,FIHEL,20
port_calls__20250212T000000Z__20250213T000000Z.json,38,3210977,FIMHQ,20
port_calls__20250212T000000Z__20250213T000000Z.json,39,3211024,FIMHQ,20
port_calls__20250212T000000Z__20250213T000000Z.json,40,3211109,FIHEL,20
port_calls__20250212T000000Z__20250213T000000Z.json,41,3211498,FIRAU,70
port_calls__20250212T000000Z__20250213T000000Z.json,42,3212158,FILAN,40
port_calls__20250212T000000Z__20250213T000000Z.json,43,3212178,FINLI,40
port_calls__20250212T000000Z__20250213T000000Z.json,44,3212375,FIHEL,50
port_calls__20250212T000000Z__20250213T000000Z.json,45,3212573,FIHEL,20
port_calls__20250212T000000Z__20250213T000000Z.json,46,3212592,FIHEL,20
port_calls__20250212T000000Z__20250213T000000Z.json,47,3213145,FIHKO,40
port_calls__20250212T000000Z__20250213T000000Z.json,48,3213147,FIKTK,40
port_calls__20250212T000000Z__20250213T000000Z.json,49,3213611,FITOR,50
port_calls__20250212T000000Z__20250213T000000Z.json,50,3213613,FITOR,60
port_calls__20250212T000000Z__20250213T000000Z.json,51,3213616,FIKEM,70
port_calls__20250212T000000Z__20250213T000000Z.json,52,3213837,FIVAA,70
port_calls__20250212T000000Z__20250213T000000Z.json,53,3214002,FITKU,40
port_calls__20250212T000000Z__20250213T000000Z.json,54,3214735,FITOR,70
port_calls__20250212T000000Z__20250213T000000Z.json,55,3214769,FIKTK,70
port_calls__20250212T000000Z__20250213T000000Z.json,56,3214823,FIPRS,83
port_calls__20250212T000000Z__20250213T000000Z.json,57,3214903,FIPOR,70
port_calls__20250212T000000Z__20250213T000000Z.json,58,3214985,FIHKO,40
port_calls__20250212T000000Z__20250213T000000Z.json,59,3214990,FIHKO,40
port_calls__20250212T000000Z__20250213T000000Z.json,60,3215405,FIRAU,50
port_calls__20250212T000000Z__20250213T000000Z.json,61,3215577,FIHEL,50
port_calls__20250212T000000Z__20250213T000000Z.json,62,3215598,FIKTK,50
port_calls__20250212T000000Z__20250213T000000Z.json,63,3215723,FIKTK,70
port_calls__20250212T000000Z__20250213T000000Z.json,64,3215727,FIKTK,70
port_calls__20250212T000000Z__20250213T000000Z.json,65,3215728,FIKTK,70
port_calls__20250212T000000Z__20250213T000000Z.json,66,3215854,FIKAS,80
port_calls__20250212T000000Z__20250213T000000Z.json,67,3215868,FIKEM,70
port_calls__20250212T000000Z__20250213T000000Z.json,68,3215958,FIPOR,70
port_calls__20250212T000000Z__20250213T000000Z.json,69,3216000,FISKV,82
port_calls__20250212T000000Z__20250213T000000Z.json,70,3217067,FISKV,80
port_calls__20250212T000000Z__20250213T000000Z.json,71,3217078,FIKTK,70
port_calls__20250212T000000Z__20250213T000000Z.json,72,3217097,FIUKI,70
port_calls__20250212T000000Z__20250213T000000Z.json,73,3217100,FIUKI,60
port_calls__20250212T000000Z__20250213T000000Z.json,74,3217101,FIKOK,60
port_calls__20250212T000000Z__20250213T000000Z.json,75,3217122,FIANK,80
port_calls__20250212T000000Z__20250213T000000Z.json,76,3217123,FIUKI,80
port_calls__20250212T000000Z__20250213T000000Z.json,77,3217218,FIKOK,40
port_calls__20250212T000000Z__20250213T000000Z.json,78,3217417,FIKOK,70
port_calls__20250212T000000Z__20250213T000000Z.json,79,3217425,FIRAA,94
port_calls__20250212T000000Z__20250213T000000Z.json,80,3217426,FIRAA,95
port_calls__20250212T000000Z__20250213T000000Z.json,81,3217431,FIRAA,70
port_calls__20250212T000000Z__20250213T000000Z.json,82,3217449,FIKTK,70
port_calls__20250212T000000Z__20250213T000000Z.json,83,3217506,FIRAU,70
port_calls__20250212T000000Z__20250213T000000Z.json,84,3217518,FIPRS,70
port_calls__20250212T000000Z__20250213T000000Z.json,85,3217526,FISKV,81
port_calls__20250212T000000Z__20250213T000000Z.json,86,3217543,FIHKO,40
port_calls__20250212T000000Z__20250213T000000Z.json,87,3217580,FIHKO,70
port_calls__20250212T000000Z__20250213T000000Z.json,88,3217591,FIVAA,20
port_calls__20250212T000000Z__20250213T000000Z.json,89,3217592,FIVAA,20
port_calls__20250212T000000Z__20250213T000000Z.json,90,3217644,FIVEI,90
port_calls__20250212T000000Z__20250213T000000Z.json,91,3217649,FIVEI,90
port_calls__20250212T000000Z__20250213T000000Z.json,92,3217747,FIVEI,10
port_calls__20250212T000000Z__20250213T000000Z.json,93,3217826,FIVEI,10
port_calls__20250212T000000Z__20250213T000000Z.json,94,3218458,FIANK,70
port_calls__20250213T000000Z__20250214T000000Z.json,1,3190813,FITKU,20
port_calls__20250213T000000Z__20250214T000000Z.json,2,3190964,FITKU,20
port_calls__20250213T000000Z__20250214T000000Z.json,3,3193897,FILAN,20
port_calls__20250213T000000Z__20250214T000000Z.json,4,3193944,FITKU,20
port_calls__20250213T000000Z__20250214T000000Z.json,5,3194056,FIMHQ,20
port_calls__20250213T000000Z__20250214T000000Z.json,6,3195438,FILAN,20
port_calls__20250213T000000Z__20250214T000000Z.json,7,3195584,FILAN,20
port_calls__20250213T000000Z__20250214T000000Z.json,8,3195593,FINLI,20
port_calls__20250213T000000Z__20250214T000000Z.json,9,3196661,FIECK,20
port_calls__20250213T000000Z__20250214T000000Z.json,10,3196689,FIECK,20
port_calls__20250213T000000Z__20250214T000000Z.json,11,3196717,FIECK,20
port_calls__20250213T000000Z__20250214T000000Z.json,12,3197609,FIHEL,20
port_calls__20250213T000000Z__20250214T000000Z.json,13,3197639,FIHEL,20
port_calls__20250213T000000Z__20250214T000000Z.json,14,3197663,FIHEL,20
port_calls__20250213T000000Z__20250214T000000Z.json,15,3197688,FIHEL,40
port_calls__20250213T000000Z__20250214T000000Z.json,16,3197720,FIHEL,40
port_calls__20250213T000000Z__20250214T000000Z.json,17,3197737,FIHEL,40
port_calls__20250213T000000Z__20250214T000000Z.json,18,3201301,FIHEL,20
port_calls__20250213T000000Z__20250214T000000Z.json,19,3206842,FILAN,20
port_calls__20250213T000000Z__20250214T000000Z.json,20,3206868,FILAN,20
port_calls__20250213T000000Z__20250214T000000Z.json,21,3207027,FINLI,20
port_calls__20250213T000000Z__20250214T000000Z.json,22,3208105,FIHKO,40
port_calls__20250213T000000Z__20250214T000000Z.json,23,3209272,FILAN,20
port_calls__20250213T000000Z__20250214T000000Z.json,24,3209278,FILAN,20
port_calls__20250213T000000Z__20250214T000000Z.json,25,3209284,FIMHQ,20
port_calls__20250213T000000Z__20250214T000000Z.json,26,3209299,FIMHQ,20
port_calls__20250213T000000Z__20250214T000000Z.json,27,3209309,FIMHQ,20
port_calls__20250213T000000Z__20250214T000000Z.json,28,3209317,FIMHQ,10
port_calls__20250213T000000Z__20250214T000000Z.json,29,3209323,FIMHQ,20
port_calls__20250213T000000Z__20250214T000000Z.json,30,3210319,FIHEL,20
port_calls__20250213T000000Z__20250214T000000Z.json,31,3210853,FIHEL,20
port_calls__20250213T000000Z__20250214T000000Z.json,32,3210856,FIHEL,20
port_calls__20250213T000000Z__20250214T000000Z.json,33,3210865,FIHEL,20
port_calls__20250213T000000Z__20250214T000000Z.json,34,3210866,FIHEL,20
port_calls__20250213T000000Z__20250214T000000Z.json,35,3210871,FIHEL,20
port_calls__20250213T000000Z__20250214T000000Z.json,36,3210908,FIHEL,20
port_calls__20250213T000000Z__20250214T000000Z.json,37,3210945,FIHEL,20
port_calls__20250213T000000Z__20250214T000000Z.json,38,3211036,FIHEL,20
port_calls__20250213T000000Z__20250214T000000Z.json,39,3211061,FIMHQ,20
port_calls__20250213T000000Z__20250214T000000Z.json,40,3211063,FIMHQ,20
port_calls__20250213T000000Z__20250214T000000Z.json,41,3212159,FILAN,40
port_calls__20250213T000000Z__20250214T000000Z.json,42,3212179,FINLI,40
port_calls__20250213T000000Z__20250214T000000Z.json,43,3212574,FIHEL,20
port_calls__20250213T000000Z__20250214T000000Z.json,44,3212593,FIHEL,20
port_calls__20250213T000000Z__20250214T000000Z.json,45,3213430,FIKTK,50
port_calls__20250213T000000Z__20250214T000000Z.json,46,3214736,FITOR,70
port_calls__20250213T000000Z__20250214T000000Z.json,47,3214739,FITOR,70
port_calls__20250213T000000Z__20250214T000000Z.json,48,3214826,FIFOR,80
port_calls__20250213T000000Z__20250214T000000Z.json,49,3214987,FIHKO,40
port_calls__20250213T000000Z__20250214T000000Z.json,50,3214988,FIRAU,40
port_calls__20250213T000000Z__20250214T000000Z.json,51,3215035,FIKEM,70
port_calls__20250213T000000Z__20250214T000000Z.json,52,3215037,FIOUL,50
port_calls__20250213T000000Z__20250214T000000Z.json,53,3215328,FIHEL,50
port_calls__20250213T000000Z__20250214T000000Z.json,54,3215396,FIOUL,40
port_calls__20250213T000000Z__20250214T000000Z.json,55,3215642,FIHEL,50
port_calls__20250213T000000Z__20250214T000000Z.json,56,3215695,FIRAU,50
port_calls__20250213T000000Z__20250214T000000Z.json,57,3215710,FIKEM,83
port_calls__20250213T000000Z__20250214T000000Z.json,58,3215733,FISKV,80
port_calls__20250213T000000Z__20250214T000000Z.json,59,3215796,FIHKO,44
port_calls__20250213T000000Z__20250214T000000Z.json,60,3215855,FINLI,70
port_calls__20250213T000000Z__20250214T000000Z.json,61,3215858,FIHKO,40
port_calls__20250213T000000Z__20250214T000000Z.json,62,3216011,FIKEM,80
port_calls__20250213T000000Z__20250214T000000Z.json,63,3216083,FIOUL,70
port_calls__20250213T000000Z__20250214T000000Z.json,64,3216094,FIKEM,40
port_calls__20250213T000000Z__20250214T000000Z.json,65,3216108,FISKV,80
port_calls__20250213T000000Z__20250214T000000Z.json,66,3216974,FIKTK,83
port_calls__20250213T000000Z__20250214T000000Z.json,67,3216990,FISKV,80
port_calls__20250213T000000Z__20250214T000000Z.json,68,3217064,FITOR,70
port_calls__20250213T000000Z__20250214T000000Z.json,69,3217083,FIKTK,70
port_calls__20250213T000000Z__20250214T000000Z.json,70,3217110,FIKTK,70
port_calls__20250213T000000Z__20250214T000000Z.json,71,3217124,FIUKI,82
port_calls__20250213T000000Z__20250214T000000Z.json,72,3217334,FIHEL,70
port_calls__20250213T000000Z__20250214T000000Z.json,73,3217402,FIPOR,70
port_calls__20250213T000000Z__20250214T000000Z.json,74,3217415,FIKAS,70
port_calls__20250213T000000Z__20250214T000000Z.json,75,3217416,FIKOK,70
port_calls__20250213T000000Z__20250214T000000Z.json,76,3217418,FIKOK,70
port_calls__20250213T000000Z__20250214T000000Z.json,77,3217451,FITOK,70
port_calls__20250213T000000Z__20250214T000000Z.json,78,3217501,FIKAS,70
port_calls__20250213T000000Z__20250214T000000Z.json,79,3217527,FIPRS,70
port_calls__20250213T000000Z__20250214T000000Z.json,80,3217529,FIKTK,50
port_calls__20250213T000000Z__20250214T000000Z.json,81,3217745,FIRAA,70
port_calls__20250213T000000Z__20250214T000000Z.json,82,3217748,FIKOK,70
port_calls__20250213T000000Z__20250214T000000Z.json,83,3217749,FIANK,81
port_calls__20250213T000000Z__20250214T000000Z.json,84,3217764,FIPRS,70
port_calls__20250213T000000Z__20250214T000000Z.json,85,3217769,FIPOR,70
port_calls__20250213T000000Z__20250214T000000Z.json,86,3217807,FIKTK,70
port_calls__20250213T000000Z__20250214T000000Z.json,87,3217810,FIVRK,70
port_calls__20250213T000000Z__20250214T000000Z.json,88,3218286,FIKTK,70
port_calls__20250213T000000Z__20250214T000000Z.json,89,3218394,FIVEI,90
port_calls__20250213T000000Z__20250214T000000Z.json,90,3218395,FIVEI,90
port_calls__20250213T000000Z__20250214T000000Z.json,91,3218434,FIMHQ,20
port_calls__20250213T000000Z__20250214T000000Z.json,92,3218441,FIMHQ,20
port_calls__20250213T000000Z__20250214T000000Z.json,93,3218476,FIVAA,20
port_calls__20250213T000000Z__20250214T000000Z.json,94,3218529,FIVEI,10
port_calls__20250213T000000Z__20250214T000000Z.json,95,3218594,FIANK,70
port_calls__20250213T000000Z__20250214T000000Z.json,96,3218646,FIANK,70
port_calls__20250213T000000Z__20250214T000000Z.json,97,3218648,FIRAA,91
port_calls__20250213T000000Z__20250214T000000Z.json,98,3218764,FIANK,70
port_calls__20250214T000000Z__20250215T000000Z.json,1,3180629,FIHKO,40
port_calls__20250214T000000Z__20250215T000000Z.json,2,3190814,FITKU,20
port_calls__20250214T000000Z__20250215T000000Z.json,3,3190965,FITKU,20
port_calls__20250214T000000Z__20250215T000000Z.json,4,3193935,FILAN,20
port_calls__20250214T000000Z__20250215T000000Z.json,5,3193957,FITKU,20
port_calls__20250214T000000Z__20250215T000000Z.json,6,3194187,FIMHQ,20
port_calls__20250214T000000Z__20250215T000000Z.json,7,3195464,FILAN,20
port_calls__20250214T000000Z__20250215T000000Z.json,8,3195475,FILAN,20
port_calls__20250214T000000Z__20250215T000000Z.json,9,3195514,FINLI,20
port_calls__20250214T000000Z__20250215T000000Z.json,10,3196035,FIHEL,20
port_calls__20250214T000000Z__20250215T000000Z.json,11,3196662,FIECK,20
port_calls__20250214T000000Z__20250215T000000Z.json,12,3196690,FIECK,20
port_calls__20250214T000000Z__20250215T000000Z.json,13,3196718,FIECK,20
port_calls__20250214T000000Z__20250215T000000Z.json,14,3197610,FIHEL,20
port_calls__20250214T000000Z__20250215T000000Z.json,15,3197640,FIHEL,20
port_calls__20250214T000000Z__20250215T000000Z.json,16,3197664,FIHEL,20
port_calls__20250214T000000Z__20250215T000000Z.json,17,3197689,FIHEL,40
port_calls__20250214T000000Z__20250215T000000Z.json,18,3197721,FIHEL,40
port_calls__20250214T000000Z__20250215T000000Z.json,19,3197738,FIHEL,40
port_calls__20250214T000000Z__20250215T000000Z.json,20,3199129,FIHEL,40
port_calls__20250214T000000Z__20250215T000000Z.json,21,3201404,FIHEL,20
port_calls__20250214T000000Z__20250215T000000Z.json,22,3206792,FILAN,20
port_calls__20250214T000000Z__20250215T000000Z.json,23,3206846,FILAN,20
port_calls__20250214T000000Z__20250215T000000Z.json,24,3206865,FINLI,20
port_calls__20250214T000000Z__20250215T000000Z.json,25,3209273,FILAN,20
port_calls__20250214T000000Z__20250215T000000Z.json,26,3209279,FILAN,20
port_calls__20250214T000000Z__20250215T000000Z.json,27,3209294,FIMHQ,20
port_calls__20250214T000000Z__20250215T000000Z.json,28,3209300,FIMHQ,20
port_calls__20250214T000000Z__20250215T000000Z.json,29,3209310,FIMHQ,20
port_calls__20250214T000000Z__20250215T000000Z.json,30,3209318,FIMHQ,10
port_calls__20250214T000000Z__20250215T000000Z.json,31,3209329,FIMHQ,20
port_calls__20250214T000000Z__20250215T000000Z.json,32,3210449,FIHKO,40
port_calls__20250214T000000Z__20250215T000000Z.json,33,3210499,FIKEM,70
port_calls__20250214T000000Z__20250215T000000Z.json,34,3210864,FIHEL,20
port_calls__20250214T000000Z__20250215T000000Z.json,35,3210877,FIHEL,20
port_calls__20250214T000000Z__20250215T000000Z.json,36,3210882,FIHEL,20
port_calls__20250214T000000Z__20250215T000000Z.json,37,3210883,FIHEL,20
port_calls__20250214T000000Z__20250215T000000Z.json,38,3210907,FIHEL,20
port_calls__20250214T000000Z__20250215T000000Z.json,39,3210910,FIHEL,20
port_calls__20250214T000000Z__20250215T000000Z.json,40,3210949,FIMHQ,20
port_calls__20250214T000000Z__20250215T000000Z.json,41,3210964,FIHEL,20
port_calls__20250214T000000Z__20250215T000000Z.json,42,3210968,FIMHQ,20
port_calls__20250214T000000Z__20250215T000000Z.json,43,3211121,FIHEL,20
port_calls__20250214T000000Z__20250215T000000Z.json,44,3212160,FILAN,40
port_calls__20250214T000000Z__20250215T000000Z.json,45,3212180,FINLI,40
port_calls__20250214T000000Z__20250215T000000Z.json,46,3212559,FIHEL,20
port_calls__20250214T000000Z__20250215T000000Z.json,47,3212563,FIHEL,20
port_calls__20250214T000000Z__20250215T000000Z.json,48,3212566,FIHEL,20
port_calls__20250214T000000Z__20250215T000000Z.json,49,3213431,FIHEL,50
port_calls__20250214T000000Z__20250215T000000Z.json,50,3214737,FITOR,70
port_calls__20250214T000000Z__20250215T000000Z.json,51,3214738,FITOR,70
port_calls__20250214T000000Z__20250215T000000Z.json,52,3214798,FIPOH,70
port_calls__20250214T000000Z__20250215T000000Z.json,53,3215021,FIOUL,70
port_calls__20250214T000000Z__20250215T000000Z.json,54,3215389,FIRAU,50
port_calls__20250214T000000Z__20250215T000000Z.json,55,3215406,FIHEL,50
port_calls__20250214T000000Z__20250215T000000Z.json,56,3215521,FIHKO,40
port_calls__20250214T000000Z__20250215T000000Z.json,57,3215637,FISKV,80
port_calls__20250214T000000Z__20250215T000000Z.json,58,3215726,FIKTK,60
port_calls__20250214T000000Z__20250215T000000Z.json,59,3215797,FIUKI,44
port_calls__20250214T000000Z__20250215T000000Z.json,60,3215920,FIPOR,80
port_calls__20250214T000000Z__20250215T000000Z.json,61,3217032,FIRAU,40
port_calls__20250214T000000Z__20250215T000000Z.json,62,3217069,FIHEL,50
port_calls__20250214T000000Z__20250215T000000Z.json,63,3217132,FIPOR,60
port_calls__20250214T000000Z__20250215T000000Z.json,64,3217330,FIVAA,70
port_calls__20250214T000000Z__20250215T000000Z.json,65,3217392,FIPOR,80
port_calls__20250214T000000Z__20250215T000000Z.json,66,3217423,FIRAU,70
port_calls__20250214T000000Z__20250215T000000Z.json,67,3217502,FIKAS,40
port_calls__20250214T000000Z__20250215T000000Z.json,68,3217528,FISKV,80
port_calls__20250214T000000Z__20250215T000000Z.json,69,3217551,FIRAU,40
port_calls__20250214T000000Z__20250215T000000Z.json,70,3217555,FIRAA,70
port_calls__20250214T000000Z__20250215T000000Z.json,71,3217559,FISKV,80
port_calls__20250214T000000Z__20250215T000000Z.json,72,3217765,FIKTK,50
port_calls__20250214T000000Z__20250215T000000Z.json,73,3217776,FIKTK,70
port_calls__20250214T000000Z__20250215T000000Z.json,74,3217801,FIKOK,70
port_calls__20250214T000000Z__20250215T000000Z.json,75,3217803,FIKTK,70
port_calls__20250214T000000Z__20250215T000000Z.json,76,3217804,FIKTK,70
port_calls__20250214T000000Z__20250215T000000Z.json,77,3217835,FIPRS,70
port_calls__20250214T000000Z__20250215T000000Z.json,78,3217900,FIRAU,70
port_calls__20250214T000000Z__20250215T000000Z.json,79,3218368,FIRAA,94
port_calls__20250214T000000Z__20250215T000000Z.json,80,3218369,FIRAA,95
port_calls__20250214T000000Z__20250215T000000Z.json,81,3218401,FITKU,70
port_calls__20250214T000000Z__20250215T000000Z.json,82,3218402,FIPOR,83
port_calls__20250214T000000Z__20250215T000000Z.json,83,3218457,FILPP,70
port_calls__20250214T000000Z__20250215T000000Z.json,84,3218477,FIVAA,20
port_calls__20250214T000000Z__20250215T000000Z.json,85,3218478,FIVAA,20
port_calls__20250214T000000Z__20250215T000000Z.json,86,3218527,FINLI,70
port_calls__20250214T000000Z__20250215T000000Z.json,87,3218566,FIPOR,83
port_calls__20250214T000000Z__20250215T000000Z.json,88,3218733,FIVEI,90
port_calls__20250214T000000Z__20250215T000000Z.json,89,3218846,FIPRS,70
port_calls__20250214T000000Z__20250215T000000Z.json,90,3218853,FIVEI,10
port_calls__20250215T000000Z__20250216T000000Z.json,1,3190815,FITKU,20
port_calls__20250215T000000Z__20250216T000000Z.json,2,3190966,FITKU,20
port_calls__20250215T000000Z__20250216T000000Z.json,3,3193978,FITKU,20
port_calls__20250215T000000Z__20250216T000000Z.json,4,3194084,FIMHQ,20
port_calls__20250215T000000Z__20250216T000000Z.json,5,3195427,FINLI,20
port_calls__20250215T000000Z__20250216T000000Z.json,6,3195451,FILAN,20
port_calls__20250215T000000Z__20250216T000000Z.json,7,3195479,FILAN,20
port_calls__20250215T000000Z__20250216T000000Z.json,8,3196663,FIECK,20
port_calls__20250215T000000Z__20250216T000000Z.json,9,3196691,FIECK,20
port_calls__20250215T000000Z__20250216T000000Z.json,10,3196719,FIECK,20
port_calls__20250215T000000Z__20250216T000000Z.json,11,3197611,FIHEL,20
port_calls__20250215T000000Z__20250216T000000Z.json,12,3197627,FIHEL,20
port_calls__20250215T000000Z__20250216T000000Z.json,13,3197665,FIHEL,20
port_calls__20250215T000000Z__20250216T000000Z.json,14,3201272,FIHEL,20
port_calls__20250215T000000Z__20250216T000000Z.json,15,3206939,FILAN,20
port_calls__20250215T000000Z__20250216T000000Z.json,16,3207049,FINLI,20
port_calls__20250215T000000Z__20250216T000000Z.json,17,3207059,FILAN,20
port_calls__20250215T000000Z__20250216T000000Z.json,18,3209245,FIHKO,40
port_calls__20250215T000000Z__20250216T000000Z.json,19,3209274,FILAN,20
port_calls__20250215T000000Z__20250216T000000Z.json,20,3209280,FILAN,20
port_calls__20250215T000000Z__20250216T000000Z.json,21,3209285,FIMHQ,20
port_calls__20250215T000000Z__20250216T000000Z.json,22,3209301,FIMHQ,20
port_calls__20250215T000000Z__20250216T000000Z.json,23,3209311,FIMHQ,20
port_calls__20250215T000000Z__20250216T000000Z.json,24,3209319,FIMHQ,10
port_calls__20250215T000000Z__20250216T000000Z.json,25,3209324,FIMHQ,20
port_calls__20250215T000000Z__20250216T000000Z.json,26,3210320,FIHEL,20
port_calls__20250215T000000Z__20250216T000000Z.json,27,3210855,FIHEL,20
port_calls__20250215T000000Z__20250216T000000Z.json,28,3210870,FIHEL,20
port_calls__20250215T000000Z__20250216T000000Z.json,29,3210879,FIHEL,20
port_calls__20250215T000000Z__20250216T000000Z.json,30,3210892,FIHEL,20
port_calls__20250215T000000Z__20250216T000000Z.json,31,3210901,FIHEL,20
port_calls__20250215T000000Z__20250216T000000Z.json,32,3210941,FIHEL,20
port_calls__20250215T000000Z__20250216T000000Z.json,33,3210956,FIHEL,20
port_calls__20250215T000000Z__20250216T000000Z.json,34,3211066,FIMHQ,20
port_calls__20250215T000000Z__20250216T000000Z.json,35,3211123,FIMHQ,20
port_calls__20250215T000000Z__20250216T000000Z.json,36,3212161,FILAN,40
port_calls__20250215T000000Z__20250216T000000Z.json,37,3212283,FIVAA,70
port_calls__20250215T000000Z__20250216T000000Z.json,38,3212575,FIHEL,20
port_calls__20250215T000000Z__20250216T000000Z.json,39,3212594,FIHEL,20
port_calls__20250215T000000Z__20250216T000000Z.json,40,3215857,FIHKO,40
port_calls__20250215T000000Z__20250216T000000Z.json,41,3216888,FIHKO,40
port_calls__20250215T000000Z__20250216T000000Z.json,42,3217070,FIKTK,50
port_calls__20250215T000000Z__20250216T000000Z.json,43,3217077,FISKV,81
port_calls__20250215T000000Z__20250216T000000Z.json,44,3217113,FIRAU,83
port_calls__20250215T000000Z__20250216T000000Z.json,45,3217142,FIDLS,70
port_calls__20250215T000000Z__20250216T000000Z.json,46,3217503,FIKOK,70
port_calls__20250215T000000Z__20250216T000000Z.json,47,3217530,FITOR,70
port_calls__20250215T000000Z__20250216T000000Z.json,48,3217573,FIOUL,70
port_calls__20250215T000000Z__20250216T000000Z.json,49,3217578,FIANK,60
port_calls__20250215T000000Z__20250216T000000Z.json,50,3217797,FIKRS,70
port_calls__20250215T000000Z__20250216T000000Z.json,51,3217798,FIHEL,70
port_calls__20250215T000000Z__20250216T000000Z.json,52,3217808,FIFAR,70
port_calls__20250215T000000Z__20250216T000000Z.json,53,3218465,FIUKI,70
port_calls__20250215T000000Z__20250216T000000Z.json,54,3218473,FIKEM,90
port_calls__20250215T000000Z__20250216T000000Z.json,55,3218490,FIMHQ,20
port_calls__20250215T000000Z__20250216T000000Z.json,56,3218512,FIMHQ,20
port_calls__20250215T000000Z__20250216T000000Z.json,57,3218523,FISKV,83
port_calls__20250215T000000Z__20250216T000000Z.json,58,3218559,FIVAA,20
port_calls__20250215T000000Z__20250216T000000Z.json,59,3218565,FIKTK,70
port_calls__20250215T000000Z__20250216T000000Z.json,60,3218580,FIPRS,70
port_calls__20250215T000000Z__20250216T000000Z.json,61,3218582,FITKU,70
port_calls__20250215T000000Z__20250216T000000Z.json,62,3218586,FIINK,70
port_calls__20250215T000000Z__20250216T000000Z.json,63,3218589,FIPOR,70
port_calls__20250215T000000Z__20250216T000000Z.json,64,3218595,FINLI,70
port_calls__20250215T000000Z__20250216T000000Z.json,65,3218770,FIPRS,70
port_calls__20250215T000000Z__20250216T000000Z.json,66,3218776,FIPRS,40
port_calls__20250215T000000Z__20250216T000000Z.json,67,3218786,FISVL,70
port_calls__20250215T000000Z__20250216T000000Z.json,68,3218796,FIKAS,70
port_calls__20250215T000000Z__20250216T000000Z.json,69,3218803,FIMHQ,70
port_calls__20250215T000000Z__20250216T000000Z.json,70,3218828,FIANK,70
port_calls__20250215T000000Z__20250216T000000Z.json,71,3218872,FIVEI,90
port_calls__20250215T000000Z__20250216T000000Z.json,72,3218873,FIVEI,90
port_calls__20250215T000000Z__20250216T000000Z.json,73,3218922,FIINK,82
port_calls__20250215T000000Z__20250216T000000Z.json,74,3218972,FIINK,70
port_calls__20250215T000000Z__20250216T000000Z.json,75,3219065,FIANK,70
port_calls__20250215T000000Z__20250216T000000Z.json,76,3219082,FIVEI,10
port_calls__20250215T000000Z__20250216T000000Z.json,77,3219126,FIANK,70
port_calls__20250215T000000Z__20250216T000000Z.json,78,3219195,FILAN,20
port_calls__20250215T000000Z__20250216T000000Z.json,79,3219229,FIKOK,91
port_calls__20250215T000000Z__20250216T000000Z.json,80,3219270,FIANK,60
port_calls__20250216T000000Z__20250217T000000Z.json,1,3180635,FIHKO,40
port_calls__20250216T000000Z__20250217T000000Z.json,2,3190816,FITKU,20
port_calls__20250216T000000Z__20250217T000000Z.json,3,3190967,FITKU,20
port_calls__20250216T000000Z__20250217T000000Z.json,4,3193922,FITKU,20
port_calls__20250216T000000Z__20250217T000000Z.json,5,3193960,FILAN,20
port_calls__20250216T000000Z__20250217T000000Z.json,6,3194149,FIMHQ,20
port_calls__20250216T000000Z__20250217T000000Z.json,7,3195384,FILAN,20
port_calls__20250216T000000Z__20250217T000000Z.json,8,3195454,FINLI,20
port_calls__20250216T000000Z__20250217T000000Z.json,9,3195537,FILAN,20
port_calls__20250216T000000Z__20250217T000000Z.json,10,3196036,FIHEL,20
port_calls__20250216T000000Z__20250217T000000Z.json,11,3196664,FIECK,20
port_calls__20250216T000000Z__20250217T000000Z.json,12,3196692,FIECK,20
port_calls__20250216T000000Z__20250217T000000Z.json,13,3196720,FIECK,20
port_calls__20250216T000000Z__20250217T000000Z.json,14,3197612,FIHEL,20
port_calls__20250216T000000Z__20250217T000000Z.json,15,3197641,FIHEL,20
port_calls__20250216T000000Z__20250217T000000Z.json,16,3197691,FIHEL,40
port_calls__20250216T000000Z__20250217T000000Z.json,17,3200065,FIHKO,40
port_calls__20250216T000000Z__20250217T000000Z.json,18,3201309,FIHEL,20
port_calls__20250216T000000Z__20250217T000000Z.json,19,3206823,FILAN,20
port_calls__20250216T000000Z__20250217T000000Z.json,20,3206991,FINLI,20
port_calls__20250216T000000Z__20250217T000000Z.json,21,3207132,FILAN,20
port_calls__20250216T000000Z__20250217T000000Z.json,22,3209275,FILAN,20
port_calls__20250216T000000Z__20250217T000000Z.json,23,3209281,FILAN,20
port_calls__20250216T000000Z__20250217T000000Z.json,24,3209295,FIMHQ,20
port_calls__20250216T000000Z__20250217T000000Z.json,25,3209302,FIMHQ,20
port_calls__20250216T000000Z__20250217T000000Z.json,26,3209312,FIMHQ,20
port_calls__20250216T000000Z__20250217T000000Z.json,27,3209320,FIMHQ,10
port_calls__20250216T000000Z__20250217T000000Z.json,28,3209330,FIMHQ,20
port_calls__20250216T000000Z__20250217T000000Z.json,29,3210859,FIHEL,20
port_calls__20250216T000000Z__20250217T000000Z.json,30,3210867,FIHEL,20
port_calls__20250216T000000Z__20250217T000000Z.json,31,3210874,FIHEL,20
port_calls__20250216T000000Z__20250217T000000Z.json,32,3210886,FIHEL,20
port_calls__20250216T000000Z__20250217T000000Z.json,33,3210888,FIHEL,20
port_calls__20250216T000000Z__20250217T000000Z.json,34,3210911,FIHEL,20
port_calls__20250216T000000Z__20250217T000000Z.json,35,3210943,FIMHQ,20
port_calls__20250216T000000Z__20250217T000000Z.json,36,3210961,FIHEL,20
port_calls__20250216T000000Z__20250217T000000Z.json,37,3210981,FIMHQ,20
port_calls__20250216T000000Z__20250217T000000Z.json,38,3211094,FIHEL,20
port_calls__20250216T000000Z__20250217T000000Z.json,39,3212576,FIHEL,20
port_calls__20250216T000000Z__20250217T000000Z.json,40,3212605,FIHEL,20
port_calls__20250216T000000Z__20250217T000000Z.json,41,3212608,FIHEL,20
port_calls__20250216T000000Z__20250217T000000Z.json,42,3214821,FIKTK,70
port_calls__20250216T000000Z__20250217T000000Z.json,43,3215044,FIINK,70
port_calls__20250216T000000Z__20250217T000000Z.json,44,3215644,FITKU,70
port_calls__20250216T000000Z__20250217T000000Z.json,45,3216041,FIKTK,50
port_calls__20250216T000000Z__20250217T000000Z.json,46,3216885,FIHKO,40
port_calls__20250216T000000Z__20250217T000000Z.json,47,3216903,FIRAA,70
port_calls__20250216T000000Z__20250217T000000Z.json,48,3217043,FIOUL,70
port_calls__20250216T000000Z__20250217T000000Z.json,49,3217061,FIHKO,40
port_calls__20250216T000000Z__20250217T000000Z.json,50,3217095,FINLI,70
port_calls__20250216T000000Z__20250217T000000Z.json,51,3217102,FIPOR,70
port_calls__20250216T000000Z__20250217T000000Z.json,52,3217524,FIKEM,90
port_calls__20250216T000000Z__20250217T000000Z.json,53,3217525,FIRAU,70
port_calls__20250216T000000Z__20250217T000000Z.json,54,3217531,FISKV,80
port_calls__20250216T000000Z__20250217T000000Z.json,55,3217537,FITOR,70
port_calls__20250216T000000Z__20250217T000000Z.json,56,3217767,FIKTK,70
port_calls__20250216T000000Z__20250217T000000Z.json,57,3217806,FIKTK,60
port_calls__20250216T000000Z__20250217T000000Z.json,58,3217846,FITKU,70
port_calls__20250216T000000Z__20250217T000000Z.json,59,3218466,FIUKI,60
port_calls__20250216T000000Z__20250217T000000Z.json,60,3218467,FIUKI,70
port_calls__20250216T000000Z__20250217T000000Z.json,61,3218560,FIVAA,20
port_calls__20250216T000000Z__20250217T000000Z.json,62,3218775,FIKOK,83
port_calls__20250216T000000Z__20250217T000000Z.json,63,3218980,FIMHQ,70
port_calls__20250216T000000Z__20250217T000000Z.json,64,3219040,FISKV,80
port_calls__20250216T000000Z__20250217T000000Z.json,65,3219081,FIKAS,70
port_calls__20250216T000000Z__20250217T000000Z.json,66,3219199,FIPAR,70
port_calls__20250216T000000Z__20250217T000000Z.json,67,3219271,FIANK,83
port_calls__20250217T000000Z__20250218T000000Z.json,1,3178584,FIHEL,40
port_calls__20250217T000000Z__20250218T000000Z.json,2,3190817,FITKU,20
port_calls__20250217T000000Z__20250218T000000Z.json,3,3190968,FITKU,20
port_calls__20250217T000000Z__20250218T000000Z.json,4,3193959,FILAN,20
port_calls__20250217T000000Z__20250218T000000Z.json,5,3193988,FITKU,20
port_calls__20250217T000000Z__20250218T000000Z.json,6,3194093,FIMHQ,20
port_calls__20250217T000000Z__20250218T000000Z.json,7,3195386,FINLI,20
port_calls__20250217T000000Z__20250218T000000Z.json,8,3195484,FILAN,20
port_calls__20250217T000000Z__20250218T000000Z.json,9,3196665,FIECK,20
port_calls__20250217T000000Z__20250218T000000Z.json,10,3196693,FIECK,20
port_calls__20250217T000000Z__20250218T000000Z.json,11,3196721,FIECK,20
port_calls__20250217T000000Z__20250218T000000Z.json,12,3197613,FIHEL,20
port_calls__20250217T000000Z__20250218T000000Z.json,13,3197642,FIHEL,20
port_calls__20250217T000000Z__20250218T000000Z.json,14,3197666,FIHEL,20
port_calls__20250217T000000Z__20250218T000000Z.json,15,3197692,FIHEL,40
port_calls__20250217T000000Z__20250218T000000Z.json,16,3197708,FIHEL,40
port_calls__20250217T000000Z__20250218T000000Z.json,17,3197712,FIHEL,40
port_calls__20250217T000000Z__20250218T000000Z.json,18,3199072,FIHEL,40
port_calls__20250217T000000Z__20250218T000000Z.json,19,3201379,FIHEL,20
port_calls__20250217T000000Z__20250218T000000Z.json,20,3206956,FILAN,20
port_calls__20250217T000000Z__20250218T000000Z.json,21,3209282,FILAN,20
port_calls__20250217T000000Z__20250218T000000Z.json,22,3209286,FIMHQ,20
port_calls__20250217T000000Z__20250218T000000Z.json,23,3209303,FIMHQ,20
port_calls__20250217T000000Z__20250218T000000Z.json,24,3209313,FIMHQ,20
port_calls__20250217T000000Z__20250218T000000Z.json,25,3209321,FIMHQ,10
port_calls__20250217T000000Z__20250218T000000Z.json,26,3209325,FIMHQ,20
port_calls__20250217T000000Z__20250218T000000Z.json,27,3210321,FIHEL,20
port_calls__20250217T000000Z__20250218T000000Z.json,28,3210450,FIHKO,40
port_calls__20250217T000000Z__20250218T000000Z.json,29,3210946,FIHEL,20
port_calls__20250217T000000Z__20250218T000000Z.json,30,3210973,FIHEL,20
port_calls__20250217T000000Z__20250218T000000Z.json,31,3210978,FIHEL,20
port_calls__20250217T000000Z__20250218T000000Z.json,32,3210979,FIHEL,20
port_calls__20250217T000000Z__20250218T000000Z.json,33,3210993,FIHEL,20
port_calls__20250217T000000Z__20250218T000000Z.json,34,3210997,FIHEL,20
port_calls__20250217T000000Z__20250218T000000Z.json,35,3211014,FIHEL,20
port_calls__20250217T000000Z__20250218T000000Z.json,36,3211071,FIHEL,20
port_calls__20250217T000000Z__20250218T000000Z.json,37,3211093,FIMHQ,20
port_calls__20250217T000000Z__20250218T000000Z.json,38,3211095,FIMHQ,20
port_calls__20250217T000000Z__20250218T000000Z.json,39,3211965,FIKOK,60
port_calls__20250217T000000Z__20250218T000000Z.json,40,3212181,FINLI,40
port_calls__20250217T000000Z__20250218T000000Z.json,41,3212293,FILAN,20
port_calls__20250217T000000Z__20250218T000000Z.json,42,3212459,FIKTK,70
port_calls__20250217T000000Z__20250218T000000Z.json,43,3212577,FIHEL,20
port_calls__20250217T000000Z__20250218T000000Z.json,44,3212595,FIHEL,20
port_calls__20250217T000000Z__20250218T000000Z.json,45,3212612,FITKU,70
port_calls__20250217T000000Z__20250218T000000Z.json,46,3213940,FIUKI,70
port_calls__20250217T000000Z__20250218T000000Z.json,47,3215771,FISKV,81
port_calls__20250217T000000Z__20250218T000000Z.json,48,3215789,FIHEL,50
port_calls__20250217T000000Z__20250218T000000Z.json,49,3215856,FISKV,81
port_calls__20250217T000000Z__20250218T000000Z.json,50,3215919,FIPOR,70
port_calls__20250217T000000Z__20250218T000000Z.json,51,3216040,FIKAS,70
port_calls__20250217T000000Z__20250218T000000Z.json,52,3216887,FIKTK,40
port_calls__20250217T000000Z__20250218T000000Z.json,53,3216890,FIHKO,40
port_calls__20250217T000000Z__20250218T000000Z.json,54,3216891,FIHKO,40
port_calls__20250217T000000Z__20250218T000000Z.json,55,3217096,FIHEL,60
port_calls__20250217T000000Z__20250218T000000Z.json,56,3217385,FIVAA,80
port_calls__20250217T000000Z__20250218T000000Z.json,57,3217567,FIKTK,50
port_calls__20250217T000000Z__20250218T000000Z.json,58,3217579,FIUKI,60
port_calls__20250217T000000Z__20250218T000000Z.json,59,3217746,FIKJO,70
port_calls__20250217T000000Z__20250218T000000Z.json,60,3217766,FIHEL,50
port_calls__20250217T000000Z__20250218T000000Z.json,61,3217773,FIPAR,70
port_calls__20250217T000000Z__20250218T000000Z.json,62,3217809,FIKTK,70
port_calls__20250217T000000Z__20250218T000000Z.json,63,3217836,FIHEL,50
port_calls__20250217T000000Z__20250218T000000Z.json,64,3218486,FIMHQ,20
port_calls__20250217T000000Z__20250218T000000Z.json,65,3218508,FIMHQ,20
port_calls__20250217T000000Z__20250218T000000Z.json,66,3218538,FIPOR,70
port_calls__20250217T000000Z__20250218T000000Z.json,67,3218539,FIKTK,80
port_calls__20250217T000000Z__20250218T000000Z.json,68,3218561,FIVAA,20
port_calls__20250217T000000Z__20250218T000000Z.json,69,3218576,FIRAA,60
port_calls__20250217T000000Z__20250218T000000Z.json,70,3218587,FINLI,70
port_calls__20250217T000000Z__20250218T000000Z.json,71,3218637,FIEJO,70
port_calls__20250217T000000Z__20250218T000000Z.json,72,3218830,FIANK,70
port_calls__20250217T000000Z__20250218T000000Z.json,73,3218840,FIKTK,60
port_calls__20250217T000000Z__20250218T000000Z.json,74,3218869,FIRAU,70
port_calls__20250217T000000Z__20250218T000000Z.json,75,3218936,FIRAU,80
port_calls__20250217T000000Z__20250218T000000Z.json,76,3218938,FISKV,80
port_calls__20250217T000000Z__20250218T000000Z.json,77,3218998,FIPRS,83
port_calls__20250217T000000Z__20250218T000000Z.json,78,3219048,FIRAA,70
port_calls__20250217T000000Z__20250218T000000Z.json,79,3219083,FIHEL,82
port_calls__20250217T000000Z__20250218T000000Z.json,80,3219094,FIOUL,90
port_calls__20250217T000000Z__20250218T000000Z.json,81,3219138,FIVEI,10
port_calls__20250217T000000Z__20250218T000000Z.json,82,3219185,FIPRS,70
port_calls__20250217T000000Z__20250218T000000Z.json,83,3219438,FIANK,70
port_calls__20250217T000000Z__20250218T000000Z.json,84,3219441,FIANK,70
port_calls__20250217T000000Z__20250218T000000Z.json,85,3219442,FIVEI,10
port_calls__20250217T000000Z__20250218T000000Z.json,86,3219444,FIVEI,90
port_calls__20250217T000000Z__20250218T000000Z.json,87,3219449,FIVEI,90
port_calls__20250217T000000Z__20250218T000000Z.json,88,3219473,FIANK,70
port_calls__20250217T000000Z__20250218T000000Z.json,89,3219512,FIANK,70
port_calls__20250217T000000Z__20250218T000000Z.json,90,3219743,FIANK,50
port_calls__20250217T000000Z__20250218T000000Z.json,91,3219764,FIKOK,91
port_calls__20250217T000000Z__20250218T000000Z.json,92,3219765,FIANK,80
port_calls__20250217T000000Z__20250218T000000Z.json,93,3219800,FIANK,70
port_calls__20250217T000000Z__20250218T000000Z.json,94,3219854,FIANK,70
port_calls__20250218T000000Z__20250219T000000Z.json,1,3180619,FIHKO,40
port_calls__20250218T000000Z__20250219T000000Z.json,2,3190818,FITKU,20
port_calls__20250218T000000Z__20250219T000000Z.json,3,3190969,FITKU,20
port_calls__20250218T000000Z__20250219T000000Z.json,4,3196037,FIHEL,20
port_calls__20250218T000000Z__20250219T000000Z.json,5,3196666,FIECK,20
port_calls__20250218T000000Z__20250219T000000Z.json,6,3196694,FIECK,20
port_calls__20250218T000000Z__20250219T000000Z.json,7,3196722,FIECK,20
port_calls__20250218T000000Z__20250219T000000Z.json,8,3197614,FIHEL,20
port_calls__20250218T000000Z__20250219T000000Z.json,9,3197643,FIHEL,20
port_calls__20250218T000000Z__20250219T000000Z.json,10,3197667,FIHEL,20
port_calls__20250218T000000Z__20250219T000000Z.json,11,3197693,FIHEL,40
port_calls__20250218T000000Z__20250219T000000Z.json,12,3197722,FIHEL,40
port_calls__20250218T000000Z__20250219T000000Z.json,13,3197740,FIHEL,40
port_calls__20250218T000000Z__20250219T000000Z.json,14,3201282,FIHEL,20
port_calls__20250218T000000Z__20250219T000000Z.json,15,3207202,FILAN,20
port_calls__20250218T000000Z__20250219T000000Z.json,16,3207203,FINLI,20
port_calls__20250218T000000Z__20250219T000000Z.json,17,3207298,FILAN,20
port_calls__20250218T000000Z__20250219T000000Z.json,18,3207365,FINLI,20
port_calls__20250218T000000Z__20250219T000000Z.json,19,3207369,FILAN,20
port_calls__20250218T000000Z__20250219T000000Z.json,20,3207390,FILAN,20
port_calls__20250218T000000Z__20250219T000000Z.json,21,3210445,FIHKO,40
port_calls__20250218T000000Z__20250219T000000Z.json,22,3210944,FIHEL,20
port_calls__20250218T000000Z__20250219T000000Z.json,23,3210965,FIHEL,20
port_calls__20250218T000000Z__20250219T000000Z.json,24,3210969,FIHEL,20
port_calls__20250218T000000Z__20250219T000000Z.json,25,3210991,FIHEL,20
port_calls__20250218T000000Z__20250219T000000Z.json,26,3211017,FIHEL,20
port_calls__20250218T000000Z__20250219T000000Z.json,27,3211020,FIHEL,20
port_calls__20250218T000000Z__20250219T000000Z.json,28,3211064,FIHEL,20
port_calls__20250218T000000Z__20250219T000000Z.json,29,3211078,FIHEL,20
port_calls__20250218T000000Z__20250219T000000Z.json,30,3211086,FIMHQ,20
port_calls__20250218T000000Z__20250219T000000Z.json,31,3211090,FIMHQ,20
port_calls__20250218T000000Z__20250219T000000Z.json,32,3212162,FILAN,40
port_calls__20250218T000000Z__20250219T000000Z.json,33,3212182,FINLI,40
port_calls__20250218T000000Z__20250219T000000Z.json,34,3212294,FILAN,20
port_calls__20250218T000000Z__20250219T000000Z.json,35,3212300,FILAN,20
port_calls__20250218T000000Z__20250219T000000Z.json,36,3212309,FIMHQ,20
port_calls__20250218T000000Z__20250219T000000Z.json,37,3212324,FIMHQ,20
port_calls__20250218T000000Z__20250219T000000Z.json,38,3212332,FIMHQ,20
port_calls__20250218T000000Z__20250219T000000Z.json,39,3212346,FIMHQ,10
port_calls__20250218T000000Z__20250219T000000Z.json,40,3212353,FIMHQ,20
port_calls__20250218T000000Z__20250219T000000Z.json,41,3212578,FIHEL,20
port_calls__20250218T000000Z__20250219T000000Z.json,42,3212596,FIHEL,20
port_calls__20250218T000000Z__20250219T000000Z.json,43,3215268,FINLI,70
port_calls__20250218T000000Z__20250219T000000Z.json,44,3215853,FIPOR,70
port_calls__20250218T000000Z__20250219T000000Z.json,45,3216886,FIRAU,40
port_calls__20250218T000000Z__20250219T000000Z.json,46,3217062,FIHKO,40
port_calls__20250218T000000Z__20250219T000000Z.json,47,3217082,FISKV,80
port_calls__20250218T000000Z__20250219T000000Z.json,48,3217568,FIHEL,50
port_calls__20250218T000000Z__20250219T000000Z.json,49,3217754,FIHKO,40
port_calls__20250218T000000Z__20250219T000000Z.json,50,3217760,FIKOK,70
port_calls__20250218T000000Z__20250219T000000Z.json,51,3217774,FITKU,80
port_calls__20250218T000000Z__20250219T000000Z.json,52,3217785,FIKEM,70
port_calls__20250218T000000Z__20250219T000000Z.json,53,3217823,FIKTK,70
port_calls__20250218T000000Z__20250219T000000Z.json,54,3217832,FIKJO,70
port_calls__20250218T000000Z__20250219T000000Z.json,55,3217838,FIKTK,50
port_calls__20250218T000000Z__20250219T000000Z.json,56,3218468,FISKV,81
port_calls__20250218T000000Z__20250219T000000Z.json,57,3218469,FIUKI,83
port_calls__20250218T000000Z__20250219T000000Z.json,58,3218544,FIPRS,70
port_calls__20250218T000000Z__20250219T000000Z.json,59,3218575,FIKTK,70
port_calls__20250218T000000Z__20250219T000000Z.json,60,3218590,FIKTK,40
port_calls__20250218T000000Z__20250219T000000Z.json,61,3218592,FIHEL,50
port_calls__20250218T000000Z__20250219T000000Z.json,62,3218593,FIUKI,70
port_calls__20250218T000000Z__20250219T000000Z.json,63,3218596,FIRAU,50
port_calls__20250218T000000Z__20250219T000000Z.json,64,3218628,FINLI,70
port_calls__20250218T000000Z__20250219T000000Z.json,65,3218746,FIKEM,70
port_calls__20250218T000000Z__20250219T000000Z.json,66,3218795,FIDLS,70
port_calls__20250218T000000Z__20250219T000000Z.json,67,3218817,FIINK,70
port_calls__20250218T000000Z__20250219T000000Z.json,68,3218847,FIPOR,70
port_calls__20250218T000000Z__20250219T000000Z.json,69,3218852,FIKOK,70
port_calls__20250218T000000Z__20250219T000000Z.json,70,3218868,FIRAU,70
port_calls__20250218T000000Z__20250219T000000Z.json,71,3218934,FINLI,70
port_calls__20250218T000000Z__20250219T000000Z.json,72,3218937,FIKTK,80
port_calls__20250218T000000Z__20250219T000000Z.json,73,3218952,FIPOR,70
port_calls__20250218T000000Z__20250219T000000Z.json,74,3218959,FISKV,81
port_calls__20250218T000000Z__20250219T000000Z.json,75,3218975,FIKOK,70
port_calls__20250218T000000Z__20250219T000000Z.json,76,3219140,FIANK,60
port_calls__20250218T000000Z__20250219T000000Z.json,77,3219233,FIRAU,70
port_calls__20250218T000000Z__20250219T000000Z.json,78,3219247,FIVAA,70
port_calls__20250218T000000Z__20250219T000000Z.json,79,3219269,FIHKO,70
port_calls__20250218T000000Z__20250219T000000Z.json,80,3219397,FIKTK,70
port_calls__20250218T000000Z__20250219T000000Z.json,81,3219427,FIKTK,70
port_calls__20250218T000000Z__20250219T000000Z.json,82,3219433,FIUKI,70
port_calls__20250218T000000Z__20250219T000000Z.json,83,3219439,FIKTK,70
port_calls__20250218T000000Z__20250219T000000Z.json,84,3219443,FIVEI,10
port_calls__20250218T000000Z__20250219T000000Z.json,85,3219501,FIVAA,20
port_calls__20250218T000000Z__20250219T000000Z.json,86,3219509,FIANK,70
port_calls__20250218T000000Z__20250219T000000Z.json,87,3219594,FIVAA,20
port_calls__20250218T000000Z__20250219T000000Z.json,88,3219746,FIVEI,90
port_calls__20250218T000000Z__20250219T000000Z.json,89,3219749,FIVEI,90
port_calls__20250218T000000Z__20250219T000000Z.json,90,3219788,FIKOK,91
port_calls__20250218T000000Z__20250219T000000Z.json,91,3219856,FIHEL,70
port_calls__20250218T000000Z__20250219T000000Z.json,92,3219883,FIANK,80
port_calls__20250218T000000Z__20250219T000000Z.json,93,3219912,FIHEL,91
port_calls__20250218T000000Z__20250219T000000Z.json,94,3219945,FIANK,70
port_calls__20250219T000000Z__20250220T000000Z.json,1,3190819,FITKU,20
port_calls__20250219T000000Z__20250220T000000Z.json,2,3190970,FITKU,20
port_calls__20250219T000000Z__20250220T000000Z.json,3,3193919,FILAN,20
port_calls__20250219T000000Z__20250220T000000Z.json,4,3193948,FITKU,20
port_calls__20250219T000000Z__20250220T000000Z.json,5,3194059,FILAN,20
port_calls__20250219T000000Z__20250220T000000Z.json,6,3196667,FIECK,20
port_calls__20250219T000000Z__20250220T000000Z.json,7,3196695,FIECK,20
port_calls__20250219T000000Z__20250220T000000Z.json,8,3196723,FIECK,20
port_calls__20250219T000000Z__20250220T000000Z.json,9,3197615,FIHEL,20
port_calls__20250219T000000Z__20250220T000000Z.json,10,3197644,FIHEL,20
port_calls__20250219T000000Z__20250220T000000Z.json,11,3197668,FIHEL,20
port_calls__20250219T000000Z__20250220T000000Z.json,12,3197694,FIHEL,40
port_calls__20250219T000000Z__20250220T000000Z.json,13,3197723,FIHEL,40
port_calls__20250219T000000Z__20250220T000000Z.json,14,3197741,FIHEL,40
port_calls__20250219T000000Z__20250220T000000Z.json,15,3207168,FILAN,20
port_calls__20250219T000000Z__20250220T000000Z.json,16,3207173,FILAN,20
port_calls__20250219T000000Z__20250220T000000Z.json,17,3207260,FINLI,20
port_calls__20250219T000000Z__20250220T000000Z.json,18,3207377,FILAN,20
port_calls__20250219T000000Z__20250220T000000Z.json,19,3207380,FINLI,20
port_calls__20250219T000000Z__20250220T000000Z.json,20,3207406,FILAN,20
port_calls__20250219T000000Z__20250220T000000Z.json,21,3209237,FIHKO,40
port_calls__20250219T000000Z__20250220T000000Z.json,22,3210322,FIHEL,20
port_calls__20250219T000000Z__20250220T000000Z.json,23,3210942,FIHEL,20
port_calls__20250219T000000Z__20250220T000000Z.json,24,3210952,FIHEL,20
port_calls__20250219T000000Z__20250220T000000Z.json,25,3210957,FIHEL,20
port_calls__20250219T000000Z__20250220T000000Z.json,26,3210958,FIHEL,20
port_calls__20250219T000000Z__20250220T000000Z.json,27,3210966,FIHEL,20
port_calls__20250219T000000Z__20250220T000000Z.json,28,3210970,FIHEL,20
port_calls__20250219T000000Z__20250220T000000Z.json,29,3211054,FIHEL,20
port_calls__20250219T000000Z__20250220T000000Z.json,30,3211059,FIHEL,20
port_calls__20250219T000000Z__20250220T000000Z.json,31,3211083,FIMHQ,20
port_calls__20250219T000000Z__20250220T000000Z.json,32,3211101,FIMHQ,20
port_calls__20250219T000000Z__20250220T000000Z.json,33,3212163,FILAN,40
port_calls__20250219T000000Z__20250220T000000Z.json,34,3212183,FINLI,40
port_calls__20250219T000000Z__20250220T000000Z.json,35,3212295,FILAN,20
port_calls__20250219T000000Z__20250220T000000Z.json,36,3212303,FILAN,20
port_calls__20250219T000000Z__20250220T000000Z.json,37,3212319,FIMHQ,20
port_calls__20250219T000000Z__20250220T000000Z.json,38,3212326,FIMHQ,20
port_calls__20250219T000000Z__20250220T000000Z.json,39,3212333,FIMHQ,20
port_calls__20250219T000000Z__20250220T000000Z.json,40,3212347,FIMHQ,10
port_calls__20250219T000000Z__20250220T000000Z.json,41,3212359,FIMHQ,20
port_calls__20250219T000000Z__20250220T000000Z.json,42,3212460,FIKTK,50
port_calls__20250219T000000Z__20250220T000000Z.json,43,3212579,FIHEL,20
port_calls__20250219T000000Z__20250220T000000Z.json,44,3212597,FIHEL,20
port_calls__20250219T000000Z__20250220T000000Z.json,45,3213896,FIHEL,20
port_calls__20250219T000000Z__20250220T000000Z.json,46,3214979,FIKTK,50
port_calls__20250219T000000Z__20250220T000000Z.json,47,3215787,FIHEL,50
port_calls__20250219T000000Z__20250220T000000Z.json,48,3216884,FIKTK,40
port_calls__20250219T000000Z__20250220T000000Z.json,49,3216889,FIHKO,40
port_calls__20250219T000000Z__20250220T000000Z.json,50,3217060,FIPOR,91
port_calls__20250219T000000Z__20250220T000000Z.json,51,3217063,FIPOR,93
port_calls__20250219T000000Z__20250220T000000Z.json,52,3217066,FIPOR,93
port_calls__20250219T000000Z__20250220T000000Z.json,53,3217099,FISKV,82
port_calls__20250219T000000Z__20250220T000000Z.json,54,3217333,FIKTK,70
port_calls__20250219T000000Z__20250220T000000Z.json,55,3217569,FIKTK,50
port_calls__20250219T000000Z__20250220T000000Z.json,56,3217571,FIKTK,50
port_calls__20250219T000000Z__20250220T000000Z.json,57,3217759,FIHKO,40
port_calls__20250219T000000Z__20250220T000000Z.json,58,3217768,FIKTK,70
port_calls__20250219T000000Z__20250220T000000Z.json,59,3217840,FIHEL,50
port_calls__20250219T000000Z__20250220T000000Z.json,60,3217842,FIRAU,50
port_calls__20250219T000000Z__20250220T000000Z.json,61,3217970,FITOR,70
port_calls__20250219T000000Z__20250220T000000Z.json,62,3217972,FITOR,60
port_calls__20250219T000000Z__20250220T000000Z.json,63,3217974,FITOR,70
port_calls__20250219T000000Z__20250220T000000Z.json,64,3218367,FIHEL,50
port_calls__20250219T000000Z__20250220T000000Z.json,65,3218484,FIMHQ,20
port_calls__20250219T000000Z__20250220T000000Z.json,66,3218502,FIMHQ,20
port_calls__20250219T000000Z__20250220T000000Z.json,67,3218528,FIRAU,50
port_calls__20250219T000000Z__20250220T000000Z.json,68,3218581,FIRAU,70
port_calls__20250219T000000Z__20250220T000000Z.json,69,3218591,FIKTK,40
port_calls__20250219T000000Z__20250220T000000Z.json,70,3218811,FIKJO,70
port_calls__20250219T000000Z__20250220T000000Z.json,71,3218829,FISKV,80
port_calls__20250219T000000Z__20250220T000000Z.json,72,3218849,FIHEL,70
port_calls__20250219T000000Z__20250220T000000Z.json,73,3218940,FIPOR,70
port_calls__20250219T000000Z__20250220T000000Z.json,74,3218954,FIHKO,44
port_calls__20250219T000000Z__20250220T000000Z.json,75,3218973,FIKOK,70
port_calls__20250219T000000Z__20250220T000000Z.json,76,3218979,FIOUL,70
port_calls__20250219T000000Z__20250220T000000Z.json,77,3219139,FIPRS,60
port_calls__20250219T000000Z__20250220T000000Z.json,78,3219250,FIPOR,80
port_calls__20250219T000000Z__20250220T000000Z.json,79,3219257,FIPRS,70
port_calls__20250219T000000Z__20250220T000000Z.json,80,3219387,FIOUL,70
port_calls__20250219T000000Z__20250220T000000Z.json,81,3219404,FIKTK,60
port_calls__20250219T000000Z__20250220T000000Z.json,82,3219418,FIUKI,60
port_calls__20250219T000000Z__20250220T000000Z.json,83,3219434,FIHKO,40
port_calls__20250219T000000Z__20250220T000000Z.json,84,3219455,FIKTK,60
port_calls__20250219T000000Z__20250220T000000Z.json,85,3219466,FIHEL,50
port_calls__20250219T000000Z__20250220T000000Z.json,86,3219468,FIKTK,70
port_calls__20250219T000000Z__20250220T000000Z.json,87,3219595,FIVAA,20
port_calls__20250219T000000Z__20250220T000000Z.json,88,3219691,FIVAA,20
port_calls__20250219T000000Z__20250220T000000Z.json,89,3219751,FIKTK,60
port_calls__20250219T000000Z__20250220T000000Z.json,90,3219857,FIRAU,91
port_calls__20250219T000000Z__20250220T000000Z.json,91,3219874,FIVEI,10
port_calls__20250219T000000Z__20250220T000000Z.json,92,3219911,FIKTK,70
port_calls__20250219T000000Z__20250220T000000Z.json,93,3219971,FISKV,80
port_calls__20250219T000000Z__20250220T000000Z.json,94,3219975,FIVEI,90
port_calls__20250219T000000Z__20250220T000000Z.json,95,3220059,FISKV,81
port_calls__20250219T000000Z__20250220T000000Z.json,96,3220100,FIANK,81
port_calls__20250219T000000Z__20250220T000000Z.json,97,3220264,FIANK,70
port_calls__20250219T000000Z__20250220T000000Z.json,98,3220403,FIANK,70
port_calls__20250220T000000Z__20250221T000000Z.json,1,3190820,FITKU,20
port_calls__20250220T000000Z__20250221T000000Z.json,2,3190971,FITKU,20
port_calls__20250220T000000Z__20250221T000000Z.json,3,3193909,FILAN,20
port_calls__20250220T000000Z__20250221T000000Z.json,4,3193932,FITKU,20
port_calls__20250220T000000Z__20250221T000000Z.json,5,3194083,FIMHQ,20
port_calls__20250220T000000Z__20250221T000000Z.json,6,3196038,FIHEL,20
port_calls__20250220T000000Z__20250221T000000Z.json,7,3196668,FIECK,20
port_calls__20250220T000000Z__20250221T000000Z.json,8,3196696,FIECK,20
port_calls__20250220T000000Z__20250221T000000Z.json,9,3196724,FIECK,20
port_calls__20250220T000000Z__20250221T000000Z.json,10,3197616,FIHEL,20
port_calls__20250220T000000Z__20250221T000000Z.json,11,3197645,FIHEL,20
port_calls__20250220T000000Z__20250221T000000Z.json,12,3197669,FIHEL,20
port_calls__20250220T000000Z__20250221T000000Z.json,13,3197695,FIHEL,40
port_calls__20250220T000000Z__20250221T000000Z.json,14,3197724,FIHEL,40
port_calls__20250220T000000Z__20250221T000000Z.json,15,3197742,FIHEL,40
port_calls__20250220T000000Z__20250221T000000Z.json,16,3207187,FINLI,20
port_calls__20250220T000000Z__20250221T000000Z.json,17,3207212,FILAN,20
port_calls__20250220T000000Z__20250221T000000Z.json,18,3207234,FILAN,20
port_calls__20250220T000000Z__20250221T000000Z.json,19,3207379,FILAN,20
port_calls__20250220T000000Z__20250221T000000Z.json,20,3207401,FINLI,20
port_calls__20250220T000000Z__20250221T000000Z.json,21,3207402,FILAN,20
port_calls__20250220T000000Z__20250221T000000Z.json,22,3210447,FIHKO,40
port_calls__20250220T000000Z__20250221T000000Z.json,23,3210947,FIHEL,20
port_calls__20250220T000000Z__20250221T000000Z.json,24,3210954,FIHEL,20
port_calls__20250220T000000Z__20250221T000000Z.json,25,3210955,FIHEL,20
port_calls__20250220T000000Z__20250221T000000Z.json,26,3210962,FIHEL,20
port_calls__20250220T000000Z__20250221T000000Z.json,27,3210992,FIHEL,20
port_calls__20250220T000000Z__20250221T000000Z.json,28,3211001,FIHEL,20
port_calls__20250220T000000Z__20250221T000000Z.json,29,3211057,FIHEL,20
port_calls__20250220T000000Z__20250221T000000Z.json,30,3211088,FIMHQ,20
port_calls__20250220T000000Z__20250221T000000Z.json,31,3211099,FIMHQ,20
port_calls__20250220T000000Z__20250221T000000Z.json,32,3211111,FIHEL,20
port_calls__20250220T000000Z__20250221T000000Z.json,33,3212164,FILAN,40
port_calls__20250220T000000Z__20250221T000000Z.json,34,3212184,FINLI,40
port_calls__20250220T000000Z__20250221T000000Z.json,35,3212296,FILAN,20
port_calls__20250220T000000Z__20250221T000000Z.json,36,3212304,FILAN,20
port_calls__20250220T000000Z__20250221T000000Z.json,37,3212310,FIMHQ,20
port_calls__20250220T000000Z__20250221T000000Z.json,38,3212327,FIMHQ,20
port_calls__20250220T000000Z__20250221T000000Z.json,39,3212334,FIMHQ,20
port_calls__20250220T000000Z__20250221T000000Z.json,40,3212348,FIMHQ,10
port_calls__20250220T000000Z__20250221T000000Z.json,41,3212355,FIMHQ,20
port_calls__20250220T000000Z__20250221T000000Z.json,42,3212580,FIHEL,20
port_calls__20250220T000000Z__20250221T000000Z.json,43,3212598,FIHEL,20
port_calls__20250220T000000Z__20250221T000000Z.json,44,3213942,FIHEL,20
port_calls__20250220T000000Z__20250221T000000Z.json,45,3215772,FINLI,81
port_calls__20250220T000000Z__20250221T000000Z.json,46,3215780,FIKTK,50
port_calls__20250220T000000Z__20250221T000000Z.json,47,3216132,FIHEL,70
port_calls__20250220T000000Z__20250221T000000Z.json,48,3217758,FIHKO,40
port_calls__20250220T000000Z__20250221T000000Z.json,49,3217775,FIKJO,70
port_calls__20250220T000000Z__20250221T000000Z.json,50,3217975,FITOR,70
port_calls__20250220T000000Z__20250221T000000Z.json,51,3218629,FIKTK,82
port_calls__20250220T000000Z__20250221T000000Z.json,52,3218638,FINLI,70
port_calls__20250220T000000Z__20250221T000000Z.json,53,3218805,FIHKO,40
port_calls__20250220T000000Z__20250221T000000Z.json,54,3218833,FIHEL,70
port_calls__20250220T000000Z__20250221T000000Z.json,55,3218835,FIKTK,70
port_calls__20250220T000000Z__20250221T000000Z.json,56,3218848,FIPOR,70
port_calls__20250220T000000Z__20250221T000000Z.json,57,3218863,FIANK,70
port_calls__20250220T000000Z__20250221T000000Z.json,58,3218874,FISKV,80
port_calls__20250220T000000Z__20250221T000000Z.json,59,3218951,FIPOR,70
port_calls__20250220T000000Z__20250221T000000Z.json,60,3218955,FISKV,80
port_calls__20250220T000000Z__20250221T000000Z.json,61,3218974,FIKOK,70
port_calls__20250220T000000Z__20250221T000000Z.json,62,3219403,FIKTK,70
port_calls__20250220T000000Z__20250221T000000Z.json,63,3219413,FIOUL,70
port_calls__20250220T000000Z__20250221T000000Z.json,64,3219436,FIKAS,40
port_calls__20250220T000000Z__20250221T000000Z.json,65,3219463,FIHKO,70
port_calls__20250220T000000Z__20250221T000000Z.json,66,3219467,FIKTK,50
port_calls__20250220T000000Z__20250221T000000Z.json,67,3219513,FIKTK,83
port_calls__20250220T000000Z__20250221T000000Z.json,68,3219692,FIVAA,20
port_calls__20250220T000000Z__20250221T000000Z.json,69,3219756,FIKOK,40
port_calls__20250220T000000Z__20250221T000000Z.json,70,3219824,FIKTK,50
port_calls__20250220T000000Z__20250221T000000Z.json,71,3219833,FIRAU,40
port_calls__20250220T000000Z__20250221T000000Z.json,72,3219853,FIKAS,70
port_calls__20250220T000000Z__20250221T000000Z.json,73,3219858,FIHEL,70
port_calls__20250220T000000Z__20250221T000000Z.json,74,3219862,FIFAR,70
port_calls__20250220T000000Z__20250221T000000Z.json,75,3219873,FIKTK,70
port_calls__20250220T000000Z__20250221T000000Z.json,76,3219882,FIKOK,70
port_calls__20250220T000000Z__20250221T000000Z.json,77,3219890,FIKTK,70
port_calls__20250220T000000Z__20250221T000000Z.json,78,3219897,FIKTK,70
port_calls__20250220T000000Z__20250221T000000Z.json,79,3219900,FIPRS,70
port_calls__20250220T000000Z__20250221T000000Z.json,80,3219923,FISKV,83
port_calls__20250220T000000Z__20250221T000000Z.json,81,3219934,FIKTK,83
port_calls__20250220T000000Z__20250221T000000Z.json,82,3219935,FIKOK,80
port_calls__20250220T000000Z__20250221T000000Z.json,83,3219942,FIPAR,70
port_calls__20250220T000000Z__20250221T000000Z.json,84,3219963,FIVEI,10
port_calls__20250220T000000Z__20250221T000000Z.json,85,3219965,FIVAA,60
port_calls__20250220T000000Z__20250221T000000Z.json,86,3219991,FIKTK,70
port_calls__20250220T000000Z__20250221T000000Z.json,87,3220093,FIKTK,70
port_calls__20250220T000000Z__20250221T000000Z.json,88,3220246,FIVEI,10
port_calls__20250220T000000Z__20250221T000000Z.json,89,3220300,FITKU,90
port_calls__20250220T000000Z__20250221T000000Z.json,90,3220352,FIVEI,90
port_calls__20250220T000000Z__20250221T000000Z.json,91,3220353,FIVEI,90
port_calls__20250221T000000Z__20250222T000000Z.json,1,3180669,FIHKO,40
port_calls__20250221T000000Z__20250222T000000Z.json,2,3190821,FITKU,20
port_calls__20250221T000000Z__20250222T000000Z.json,3,3190972,FITKU,20
port_calls__20250221T000000Z__20250222T000000Z.json,4,3193907,FILAN,20
port_calls__20250221T000000Z__20250222T000000Z.json,5,3193936,FITKU,20
port_calls__20250221T000000Z__20250222T000000Z.json,6,3194111,FIMHQ,20
port_calls__20250221T000000Z__20250222T000000Z.json,7,3196669,FIECK,20
port_calls__20250221T000000Z__20250222T000000Z.json,8,3196697,FIECK,20
port_calls__20250221T000000Z__20250222T000000Z.json,9,3196725,FIECK,20
port_calls__20250221T000000Z__20250222T000000Z.json,10,3197617,FIHEL,20
port_calls__20250221T000000Z__20250222T000000Z.json,11,3197646,FIHEL,20
port_calls__20250221T000000Z__20250222T000000Z.json,12,3197670,FIHEL,20
port_calls__20250221T000000Z__20250222T000000Z.json,13,3197696,FIHEL,40
port_calls__20250221T000000Z__20250222T000000Z.json,14,3197725,FIHEL,40
port_calls__20250221T000000Z__20250222T000000Z.json,15,3197743,FIHEL,40
port_calls__20250221T000000Z__20250222T000000Z.json,16,3207232,FILAN,20
port_calls__20250221T000000Z__20250222T000000Z.json,17,3207280,FILAN,20
port_calls__20250221T000000Z__20250222T000000Z.json,18,3207323,FINLI,20
port_calls__20250221T000000Z__20250222T000000Z.json,19,3207373,FILAN,20
port_calls__20250221T000000Z__20250222T000000Z.json,20,3207421,FINLI,20
port_calls__20250221T000000Z__20250222T000000Z.json,21,3209247,FIHEL,40
port_calls__20250221T000000Z__20250222T000000Z.json,22,3210323,FIHEL,20
port_calls__20250221T000000Z__20250222T000000Z.json,23,3210950,FIHEL,20
port_calls__20250221T000000Z__20250222T000000Z.json,24,3210983,FIHEL,20
port_calls__20250221T000000Z__20250222T000000Z.json,25,3210996,FIHEL,20
port_calls__20250221T000000Z__20250222T000000Z.json,26,3211056,FIHEL,20
port_calls__20250221T000000Z__20250222T000000Z.json,27,3211075,FIMHQ,20
port_calls__20250221T000000Z__20250222T000000Z.json,28,3211082,FIHEL,20
port_calls__20250221T000000Z__20250222T000000Z.json,29,3211097,FIHEL,20
port_calls__20250221T000000Z__20250222T000000Z.json,30,3211105,FIHEL,20
port_calls__20250221T000000Z__20250222T000000Z.json,31,3211137,FIHEL,20
port_calls__20250221T000000Z__20250222T000000Z.json,32,3212165,FILAN,40
port_calls__20250221T000000Z__20250222T000000Z.json,33,3212185,FINLI,40
port_calls__20250221T000000Z__20250222T000000Z.json,34,3212297,FILAN,20
port_calls__20250221T000000Z__20250222T000000Z.json,35,3212305,FILAN,20
port_calls__20250221T000000Z__20250222T000000Z.json,36,3212320,FIMHQ,20
port_calls__20250221T000000Z__20250222T000000Z.json,37,3212328,FIMHQ,20
port_calls__20250221T000000Z__20250222T000000Z.json,38,3212335,FIMHQ,20
port_calls__20250221T000000Z__20250222T000000Z.json,39,3212349,FIMHQ,10
port_calls__20250221T000000Z__20250222T000000Z.json,40,3212360,FIMHQ,20
port_calls__20250221T000000Z__20250222T000000Z.json,41,3212560,FIHEL,20
port_calls__20250221T000000Z__20250222T000000Z.json,42,3212564,FIHEL,20
port_calls__20250221T000000Z__20250222T000000Z.json,43,3212567,FIHEL,20
port_calls__20250221T000000Z__20250222T000000Z.json,44,3213849,FIHEL,20
port_calls__20250221T000000Z__20250222T000000Z.json,45,3215670,FIHKO,40
port_calls__20250221T000000Z__20250222T000000Z.json,46,3217340,FIRAU,50
port_calls__20250221T000000Z__20250222T000000Z.json,47,3217389,FIINK,70
port_calls__20250221T000000Z__20250222T000000Z.json,48,3217566,FIKTK,70
port_calls__20250221T000000Z__20250222T000000Z.json,49,3217570,FIHEL,50
port_calls__20250221T000000Z__20250222T000000Z.json,50,3217845,FITKU,40
port_calls__20250221T000000Z__20250222T000000Z.json,51,3217971,FITOR,70
port_calls__20250221T000000Z__20250222T000000Z.json,52,3218288,FIRAA,70
port_calls__20250221T000000Z__20250222T000000Z.json,53,3218470,FIHKO,40
port_calls__20250221T000000Z__20250222T000000Z.json,54,3218475,FIHEL,50
port_calls__20250221T000000Z__20250222T000000Z.json,55,3218487,FIMHQ,20
port_calls__20250221T000000Z__20250222T000000Z.json,56,3218493,FIMHQ,20
port_calls__20250221T000000Z__20250222T000000Z.json,57,3218862,FIKOK,70
port_calls__20250221T000000Z__20250222T000000Z.json,58,3218875,FISKV,80
port_calls__20250221T000000Z__20250222T000000Z.json,59,3218939,FIVAA,70
port_calls__20250221T000000Z__20250222T000000Z.json,60,3219147,FIKTK,60
port_calls__20250221T000000Z__20250222T000000Z.json,61,3219428,FIOUL,40
port_calls__20250221T000000Z__20250222T000000Z.json,62,3219494,FIOUL,80
port_calls__20250221T000000Z__20250222T000000Z.json,63,3219693,FIVAA,20
port_calls__20250221T000000Z__20250222T000000Z.json,64,3219745,FIKEM,70
port_calls__20250221T000000Z__20250222T000000Z.json,65,3219750,FIRAU,40
port_calls__20250221T000000Z__20250222T000000Z.json,66,3219801,FIKTK,83
port_calls__20250221T000000Z__20250222T000000Z.json,67,3219855,FIKAS,70
port_calls__20250221T000000Z__20250222T000000Z.json,68,3219870,FIHEL,60
port_calls__20250221T000000Z__20250222T000000Z.json,69,3219924,FIOUL,40
port_calls__20250221T000000Z__20250222T000000Z.json,70,3219961,FIVAA,20
port_calls__20250221T000000Z__20250222T000000Z.json,71,3220076,FISKV,82
port_calls__20250221T000000Z__20250222T000000Z.json,72,3220086,FIKTK,70
port_calls__20250221T000000Z__20250222T000000Z.json,73,3220092,FIKTK,70
port_calls__20250221T000000Z__20250222T000000Z.json,74,3220123,FIKTK,83
port_calls__20250221T000000Z__20250222T000000Z.json,75,3220244,FIKNT,70
port_calls__20250221T000000Z__20250222T000000Z.json,76,3220298,FISKV,81
port_calls__20250221T000000Z__20250222T000000Z.json,77,3220335,FITKU,80
port_calls__20250221T000000Z__20250222T000000Z.json,78,3220358,FIMHQ,70
port_calls__20250221T000000Z__20250222T000000Z.json,79,3220377,FIVEI,10
port_calls__20250221T000000Z__20250222T000000Z.json,80,3220408,FIANK,82
port_calls__20250221T000000Z__20250222T000000Z.json,81,3220409,FIPRS,60
port_calls__20250221T000000Z__20250222T000000Z.json,82,3220830,FIVEI,90
port_calls__20250221T000000Z__20250222T000000Z.json,83,3220835,FIVEI,90
port_calls__20250221T000000Z__20250222T000000Z.json,84,3221165,FIANK,80
port_calls__20250221T000000Z__20250222T000000Z.json,85,3317041,FIMHQ,20
port_calls__20250222T000000Z__20250223T000000Z.json,1,3190822,FITKU,20
port_calls__20250222T000000Z__20250223T000000Z.json,2,3190973,FITKU,20
port_calls__20250222T000000Z__20250223T000000Z.json,3,3193900,FILAN,20
port_calls__20250222T000000Z__20250223T000000Z.json,4,3193995,FITKU,20
port_calls__20250222T000000Z__20250223T000000Z.json,5,3194085,FIMHQ,20
port_calls__20250222T000000Z__20250223T000000Z.json,6,3196039,FIHEL,20
port_calls__20250222T000000Z__20250223T000000Z.json,7,3196670,FIECK,20
port_calls__20250222T000000Z__20250223T000000Z.json,8,3196698,FIECK,20
port_calls__20250222T000000Z__20250223T000000Z.json,9,3196726,FIECK,20
port_calls__20250222T000000Z__20250223T000000Z.json,10,3197618,FIHEL,20
port_calls__20250222T000000Z__20250223T000000Z.json,11,3197628,FIHEL,20
port_calls__20250222T000000Z__20250223T000000Z.json,12,3197671,FIHEL,20
port_calls__20250222T000000Z__20250223T000000Z.json,13,3207182,FILAN,20
port_calls__20250222T000000Z__20250223T000000Z.json,14,3207275,FINLI,20
port_calls__20250222T000000Z__20250223T000000Z.json,15,3207283,FILAN,20
port_calls__20250222T000000Z__20250223T000000Z.json,16,3207378,FILAN,20
port_calls__20250222T000000Z__20250223T000000Z.json,17,3207385,FINLI,20
port_calls__20250222T000000Z__20250223T000000Z.json,18,3207461,FILAN,20
port_calls__20250222T000000Z__20250223T000000Z.json,19,3210960,FIHEL,20
port_calls__20250222T000000Z__20250223T000000Z.json,20,3210990,FIHEL,20
port_calls__20250222T000000Z__20250223T000000Z.json,21,3211065,FIHEL,20
port_calls__20250222T000000Z__20250223T000000Z.json,22,3211068,FIHEL,20
port_calls__20250222T000000Z__20250223T000000Z.json,23,3211076,FIHEL,20
port_calls__20250222T000000Z__20250223T000000Z.json,24,3211080,FIMHQ,20
port_calls__20250222T000000Z__20250223T000000Z.json,25,3211081,FIHEL,20
port_calls__20250222T000000Z__20250223T000000Z.json,26,3211106,FIHEL,20
port_calls__20250222T000000Z__20250223T000000Z.json,27,3211117,FIMHQ,20
port_calls__20250222T000000Z__20250223T000000Z.json,28,3211830,FIHKO,40
port_calls__20250222T000000Z__20250223T000000Z.json,29,3212021,FIINK,82
port_calls__20250222T000000Z__20250223T000000Z.json,30,3212166,FILAN,40
port_calls__20250222T000000Z__20250223T000000Z.json,31,3212298,FILAN,20
port_calls__20250222T000000Z__20250223T000000Z.json,32,3212306,FILAN,20
port_calls__20250222T000000Z__20250223T000000Z.json,33,3212311,FIMHQ,20
port_calls__20250222T000000Z__20250223T000000Z.json,34,3212329,FIMHQ,20
port_calls__20250222T000000Z__20250223T000000Z.json,35,3212336,FIMHQ,20
port_calls__20250222T000000Z__20250223T000000Z.json,36,3212350,FIMHQ,10
port_calls__20250222T000000Z__20250223T000000Z.json,37,3212356,FIMHQ,20
port_calls__20250222T000000Z__20250223T000000Z.json,38,3212581,FIHEL,20
port_calls__20250222T000000Z__20250223T000000Z.json,39,3212599,FIHEL,20
port_calls__20250222T000000Z__20250223T000000Z.json,40,3213897,FIHEL,20
port_calls__20250222T000000Z__20250223T000000Z.json,41,3217802,FITKU,83
port_calls__20250222T000000Z__20250223T000000Z.json,42,3217839,FIRAU,50
port_calls__20250222T000000Z__20250223T000000Z.json,43,3218562,FISKV,81
port_calls__20250222T000000Z__20250223T000000Z.json,44,3218572,FIRAU,70
port_calls__20250222T000000Z__20250223T000000Z.json,45,3218573,FIRAU,70
port_calls__20250222T000000Z__20250223T000000Z.json,46,3218804,FIHKO,40
port_calls__20250222T000000Z__20250223T000000Z.json,47,3218865,FIPOR,70
port_calls__20250222T000000Z__20250223T000000Z.json,48,3218953,FIPOR,90
port_calls__20250222T000000Z__20250223T000000Z.json,49,3219219,FIHKO,40
port_calls__20250222T000000Z__20250223T000000Z.json,50,3219469,FIOUL,70
port_calls__20250222T000000Z__20250223T000000Z.json,51,3219478,FIKTK,50
port_calls__20250222T000000Z__20250223T000000Z.json,52,3219497,FIKTK,70
port_calls__20250222T000000Z__20250223T000000Z.json,53,3219742,FIKEM,40
port_calls__20250222T000000Z__20250223T000000Z.json,54,3219861,FITOR,70
port_calls__20250222T000000Z__20250223T000000Z.json,55,3219946,FISKV,81
port_calls__20250222T000000Z__20250223T000000Z.json,56,3219962,FIVAA,20
port_calls__20250222T000000Z__20250223T000000Z.json,57,3220094,FIUKI,70
port_calls__20250222T000000Z__20250223T000000Z.json,58,3220136,FIINK,70
port_calls__20250222T000000Z__20250223T000000Z.json,59,3220155,FIANK,80
port_calls__20250222T000000Z__20250223T000000Z.json,60,3220240,FIPRS,70
port_calls__20250222T000000Z__20250223T000000Z.json,61,3220369,FIUKI,70
port_calls__20250222T000000Z__20250223T000000Z.json,62,3220440,FIRAA,60
port_calls__20250222T000000Z__20250223T000000Z.json,63,3220824,FIVEI,10
port_calls__20250222T000000Z__20250223T000000Z.json,64,3220853,FISKV,80
port_calls__20250222T000000Z__20250223T000000Z.json,65,3220925,FIRAA,70
port_calls__20250222T000000Z__20250223T000000Z.json,66,3220991,FITEI,82
port_calls__20250222T000000Z__20250223T000000Z.json,67,3221044,FIVEI,90
port_calls__20250222T000000Z__20250223T000000Z.json,68,3221045,FIVEI,90
port_calls__20250222T000000Z__20250223T000000Z.json,69,3221046,FINLI,70
port_calls__20250222T000000Z__20250223T000000Z.json,70,3221116,FIINK,91
port_calls__20250223T000000Z__20250224T000000Z.json,1,3180611,FIHKO,40
port_calls__20250223T000000Z__20250224T000000Z.json,2,3190823,FITKU,20
port_calls__20250223T000000Z__20250224T000000Z.json,3,3190974,FITKU,20
port_calls__20250223T000000Z__20250224T000000Z.json,4,3193908,FILAN,20
port_calls__20250223T000000Z__20250224T000000Z.json,5,3193991,FITKU,20
port_calls__20250223T000000Z__20250224T000000Z.json,6,3194067,FIMHQ,20
port_calls__20250223T000000Z__20250224T000000Z.json,7,3196671,FIECK,20
port_calls__20250223T000000Z__20250224T000000Z.json,8,3196699,FIECK,20
port_calls__20250223T000000Z__20250224T000000Z.json,9,3196727,FIECK,20
port_calls__20250223T000000Z__20250224T000000Z.json,10,3197619,FIHEL,20
port_calls__20250223T000000Z__20250224T000000Z.json,11,3197647,FIHEL,20
port_calls__20250223T000000Z__20250224T000000Z.json,12,3197698,FIHEL,40
port_calls__20250223T000000Z__20250224T000000Z.json,13,3207166,FILAN,20
port_calls__20250223T000000Z__20250224T000000Z.json,14,3207257,FILAN,20
port_calls__20250223T000000Z__20250224T000000Z.json,15,3207271,FINLI,20
port_calls__20250223T000000Z__20250224T000000Z.json,16,3207366,FILAN,20
port_calls__20250223T000000Z__20250224T000000Z.json,17,3207398,FINLI,20
port_calls__20250223T000000Z__20250224T000000Z.json,18,3207416,FILAN,20
port_calls__20250223T000000Z__20250224T000000Z.json,19,3210324,FIHEL,20
port_calls__20250223T000000Z__20250224T000000Z.json,20,3210959,FIHEL,20
port_calls__20250223T000000Z__20250224T000000Z.json,21,3210980,FIHEL,20
port_calls__20250223T000000Z__20250224T000000Z.json,22,3210987,FIHEL,20
port_calls__20250223T000000Z__20250224T000000Z.json,23,3211060,FIHEL,20
port_calls__20250223T000000Z__20250224T000000Z.json,24,3211062,FIHEL,20
port_calls__20250223T000000Z__20250224T000000Z.json,25,3211069,FIHEL,20
port_calls__20250223T000000Z__20250224T000000Z.json,26,3211072,FIMHQ,20
port_calls__20250223T000000Z__20250224T000000Z.json,27,3211085,FIHEL,20
port_calls__20250223T000000Z__20250224T000000Z.json,28,3211104,FIMHQ,20
port_calls__20250223T000000Z__20250224T000000Z.json,29,3211119,FIHEL,20
port_calls__20250223T000000Z__20250224T000000Z.json,30,3212299,FILAN,20
port_calls__20250223T000000Z__20250224T000000Z.json,31,3212307,FILAN,20
port_calls__20250223T000000Z__20250224T000000Z.json,32,3212321,FIMHQ,20
port_calls__20250223T000000Z__20250224T000000Z.json,33,3212330,FIMHQ,20
port_calls__20250223T000000Z__20250224T000000Z.json,34,3212337,FIMHQ,20
port_calls__20250223T000000Z__20250224T000000Z.json,35,3212351,FIMHQ,10
port_calls__20250223T000000Z__20250224T000000Z.json,36,3212361,FIMHQ,20
port_calls__20250223T000000Z__20250224T000000Z.json,37,3212582,FIHEL,20
port_calls__20250223T000000Z__20250224T000000Z.json,38,3212606,FIHEL,20
port_calls__20250223T000000Z__20250224T000000Z.json,39,3212609,FIHEL,20
port_calls__20250223T000000Z__20250224T000000Z.json,40,3213949,FIHEL,20
port_calls__20250223T000000Z__20250224T000000Z.json,41,3214768,FIRAU,70
port_calls__20250223T000000Z__20250224T000000Z.json,42,3215694,FIKTK,70
port_calls__20250223T000000Z__20250224T000000Z.json,43,3216092,FIHKO,70
port_calls__20250223T000000Z__20250224T000000Z.json,44,3217800,FIKTK,70
port_calls__20250223T000000Z__20250224T000000Z.json,45,3218471,FIKTK,40
port_calls__20250223T000000Z__20250224T000000Z.json,46,3218472,FIHKO,40
port_calls__20250223T000000Z__20250224T000000Z.json,47,3218482,FIMHQ,20
port_calls__20250223T000000Z__20250224T000000Z.json,48,3218488,FIMHQ,20
port_calls__20250223T000000Z__20250224T000000Z.json,49,3218597,FINLI,70
port_calls__20250223T000000Z__20250224T000000Z.json,50,3218861,FISKV,80
port_calls__20250223T000000Z__20250224T000000Z.json,51,3219070,FIPOR,80
port_calls__20250223T000000Z__20250224T000000Z.json,52,3219218,FIHKO,40
port_calls__20250223T000000Z__20250224T000000Z.json,53,3219276,FIRAU,70
port_calls__20250223T000000Z__20250224T000000Z.json,54,3219429,FIHKO,40
port_calls__20250223T000000Z__20250224T000000Z.json,55,3219437,FISKV,82
port_calls__20250223T000000Z__20250224T000000Z.json,56,3219465,FIKOK,70
port_calls__20250223T000000Z__20250224T000000Z.json,57,3219690,FIPRS,40
port_calls__20250223T000000Z__20250224T000000Z.json,58,3219863,FIRAU,70
port_calls__20250223T000000Z__20250224T000000Z.json,59,3219872,FITOR,70
port_calls__20250223T000000Z__20250224T000000Z.json,60,3219910,FIHKO,70
port_calls__20250223T000000Z__20250224T000000Z.json,61,3219922,FIOUL,80
port_calls__20250223T000000Z__20250224T000000Z.json,62,3219932,FIKTK,50
port_calls__20250223T000000Z__20250224T000000Z.json,63,3219940,FINLI,83
port_calls__20250223T000000Z__20250224T000000Z.json,64,3220082,FIKTK,50
port_calls__20250223T000000Z__20250224T000000Z.json,65,3220087,FIUKI,70
port_calls__20250223T000000Z__20250224T000000Z.json,66,3220101,FISKV,83
port_calls__20250223T000000Z__20250224T000000Z.json,67,3220158,FISKV,80
port_calls__20250223T000000Z__20250224T000000Z.json,68,3220166,FIHEL,50
port_calls__20250223T000000Z__20250224T000000Z.json,69,3220370,FIKTK,83
port_calls__20250223T000000Z__20250224T000000Z.json,70,3220402,FIKTK,60
port_calls__20250223T000000Z__20250224T000000Z.json,71,3220938,FISKV,83
port_calls__20250223T000000Z__20250224T000000Z.json,72,3220945,FISKV,80
port_calls__20250223T000000Z__20250224T000000Z.json,73,3220975,FIKTK,70
port_calls__20250223T000000Z__20250224T000000Z.json,74,3220989,FIRAU,70
port_calls__20250223T000000Z__20250224T000000Z.json,75,3221027,FIKOK,70
port_calls__20250223T000000Z__20250224T000000Z.json,76,3221087,FIRAU,70
port_calls__20250223T000000Z__20250224T000000Z.json,77,3221533,FIANK,80
port_calls__20250223T000000Z__20250224T000000Z.json,78,3221573,FIANK,80
port_calls__20250223T000000Z__20250224T000000Z.json,79,3221629,FIVAA,20
port_calls__20250224T000000Z__20250225T000000Z.json,1,3178485,FIHEL,40
port_calls__20250224T000000Z__20250225T000000Z.json,2,3190824,FITKU,20
port_calls__20250224T000000Z__20250225T000000Z.json,3,3190975,FITKU,20
port_calls__20250224T000000Z__20250225T000000Z.json,4,3193946,FILAN,20
port_calls__20250224T000000Z__20250225T000000Z.json,5,3193989,FITKU,20
port_calls__20250224T000000Z__20250225T000000Z.json,6,3194048,FIMHQ,20
port_calls__20250224T000000Z__20250225T000000Z.json,7,3196040,FIHEL,20
port_calls__20250224T000000Z__20250225T000000Z.json,8,3196672,FIECK,20
port_calls__20250224T000000Z__20250225T000000Z.json,9,3196700,FIECK,20
port_calls__20250224T000000Z__20250225T000000Z.json,10,3196728,FIECK,20
port_calls__20250224T000000Z__20250225T000000Z.json,11,3197620,FIHEL,20
port_calls__20250224T000000Z__20250225T000000Z.json,12,3197648,FIHEL,20
port_calls__20250224T000000Z__20250225T000000Z.json,13,3197672,FIHEL,20
port_calls__20250224T000000Z__20250225T000000Z.json,14,3197699,FIHEL,40
port_calls__20250224T000000Z__20250225T000000Z.json,15,3197709,FIHEL,40
port_calls__20250224T000000Z__20250225T000000Z.json,16,3197713,FIHEL,40
port_calls__20250224T000000Z__20250225T000000Z.json,17,3207321,FILAN,20
port_calls__20250224T000000Z__20250225T000000Z.json,18,3207404,FINLI,20
port_calls__20250224T000000Z__20250225T000000Z.json,19,3207408,FILAN,20
port_calls__20250224T000000Z__20250225T000000Z.json,20,3209241,FIHEL,40
port_calls__20250224T000000Z__20250225T000000Z.json,21,3211055,FIMHQ,20
port_calls__20250224T000000Z__20250225T000000Z.json,22,3211091,FIHEL,20
port_calls__20250224T000000Z__20250225T000000Z.json,23,3212186,FINLI,40
port_calls__20250224T000000Z__20250225T000000Z.json,24,3212308,FILAN,20
port_calls__20250224T000000Z__20250225T000000Z.json,25,3212312,FIMHQ,20
port_calls__20250224T000000Z__20250225T000000Z.json,26,3212331,FIMHQ,20
port_calls__20250224T000000Z__20250225T000000Z.json,27,3212338,FIMHQ,20
port_calls__20250224T000000Z__20250225T000000Z.json,28,3212352,FIMHQ,10
port_calls__20250224T000000Z__20250225T000000Z.json,29,3212357,FIMHQ,20
port_calls__20250224T000000Z__20250225T000000Z.json,30,3212583,FIHEL,20
port_calls__20250224T000000Z__20250225T000000Z.json,31,3212600,FIHEL,20
port_calls__20250224T000000Z__20250225T000000Z.json,32,3212645,FILAN,20
port_calls__20250224T000000Z__20250225T000000Z.json,33,3213237,FIHEL,20
port_calls__20250224T000000Z__20250225T000000Z.json,34,3213244,FIHEL,20
port_calls__20250224T000000Z__20250225T000000Z.json,35,3213245,FIHEL,20
port_calls__20250224T000000Z__20250225T000000Z.json,36,3213286,FIHEL,20
port_calls__20250224T000000Z__20250225T000000Z.json,37,3213289,FIMHQ,20
port_calls__20250224T000000Z__20250225T000000Z.json,38,3213343,FIHEL,20
port_calls__20250224T000000Z__20250225T000000Z.json,39,3213344,FIHEL,20
port_calls__20250224T000000Z__20250225T000000Z.json,40,3213420,FIHEL,20
port_calls__20250224T000000Z__20250225T000000Z.json,41,3213866,FIHEL,20
port_calls__20250224T000000Z__20250225T000000Z.json,42,3217144,FIRAU,80
port_calls__20250224T000000Z__20250225T000000Z.json,43,3217221,FIHKO,40
port_calls__20250224T000000Z__20250225T000000Z.json,44,3219217,FIHKO,40
port_calls__20250224T000000Z__20250225T000000Z.json,45,3219220,FIKTK,40
port_calls__20250224T000000Z__20250225T000000Z.json,46,3219221,FIHKO,40
port_calls__20250224T000000Z__20250225T000000Z.json,47,3219248,FIKOK,70
port_calls__20250224T000000Z__20250225T000000Z.json,48,3219694,FIRAU,70
port_calls__20250224T000000Z__20250225T000000Z.json,49,3219944,FIHEL,50
port_calls__20250224T000000Z__20250225T000000Z.json,50,3220135,FITKU,70
port_calls__20250224T000000Z__20250225T000000Z.json,51,3220147,FIKAS,70
port_calls__20250224T000000Z__20250225T000000Z.json,52,3220241,FIPAR,70
port_calls__20250224T000000Z__20250225T000000Z.json,53,3220247,FIOUL,70
port_calls__20250224T000000Z__20250225T000000Z.json,54,3220344,FIINK,70
port_calls__20250224T000000Z__20250225T000000Z.json,55,3220372,FIUKI,70
port_calls__20250224T000000Z__20250225T000000Z.json,56,3220413,FIANK,60
port_calls__20250224T000000Z__20250225T000000Z.json,57,3220564,FIVAA,20
port_calls__20250224T000000Z__20250225T000000Z.json,58,3220814,FISKV,80
port_calls__20250224T000000Z__20250225T000000Z.json,59,3220882,FIRAU,70
port_calls__20250224T000000Z__20250225T000000Z.json,60,3220937,FIKJO,70
port_calls__20250224T000000Z__20250225T000000Z.json,61,3220973,FIKTK,70
port_calls__20250224T000000Z__20250225T000000Z.json,62,3220974,FISKV,80
port_calls__20250224T000000Z__20250225T000000Z.json,63,3220993,FIKTK,70
port_calls__20250224T000000Z__20250225T000000Z.json,64,3221162,FIKTK,80
port_calls__20250224T000000Z__20250225T000000Z.json,65,3221188,FIKAS,70
port_calls__20250224T000000Z__20250225T000000Z.json,66,3221449,FIRAA,60
port_calls__20250224T000000Z__20250225T000000Z.json,67,3221453,FIVEI,10
port_calls__20250224T000000Z__20250225T000000Z.json,68,3221461,FIVEI,90
port_calls__20250224T000000Z__20250225T000000Z.json,69,3221462,FIVEI,90
port_calls__20250224T000000Z__20250225T000000Z.json,70,3221586,FIPRS,60
port_calls__20250224T000000Z__20250225T000000Z.json,71,3221676,FIKOK,91
port_calls__20250224T000000Z__20250225T000000Z.json,72,3221739,FINLI,99
port_calls__20250225T000000Z__20250226T000000Z.json,1,3180613,FIHKO,40
port_calls__20250225T000000Z__20250226T000000Z.json,2,3190825,FITKU,20
port_calls__20250225T000000Z__20250226T000000Z.json,3,3190976,FITKU,20
port_calls__20250225T000000Z__20250226T000000Z.json,4,3196673,FIECK,20
port_calls__20250225T000000Z__20250226T000000Z.json,5,3196701,FIECK,20
port_calls__20250225T000000Z__20250226T000000Z.json,6,3196729,FIECK,20
port_calls__20250225T000000Z__20250226T000000Z.json,7,3197621,FIHEL,20
port_calls__20250225T000000Z__20250226T000000Z.json,8,3197649,FIHEL,20
port_calls__20250225T000000Z__20250226T000000Z.json,9,3197673,FIHEL,20
port_calls__20250225T000000Z__20250226T000000Z.json,10,3197700,FIHEL,40
port_calls__20250225T000000Z__20250226T000000Z.json,11,3197726,FIHEL,40
port_calls__20250225T000000Z__20250226T000000Z.json,12,3197745,FIHEL,40
port_calls__20250225T000000Z__20250226T000000Z.json,13,3210325,FIHEL,20
port_calls__20250225T000000Z__20250226T000000Z.json,14,3212167,FILAN,40
port_calls__20250225T000000Z__20250226T000000Z.json,15,3212187,FINLI,40
port_calls__20250225T000000Z__20250226T000000Z.json,16,3212584,FIHEL,20
port_calls__20250225T000000Z__20250226T000000Z.json,17,3212601,FIHEL,20
port_calls__20250225T000000Z__20250226T000000Z.json,18,3212646,FILAN,20
port_calls__20250225T000000Z__20250226T000000Z.json,19,3212655,FILAN,20
port_calls__20250225T000000Z__20250226T000000Z.json,20,3212855,FIMHQ,20
port_calls__20250225T000000Z__20250226T000000Z.json,21,3212864,FIMHQ,20
port_calls__20250225T000000Z__20250226T000000Z.json,22,3212873,FIMHQ,20
port_calls__20250225T000000Z__20250226T000000Z.json,23,3212882,FIMHQ,10
port_calls__20250225T000000Z__20250226T000000Z.json,24,3212898,FIMHQ,20
port_calls__20250225T000000Z__20250226T000000Z.json,25,3213238,FIHEL,20
port_calls__20250225T000000Z__20250226T000000Z.json,26,3213239,FIHEL,20
port_calls__20250225T000000Z__20250226T000000Z.json,27,3213246,FIHEL,20
port_calls__20250225T000000Z__20250226T000000Z.json,28,3213273,FIMHQ,20
port_calls__20250225T000000Z__20250226T000000Z.json,29,3213276,FIHEL,20
port_calls__20250225T000000Z__20250226T000000Z.json,30,3213292,FIHEL,20
port_calls__20250225T000000Z__20250226T000000Z.json,31,3213302,FIHEL,20
port_calls__20250225T000000Z__20250226T000000Z.json,32,3213321,FIHEL,20
port_calls__20250225T000000Z__20250226T000000Z.json,33,3213335,FIHEL,20
port_calls__20250225T000000Z__20250226T000000Z.json,34,3213397,FIMHQ,20
port_calls__20250225T000000Z__20250226T000000Z.json,35,3213890,FIHEL,20
port_calls__20250225T000000Z__20250226T000000Z.json,36,3215067,FINLI,20
port_calls__20250225T000000Z__20250226T000000Z.json,37,3215091,FILAN,20
port_calls__20250225T000000Z__20250226T000000Z.json,38,3215100,FILAN,20
port_calls__20250225T000000Z__20250226T000000Z.json,39,3215147,FILAN,20
port_calls__20250225T000000Z__20250226T000000Z.json,40,3215157,FINLI,20
port_calls__20250225T000000Z__20250226T000000Z.json,41,3215175,FILAN,20
port_calls__20250225T000000Z__20250226T000000Z.json,42,3217154,FIHKO,40
port_calls__20250225T000000Z__20250226T000000Z.json,43,3218497,FIMHQ,20
port_calls__20250225T000000Z__20250226T000000Z.json,44,3218511,FIMHQ,20
port_calls__20250225T000000Z__20250226T000000Z.json,45,3219216,FIRAU,40
port_calls__20250225T000000Z__20250226T000000Z.json,46,3219432,FIHKO,40
port_calls__20250225T000000Z__20250226T000000Z.json,47,3219495,FIVAA,80
port_calls__20250225T000000Z__20250226T000000Z.json,48,3219510,FIKTK,70
port_calls__20250225T000000Z__20250226T000000Z.json,49,3219736,FITOR,70
port_calls__20250225T000000Z__20250226T000000Z.json,50,3219909,FIRAU,80
port_calls__20250225T000000Z__20250226T000000Z.json,51,3220004,FIFOR,80
port_calls__20250225T000000Z__20250226T000000Z.json,52,3220078,FIHKO,40
port_calls__20250225T000000Z__20250226T000000Z.json,53,3220083,FIRAU,70
port_calls__20250225T000000Z__20250226T000000Z.json,54,3220104,FITOR,70
port_calls__20250225T000000Z__20250226T000000Z.json,55,3220134,FIRAU,50
port_calls__20250225T000000Z__20250226T000000Z.json,56,3220139,FIINK,70
port_calls__20250225T000000Z__20250226T000000Z.json,57,3220142,FIKEM,70
port_calls__20250225T000000Z__20250226T000000Z.json,58,3220149,FIINK,70
port_calls__20250225T000000Z__20250226T000000Z.json,59,3220367,FIRAU,70
port_calls__20250225T000000Z__20250226T000000Z.json,60,3220368,FIKOK,70
port_calls__20250225T000000Z__20250226T000000Z.json,61,3220421,FIKTK,40
port_calls__20250225T000000Z__20250226T000000Z.json,62,3220422,FIHEL,50
port_calls__20250225T000000Z__20250226T000000Z.json,63,3220462,FIKTK,70
port_calls__20250225T000000Z__20250226T000000Z.json,64,3220650,FIVAA,20
port_calls__20250225T000000Z__20250226T000000Z.json,65,3220652,FIVAA,20
port_calls__20250225T000000Z__20250226T000000Z.json,66,3220815,FINLI,80
port_calls__20250225T000000Z__20250226T000000Z.json,67,3221013,FIUKI,70
port_calls__20250225T000000Z__20250226T000000Z.json,68,3221026,FIKOK,70
port_calls__20250225T000000Z__20250226T000000Z.json,69,3221031,FISKV,80
port_calls__20250225T000000Z__20250226T000000Z.json,70,3221564,FIHEL,70
port_calls__20250225T000000Z__20250226T000000Z.json,71,3221678,FIRAA,90
port_calls__20250225T000000Z__20250226T000000Z.json,72,3221697,FIUKI,70
port_calls__20250225T000000Z__20250226T000000Z.json,73,3221741,FIKOK,50
port_calls__20250225T000000Z__20250226T000000Z.json,74,3221800,FIVEI,10
port_calls__20250225T000000Z__20250226T000000Z.json,75,3221832,FIVEI,90
port_calls__20250225T000000Z__20250226T000000Z.json,76,3221833,FIVEI,90
port_calls__20250225T000000Z__20250226T000000Z.json,77,3221965,FIPAR,70
port_calls__20250226T000000Z__20250227T000000Z.json,1,3190826,FITKU,20
port_calls__20250226T000000Z__20250227T000000Z.json,2,3190977,FITKU,20
port_calls__20250226T000000Z__20250227T000000Z.json,3,3194148,FILAN,20
port_calls__20250226T000000Z__20250227T000000Z.json,4,3194236,FITKU,20
port_calls__20250226T000000Z__20250227T000000Z.json,5,3196041,FIHEL,20
port_calls__20250226T000000Z__20250227T000000Z.json,6,3196674,FIECK,20
port_calls__20250226T000000Z__20250227T000000Z.json,7,3196702,FIECK,20
port_calls__20250226T000000Z__20250227T000000Z.json,8,3196730,FIECK,20
port_calls__20250226T000000Z__20250227T000000Z.json,9,3197622,FIHEL,20
port_calls__20250226T000000Z__20250227T000000Z.json,10,3197650,FIHEL,20
port_calls__20250226T000000Z__20250227T000000Z.json,11,3197674,FIHEL,20
port_calls__20250226T000000Z__20250227T000000Z.json,12,3197701,FIHEL,40
port_calls__20250226T000000Z__20250227T000000Z.json,13,3197727,FIHEL,40
port_calls__20250226T000000Z__20250227T000000Z.json,14,3197746,FIHEL,40
port_calls__20250226T000000Z__20250227T000000Z.json,15,3211824,FIHKO,40
port_calls__20250226T000000Z__20250227T000000Z.json,16,3212168,FILAN,40
port_calls__20250226T000000Z__20250227T000000Z.json,17,3212188,FINLI,40
port_calls__20250226T000000Z__20250227T000000Z.json,18,3212585,FIHEL,20
port_calls__20250226T000000Z__20250227T000000Z.json,19,3212602,FIHEL,20
port_calls__20250226T000000Z__20250227T000000Z.json,20,3212647,FILAN,20
port_calls__20250226T000000Z__20250227T000000Z.json,21,3212661,FILAN,20
port_calls__20250226T000000Z__20250227T000000Z.json,22,3212861,FIMHQ,20
port_calls__20250226T000000Z__20250227T000000Z.json,23,3212865,FIMHQ,20
port_calls__20250226T000000Z__20250227T000000Z.json,24,3212876,FIMHQ,20
port_calls__20250226T000000Z__20250227T000000Z.json,25,3212883,FIMHQ,10
port_calls__20250226T000000Z__20250227T000000Z.json,26,3212903,FIMHQ,20
port_calls__20250226T000000Z__20250227T000000Z.json,27,3213236,FIHEL,20
port_calls__20250226T000000Z__20250227T000000Z.json,28,3213241,FIHEL,20
port_calls__20250226T000000Z__20250227T000000Z.json,29,3213243,FIHEL,20
port_calls__20250226T000000Z__20250227T000000Z.json,30,3213280,FIMHQ,20
port_calls__20250226T000000Z__20250227T000000Z.json,31,3213285,FIHEL,20
port_calls__20250226T000000Z__20250227T000000Z.json,32,3213294,FIHEL,20
port_calls__20250226T000000Z__20250227T000000Z.json,33,3213306,FIHEL,20
port_calls__20250226T000000Z__20250227T000000Z.json,34,3213338,FIHEL,20
port_calls__20250226T000000Z__20250227T000000Z.json,35,3213359,FIHEL,20
port_calls__20250226T000000Z__20250227T000000Z.json,36,3213387,FIMHQ,20
port_calls__20250226T000000Z__20250227T000000Z.json,37,3213944,FIHEL,20
port_calls__20250226T000000Z__20250227T000000Z.json,38,3215069,FILAN,20
port_calls__20250226T000000Z__20250227T000000Z.json,39,3215071,FILAN,20
port_calls__20250226T000000Z__20250227T000000Z.json,40,3215082,FINLI,20
port_calls__20250226T000000Z__20250227T000000Z.json,41,3215142,FILAN,20
port_calls__20250226T000000Z__20250227T000000Z.json,42,3215168,FINLI,20
port_calls__20250226T000000Z__20250227T000000Z.json,43,3215182,FILAN,20
port_calls__20250226T000000Z__20250227T000000Z.json,44,3217973,FIKTK,50
port_calls__20250226T000000Z__20250227T000000Z.json,45,3219222,FIHKO,40
port_calls__20250226T000000Z__20250227T000000Z.json,46,3219223,FIKTK,40
port_calls__20250226T000000Z__20250227T000000Z.json,47,3219511,FIKTK,70
port_calls__20250226T000000Z__20250227T000000Z.json,48,3219820,FIHEL,50
port_calls__20250226T000000Z__20250227T000000Z.json,49,3219947,FITOR,70
port_calls__20250226T000000Z__20250227T000000Z.json,50,3220077,FIHKO,40
port_calls__20250226T000000Z__20250227T000000Z.json,51,3220081,FIHKO,40
port_calls__20250226T000000Z__20250227T000000Z.json,52,3220084,FIHEL,50
port_calls__20250226T000000Z__20250227T000000Z.json,53,3220088,FIKTK,50
port_calls__20250226T000000Z__20250227T000000Z.json,54,3220137,FIHEL,50
port_calls__20250226T000000Z__20250227T000000Z.json,55,3220138,FIKTK,50
port_calls__20250226T000000Z__20250227T000000Z.json,56,3220145,FIKEM,70
port_calls__20250226T000000Z__20250227T000000Z.json,57,3220271,FIINK,70
port_calls__20250226T000000Z__20250227T000000Z.json,58,3220373,FINLI,80
port_calls__20250226T000000Z__20250227T000000Z.json,59,3220423,FIKTK,70
port_calls__20250226T000000Z__20250227T000000Z.json,60,3220651,FIRAU,50
port_calls__20250226T000000Z__20250227T000000Z.json,61,3220655,FIKTK,50
port_calls__20250226T000000Z__20250227T000000Z.json,62,3220849,FIRAA,94
port_calls__20250226T000000Z__20250227T000000Z.json,63,3220851,FIRAA,95
port_calls__20250226T000000Z__20250227T000000Z.json,64,3220924,FIHKO,40
port_calls__20250226T000000Z__20250227T000000Z.json,65,3220932,FIHKO,44
port_calls__20250226T000000Z__20250227T000000Z.json,66,3221006,FIVAA,70
port_calls__20250226T000000Z__20250227T000000Z.json,67,3221014,FIRAU,50
port_calls__20250226T000000Z__20250227T000000Z.json,68,3221015,FIVAA,70
port_calls__20250226T000000Z__20250227T000000Z.json,69,3221056,FIRAU,70
port_calls__20250226T000000Z__20250227T000000Z.json,70,3221164,FIKTK,80
port_calls__20250226T000000Z__20250227T000000Z.json,71,3221534,FIKEM,90
port_calls__20250226T000000Z__20250227T000000Z.json,72,3221535,FIKTK,70
port_calls__20250226T000000Z__20250227T000000Z.json,73,3221576,FISKV,80
port_calls__20250226T000000Z__20250227T000000Z.json,74,3221722,FIKTK,70
port_calls__20250226T000000Z__20250227T000000Z.json,75,3221740,FIKTK,60
port_calls__20250226T000000Z__20250227T000000Z.json,76,3221763,FIVAA,20
port_calls__20250226T000000Z__20250227T000000Z.json,77,3221764,FIVAA,20
port_calls__20250226T000000Z__20250227T000000Z.json,78,3221768,FIKTK,60
port_calls__20250226T000000Z__20250227T000000Z.json,79,3221793,FIPOR,82
port_calls__20250226T000000Z__20250227T000000Z.json,80,3221799,FIKOK,70
port_calls__20250226T000000Z__20250227T000000Z.json,81,3221838,FIRAA,70
port_calls__20250226T000000Z__20250227T000000Z.json,82,3221852,FIKTK,70
port_calls__20250226T000000Z__20250227T000000Z.json,83,3221940,FIRAA,80
port_calls__20250226T000000Z__20250227T000000Z.json,84,3221955,FIKTK,60
port_calls__20250226T000000Z__20250227T000000Z.json,85,3222057,FIHEL,70
port_calls__20250226T000000Z__20250227T000000Z.json,86,3222061,FIVEI,10
port_calls__20250226T000000Z__20250227T000000Z.json,87,3222062,FIVEI,10
port_calls__20250226T000000Z__20250227T000000Z.json,88,3222107,FIVEI,90
port_calls__20250226T000000Z__20250227T000000Z.json,89,3222110,FIVEI,90
port_calls__20250226T000000Z__20250227T000000Z.json,90,3222232,FIANK,83
port_calls__20250227T000000Z__20250228T000000Z.json,1,3190827,FITKU,20
port_calls__20250227T000000Z__20250228T000000Z.json,2,3190978,FITKU,20
port_calls__20250227T000000Z__20250228T000000Z.json,3,3196675,FIECK,20
port_calls__20250227T000000Z__20250228T000000Z.json,4,3196703,FIECK,20
port_calls__20250227T000000Z__20250228T000000Z.json,5,3196731,FIECK,20
port_calls__20250227T000000Z__20250228T000000Z.json,6,3197623,FIHEL,20
port_calls__20250227T000000Z__20250228T000000Z.json,7,3197651,FIHEL,20
port_calls__20250227T000000Z__20250228T000000Z.json,8,3197675,FIHEL,20
port_calls__20250227T000000Z__20250228T000000Z.json,9,3197702,FIHEL,40
port_calls__20250227T000000Z__20250228T000000Z.json,10,3197728,FIHEL,40
port_calls__20250227T000000Z__20250228T000000Z.json,11,3197747,FIHEL,40
port_calls__20250227T000000Z__20250228T000000Z.json,12,3210326,FIHEL,20
port_calls__20250227T000000Z__20250228T000000Z.json,13,3212169,FILAN,40
port_calls__20250227T000000Z__20250228T000000Z.json,14,3212189,FINLI,40
port_calls__20250227T000000Z__20250228T000000Z.json,15,3212586,FIHEL,20
port_calls__20250227T000000Z__20250228T000000Z.json,16,3212603,FIHEL,20
port_calls__20250227T000000Z__20250228T000000Z.json,17,3212648,FILAN,20
port_calls__20250227T000000Z__20250228T000000Z.json,18,3212662,FILAN,20
port_calls__20250227T000000Z__20250228T000000Z.json,19,3212858,FIMHQ,20
port_calls__20250227T000000Z__20250228T000000Z.json,20,3212866,FIMHQ,20
port_calls__20250227T000000Z__20250228T000000Z.json,21,3212877,FIMHQ,20
port_calls__20250227T000000Z__20250228T000000Z.json,22,3212884,FIMHQ,10
port_calls__20250227T000000Z__20250228T000000Z.json,23,3212899,FIMHQ,20
port_calls__20250227T000000Z__20250228T000000Z.json,24,3213240,FIHEL,20
port_calls__20250227T000000Z__20250228T000000Z.json,25,3213247,FIHEL,20
port_calls__20250227T000000Z__20250228T000000Z.json,26,3213250,FIHEL,20
port_calls__20250227T000000Z__20250228T000000Z.json,27,3213272,FIMHQ,20
port_calls__20250227T000000Z__20250228T000000Z.json,28,3213287,FIHEL,20
port_calls__20250227T000000Z__20250228T000000Z.json,29,3213300,FIHEL,20
port_calls__20250227T000000Z__20250228T000000Z.json,30,3213310,FIMHQ,20
port_calls__20250227T000000Z__20250228T000000Z.json,31,3213315,FIHEL,20
port_calls__20250227T000000Z__20250228T000000Z.json,32,3213331,FIHEL,20
port_calls__20250227T000000Z__20250228T000000Z.json,33,3213382,FIHEL,20
port_calls__20250227T000000Z__20250228T000000Z.json,34,3213865,FIHEL,20
port_calls__20250227T000000Z__20250228T000000Z.json,35,3215068,FILAN,20
port_calls__20250227T000000Z__20250228T000000Z.json,36,3215076,FINLI,20
port_calls__20250227T000000Z__20250228T000000Z.json,37,3215078,FILAN,20
port_calls__20250227T000000Z__20250228T000000Z.json,38,3215139,FINLI,20
port_calls__20250227T000000Z__20250228T000000Z.json,39,3215159,FILAN,20
port_calls__20250227T000000Z__20250228T000000Z.json,40,3215162,FILAN,20
port_calls__20250227T000000Z__20250228T000000Z.json,41,3216002,FIKTK,70
port_calls__20250227T000000Z__20250228T000000Z.json,42,3217224,FIHKO,40
port_calls__20250227T000000Z__20250228T000000Z.json,43,3218479,FIMHQ,20
port_calls__20250227T000000Z__20250228T000000Z.json,44,3218489,FIMHQ,20
port_calls__20250227T000000Z__20250228T000000Z.json,45,3218563,FIKEM,81
port_calls__20250227T000000Z__20250228T000000Z.json,46,3218567,FIOUL,60
port_calls__20250227T000000Z__20250228T000000Z.json,47,3218810,FISKV,82
port_calls__20250227T000000Z__20250228T000000Z.json,48,3219933,FITOR,70
port_calls__20250227T000000Z__20250228T000000Z.json,49,3220000,FIOUL,83
port_calls__20250227T000000Z__20250228T000000Z.json,50,3220079,FIRAU,40
port_calls__20250227T000000Z__20250228T000000Z.json,51,3220080,FIHKO,40
port_calls__20250227T000000Z__20250228T000000Z.json,52,3220103,FITOR,70
port_calls__20250227T000000Z__20250228T000000Z.json,53,3220144,FIPAR,70
port_calls__20250227T000000Z__20250228T000000Z.json,54,3220928,FIHKO,40
port_calls__20250227T000000Z__20250228T000000Z.json,55,3220929,FIUKI,44
port_calls__20250227T000000Z__20250228T000000Z.json,56,3220940,FIKTK,70
port_calls__20250227T000000Z__20250228T000000Z.json,57,3221012,FIVAA,70
port_calls__20250227T000000Z__20250228T000000Z.json,58,3221174,FIPOR,80
port_calls__20250227T000000Z__20250228T000000Z.json,59,3221694,FIKTK,70
port_calls__20250227T000000Z__20250228T000000Z.json,60,3221704,FIFAR,70
port_calls__20250227T000000Z__20250228T000000Z.json,61,3221709,FIKRS,70
port_calls__20250227T000000Z__20250228T000000Z.json,62,3221710,FITKU,70
port_calls__20250227T000000Z__20250228T000000Z.json,63,3221719,FIOUL,40
port_calls__20250227T000000Z__20250228T000000Z.json,64,3221720,FIKTK,70
port_calls__20250227T000000Z__20250228T000000Z.json,65,3221752,FIRAA,70
port_calls__20250227T000000Z__20250228T000000Z.json,66,3221765,FIVAA,20
port_calls__20250227T000000Z__20250228T000000Z.json,67,3221858,FIPOR,70
port_calls__20250227T000000Z__20250228T000000Z.json,68,3221927,FIKOK,70
port_calls__20250227T000000Z__20250228T000000Z.json,69,3221936,FIOUL,90
port_calls__20250227T000000Z__20250228T000000Z.json,70,3221954,FIKTK,70
port_calls__20250227T000000Z__20250228T000000Z.json,71,3221960,FIKTK,80
port_calls__20250227T000000Z__20250228T000000Z.json,72,3222016,FIKTK,60
port_calls__20250227T000000Z__20250228T000000Z.json,73,3222058,FISKV,80
port_calls__20250227T000000Z__20250228T000000Z.json,74,3222081,FIKOK,60
port_calls__20250227T000000Z__20250228T000000Z.json,75,3222082,FIPRS,70
port_calls__20250227T000000Z__20250228T000000Z.json,76,3222092,FIRAU,70
port_calls__20250227T000000Z__20250228T000000Z.json,77,3222206,FIRAA,70
port_calls__20250227T000000Z__20250228T000000Z.json,78,3222207,FIPRS,70
port_calls__20250227T000000Z__20250228T000000Z.json,79,3222210,FIVAA,70
port_calls__20250227T000000Z__20250228T000000Z.json,80,3222236,FIHKO,70
port_calls__20250227T000000Z__20250228T000000Z.json,81,3222260,FIVEI,10
port_calls__20250227T000000Z__20250228T000000Z.json,82,3222262,FIVEI,10
port_calls__20250227T000000Z__20250228T000000Z.json,83,3222273,FIHKO,70
port_calls__20250227T000000Z__20250228T000000Z.json,84,3222276,FINLI,70
port_calls__20250227T000000Z__20250228T000000Z.json,85,3222340,FIVEI,90
port_calls__20250227T000000Z__20250228T000000Z.json,86,3222341,FIVEI,90
port_calls__20250227T000000Z__20250228T000000Z.json,87,3222342,FISKV,81
port_calls__20250227T000000Z__20250228T000000Z.json,88,3222348,FINLI,99
port_calls__20250227T000000Z__20250228T000000Z.json,89,3222349,FIPAR,70
port_calls__20250227T000000Z__20250228T000000Z.json,90,3222411,FIHEL,70
port_calls__20250227T000000Z__20250228T000000Z.json,91,3222485,FIRAU,70
port_calls__20250227T000000Z__20250228T000000Z.json,92,3222567,FIKTK,60
port_calls__20250228T000000Z__20250301T000000Z.json,1,3180618,FIHKO,40
port_calls__20250228T000000Z__20250301T000000Z.json,2,3190828,FITKU,20
port_calls__20250228T000000Z__20250301T000000Z.json,3,3190979,FITKU,20
port_calls__20250228T000000Z__20250301T000000Z.json,4,3196042,FIHEL,20
port_calls__20250228T000000Z__20250301T000000Z.json,5,3196676,FIECK,20
port_calls__20250228T000000Z__20250301T000000Z.json,6,3196704,FIECK,20
port_calls__20250228T000000Z__20250301T000000Z.json,7,3196732,FIECK,20
port_calls__20250228T000000Z__20250301T000000Z.json,8,3197624,FIHEL,20
port_calls__20250228T000000Z__20250301T000000Z.json,9,3197652,FIHEL,20
port_calls__20250228T000000Z__20250301T000000Z.json,10,3197676,FIHEL,20
port_calls__20250228T000000Z__20250301T000000Z.json,11,3197703,FIHEL,40
port_calls__20250228T000000Z__20250301T000000Z.json,12,3197729,FIHEL,40
port_calls__20250228T000000Z__20250301T000000Z.json,13,3197748,FIHEL,40
port_calls__20250228T000000Z__20250301T000000Z.json,14,3211822,FIHEL,40
port_calls__20250228T000000Z__20250301T000000Z.json,15,3212170,FILAN,40
port_calls__20250228T000000Z__20250301T000000Z.json,16,3212190,FINLI,40
port_calls__20250228T000000Z__20250301T000000Z.json,17,3212561,FIHEL,20
port_calls__20250228T000000Z__20250301T000000Z.json,18,3212565,FIHEL,20
port_calls__20250228T000000Z__20250301T000000Z.json,19,3212568,FIHEL,20
port_calls__20250228T000000Z__20250301T000000Z.json,20,3212649,FILAN,20
port_calls__20250228T000000Z__20250301T000000Z.json,21,3212663,FILAN,20
port_calls__20250228T000000Z__20250301T000000Z.json,22,3212862,FIMHQ,20
port_calls__20250228T000000Z__20250301T000000Z.json,23,3212867,FIMHQ,20
port_calls__20250228T000000Z__20250301T000000Z.json,24,3212878,FIMHQ,20
port_calls__20250228T000000Z__20250301T000000Z.json,25,3212885,FIMHQ,10
port_calls__20250228T000000Z__20250301T000000Z.json,26,3212905,FIMHQ,20
port_calls__20250228T000000Z__20250301T000000Z.json,27,3213256,FIHEL,20
port_calls__20250228T000000Z__20250301T000000Z.json,28,3213261,FIHEL,20
port_calls__20250228T000000Z__20250301T000000Z.json,29,3213264,FIHEL,20
port_calls__20250228T000000Z__20250301T000000Z.json,30,3213274,FIHEL,20
port_calls__20250228T000000Z__20250301T000000Z.json,31,3213283,FIHEL,20
port_calls__20250228T000000Z__20250301T000000Z.json,32,3213291,FIHEL,20
port_calls__20250228T000000Z__20250301T000000Z.json,33,3213301,FIHEL,20
port_calls__20250228T000000Z__20250301T000000Z.json,34,3213303,FIHEL,20
port_calls__20250228T000000Z__20250301T000000Z.json,35,3213337,FIMHQ,20
port_calls__20250228T000000Z__20250301T000000Z.json,36,3213355,FIMHQ,20
port_calls__20250228T000000Z__20250301T000000Z.json,37,3213903,FIHEL,20
port_calls__20250228T000000Z__20250301T000000Z.json,38,3215065,FINLI,20
port_calls__20250228T000000Z__20250301T000000Z.json,39,3215075,FILAN,20
port_calls__20250228T000000Z__20250301T000000Z.json,40,3215096,FILAN,20
port_calls__20250228T000000Z__20250301T000000Z.json,41,3215158,FILAN,20
port_calls__20250228T000000Z__20250301T000000Z.json,42,3215173,FILAN,20
port_calls__20250228T000000Z__20250301T000000Z.json,43,3215181,FINLI,20
port_calls__20250228T000000Z__20250301T000000Z.json,44,3217145,FIHKO,40
port_calls__20250228T000000Z__20250301T000000Z.json,45,3219740,FIHEL,50
port_calls__20250228T000000Z__20250301T000000Z.json,46,3219964,FIRAU,40
port_calls__20250228T000000Z__20250301T000000Z.json,47,3220003,FIPOR,80
port_calls__20250228T000000Z__20250301T000000Z.json,48,3220089,FIHEL,50
port_calls__20250228T000000Z__20250301T000000Z.json,49,3220165,FIKOK,60
port_calls__20250228T000000Z__20250301T000000Z.json,50,3220354,FIHKO,40
port_calls__20250228T000000Z__20250301T000000Z.json,51,3220371,FIOUL,82
port_calls__20250228T000000Z__20250301T000000Z.json,52,3220433,FIVAA,70
port_calls__20250228T000000Z__20250301T000000Z.json,53,3221692,FIUKI,60
port_calls__20250228T000000Z__20250301T000000Z.json,54,3221693,FIUKI,82
port_calls__20250228T000000Z__20250301T000000Z.json,55,3221742,FIRAU,60
port_calls__20250228T000000Z__20250301T000000Z.json,56,3221744,FIKEM,40
port_calls__20250228T000000Z__20250301T000000Z.json,57,3221767,FIVAA,20
port_calls__20250228T000000Z__20250301T000000Z.json,58,3221789,FINLI,91
port_calls__20250228T000000Z__20250301T000000Z.json,59,3221790,FINLI,99
port_calls__20250228T000000Z__20250301T000000Z.json,60,3221899,FIKOK,83
port_calls__20250228T000000Z__20250301T000000Z.json,61,3221961,FIHEL,70
port_calls__20250228T000000Z__20250301T000000Z.json,62,3221963,FIKTK,70
port_calls__20250228T000000Z__20250301T000000Z.json,63,3221966,FIUKI,70
port_calls__20250228T000000Z__20250301T000000Z.json,64,3222060,FITKU,80
port_calls__20250228T000000Z__20250301T000000Z.json,65,3222102,FIKTK,83
port_calls__20250228T000000Z__20250301T000000Z.json,66,3222128,FIKTK,70
port_calls__20250228T000000Z__20250301T000000Z.json,67,3222216,FIHEL,50
port_calls__20250228T000000Z__20250301T000000Z.json,68,3222234,FIPRS,60
port_calls__20250228T000000Z__20250301T000000Z.json,69,3222267,FIKTK,70
port_calls__20250228T000000Z__20250301T000000Z.json,70,3222339,FINLI,80
port_calls__20250228T000000Z__20250301T000000Z.json,71,3222475,FITKU,70
port_calls__20250228T000000Z__20250301T000000Z.json,72,3222479,FIKOK,70
port_calls__20250228T000000Z__20250301T000000Z.json,73,3222483,FINLI,70
port_calls__20250228T000000Z__20250301T000000Z.json,74,3222487,FIPAR,70
port_calls__20250228T000000Z__20250301T000000Z.json,75,3222498,FIKTK,70
port_calls__20250228T000000Z__20250301T000000Z.json,76,3222516,FISKV,80
port_calls__20250228T000000Z__20250301T000000Z.json,77,3222530,FIVAA,20
port_calls__20250228T000000Z__20250301T000000Z.json,78,3222536,FIKOK,50
port_calls__20250228T000000Z__20250301T000000Z.json,79,3222554,FIVEI,90
port_calls__20250228T000000Z__20250301T000000Z.json,80,3222557,FIVEI,10
port_calls__20250228T000000Z__20250301T000000Z.json,81,3222575,FINLI,20
port_calls__20250228T000000Z__20250301T000000Z.json,82,3222599,FIRAA,95
port_calls__20250228T000000Z__20250301T000000Z.json,83,3222600,FIRAA,94
port_calls__20250228T000000Z__20250301T000000Z.json,84,3222684,FITKU,82
port_calls__20250228T000000Z__20250301T000000Z.json,85,3222703,FIANK,80
port_calls__20250301T000000Z__20250302T000000Z.json,1,3190829,FITKU,20
port_calls__20250301T000000Z__20250302T000000Z.json,2,3190980,FITKU,20
port_calls__20250301T000000Z__20250302T000000Z.json,3,3193750,FIECK,20
port_calls__20250301T000000Z__20250302T000000Z.json,4,3193781,FIECK,20
port_calls__20250301T000000Z__20250302T000000Z.json,5,3193812,FIECK,20
port_calls__20250301T000000Z__20250302T000000Z.json,6,3210327,FIHEL,20
port_calls__20250301T000000Z__20250302T000000Z.json,7,3212650,FILAN,20
port_calls__20250301T000000Z__20250302T000000Z.json,8,3212664,FILAN,20
port_calls__20250301T000000Z__20250302T000000Z.json,9,3212859,FIMHQ,20
port_calls__20250301T000000Z__20250302T000000Z.json,10,3212868,FIMHQ,20
port_calls__20250301T000000Z__20250302T000000Z.json,11,3212879,FIMHQ,20
port_calls__20250301T000000Z__20250302T000000Z.json,12,3212886,FIMHQ,10
port_calls__20250301T000000Z__20250302T000000Z.json,13,3212900,FIMHQ,20
port_calls__20250301T000000Z__20250302T000000Z.json,14,3213265,FIMHQ,20
port_calls__20250301T000000Z__20250302T000000Z.json,15,3213268,FIHEL,20
port_calls__20250301T000000Z__20250302T000000Z.json,16,3213269,FIHEL,20
port_calls__20250301T000000Z__20250302T000000Z.json,17,3213278,FIMHQ,20
port_calls__20250301T000000Z__20250302T000000Z.json,18,3213281,FIHEL,20
port_calls__20250301T000000Z__20250302T000000Z.json,19,3213311,FIHEL,20
port_calls__20250301T000000Z__20250302T000000Z.json,20,3213323,FIHEL,20
port_calls__20250301T000000Z__20250302T000000Z.json,21,3213329,FIHEL,20
port_calls__20250301T000000Z__20250302T000000Z.json,22,3213374,FIHEL,20
port_calls__20250301T000000Z__20250302T000000Z.json,23,3213946,FIHEL,20
port_calls__20250301T000000Z__20250302T000000Z.json,24,3214013,FIHKO,40
port_calls__20250301T000000Z__20250302T000000Z.json,25,3214305,FIHEL,20
port_calls__20250301T000000Z__20250302T000000Z.json,26,3214336,FIHEL,20
port_calls__20250301T000000Z__20250302T000000Z.json,27,3214341,FIHEL,20
port_calls__20250301T000000Z__20250302T000000Z.json,28,3215105,FILAN,20
port_calls__20250301T000000Z__20250302T000000Z.json,29,3215127,FINLI,20
port_calls__20250301T000000Z__20250302T000000Z.json,30,3215131,FILAN,20
port_calls__20250301T000000Z__20250302T000000Z.json,31,3215174,FINLI,20
port_calls__20250301T000000Z__20250302T000000Z.json,32,3215188,FILAN,20
port_calls__20250301T000000Z__20250302T000000Z.json,33,3215222,FILAN,20
port_calls__20250301T000000Z__20250302T000000Z.json,34,3218485,FIMHQ,20
port_calls__20250301T000000Z__20250302T000000Z.json,35,3219491,FIRAU,70
port_calls__20250301T000000Z__20250302T000000Z.json,36,3219739,FITOR,50
port_calls__20250301T000000Z__20250302T000000Z.json,37,3220133,FIKTK,50
port_calls__20250301T000000Z__20250302T000000Z.json,38,3220148,FIINK,70
port_calls__20250301T000000Z__20250302T000000Z.json,39,3220168,FIHEL,20
port_calls__20250301T000000Z__20250302T000000Z.json,40,3220195,FIHEL,20
port_calls__20250301T000000Z__20250302T000000Z.json,41,3220659,FIPOH,70
port_calls__20250301T000000Z__20250302T000000Z.json,42,3220852,FIRAA,60
port_calls__20250301T000000Z__20250302T000000Z.json,43,3220927,FIHKO,40
port_calls__20250301T000000Z__20250302T000000Z.json,44,3221091,FISKV,81
port_calls__20250301T000000Z__20250302T000000Z.json,45,3221197,FILAN,40
port_calls__20250301T000000Z__20250302T000000Z.json,46,3221582,FISKV,80
port_calls__20250301T000000Z__20250302T000000Z.json,47,3221597,FIHKO,40
port_calls__20250301T000000Z__20250302T000000Z.json,48,3221794,FIKAS,40
port_calls__20250301T000000Z__20250302T000000Z.json,49,3221798,FIOUL,50
port_calls__20250301T000000Z__20250302T000000Z.json,50,3221935,FIKOK,70
port_calls__20250301T000000Z__20250302T000000Z.json,51,3222073,FIKTK,70
port_calls__20250301T000000Z__20250302T000000Z.json,52,3222075,FIPOR,80
port_calls__20250301T000000Z__20250302T000000Z.json,53,3222079,FIKEM,70
port_calls__20250301T000000Z__20250302T000000Z.json,54,3222093,FIKOK,70
port_calls__20250301T000000Z__20250302T000000Z.json,55,3222215,FIUKI,70
port_calls__20250301T000000Z__20250302T000000Z.json,56,3222217,FIKTK,50
port_calls__20250301T000000Z__20250302T000000Z.json,57,3222220,FIHEL,50
port_calls__20250301T000000Z__20250302T000000Z.json,58,3222261,FIRAU,91
port_calls__20250301T000000Z__20250302T000000Z.json,59,3222371,FIKTK,50
port_calls__20250301T000000Z__20250302T000000Z.json,60,3222383,FIKTK,60
port_calls__20250301T000000Z__20250302T000000Z.json,61,3222418,FIKAS,70
port_calls__20250301T000000Z__20250302T000000Z.json,62,3222469,FINLI,70
port_calls__20250301T000000Z__20250302T000000Z.json,63,3222531,FIVAA,20
port_calls__20250301T000000Z__20250302T000000Z.json,64,3222544,FIHEL,91
port_calls__20250301T000000Z__20250302T000000Z.json,65,3222548,FISKV,90
port_calls__20250301T000000Z__20250302T000000Z.json,66,3222549,FIPRS,40
port_calls__20250301T000000Z__20250302T000000Z.json,67,3222582,FITKU,90
port_calls__20250301T000000Z__20250302T000000Z.json,68,3222628,FIRAA,70
port_calls__20250301T000000Z__20250302T000000Z.json,69,3222704,FIRAA,70
port_calls__20250301T000000Z__20250302T000000Z.json,70,3222736,FIKTK,60
port_calls__20250301T000000Z__20250302T000000Z.json,71,3222757,FIVEI,90
port_calls__20250301T000000Z__20250302T000000Z.json,72,3222758,FIVEI,90
port_calls__20250301T000000Z__20250302T000000Z.json,73,3222780,FIVEI,10
port_calls__20250301T000000Z__20250302T000000Z.json,74,3222783,FIANK,70
port_calls__20250301T000000Z__20250302T000000Z.json,75,3222789,FIPOR,91
port_calls__20250301T000000Z__20250302T000000Z.json,76,3222790,FIPOR,99
port_calls__20250301T000000Z__20250302T000000Z.json,77,3222899,FIHEL,93
port_calls__20250301T000000Z__20250302T000000Z.json,78,3223172,FIMHQ,20
port_calls__20250301T000000Z__20250302T000000Z.json,79,3223474,FIANK,90
port_calls__20250302T000000Z__20250303T000000Z.json,1,3180628,FIHKO,40
port_calls__20250302T000000Z__20250303T000000Z.json,2,3190830,FITKU,20
port_calls__20250302T000000Z__20250303T000000Z.json,3,3190981,FITKU,20
port_calls__20250302T000000Z__20250303T000000Z.json,4,3193751,FIECK,20
port_calls__20250302T000000Z__20250303T000000Z.json,5,3193782,FIECK,20
port_calls__20250302T000000Z__20250303T000000Z.json,6,3193817,FIECK,20
port_calls__20250302T000000Z__20250303T000000Z.json,7,3196043,FIHEL,20
port_calls__20250302T000000Z__20250303T000000Z.json,8,3200117,FIHKO,40
port_calls__20250302T000000Z__20250303T000000Z.json,9,3212651,FILAN,20
port_calls__20250302T000000Z__20250303T000000Z.json,10,3212665,FILAN,20
port_calls__20250302T000000Z__20250303T000000Z.json,11,3212863,FIMHQ,20
port_calls__20250302T000000Z__20250303T000000Z.json,12,3212869,FIMHQ,20
port_calls__20250302T000000Z__20250303T000000Z.json,13,3212880,FIMHQ,20
port_calls__20250302T000000Z__20250303T000000Z.json,14,3212887,FIMHQ,10
port_calls__20250302T000000Z__20250303T000000Z.json,15,3212906,FIMHQ,20
port_calls__20250302T000000Z__20250303T000000Z.json,16,3213270,FIMHQ,20
port_calls__20250302T000000Z__20250303T000000Z.json,17,3213271,FIHEL,20
port_calls__20250302T000000Z__20250303T000000Z.json,18,3213275,FIHEL,20
port_calls__20250302T000000Z__20250303T000000Z.json,19,3213277,FIHEL,20
port_calls__20250302T000000Z__20250303T000000Z.json,20,3213282,FIMHQ,20
port_calls__20250302T000000Z__20250303T000000Z.json,21,3213297,FIHEL,20
port_calls__20250302T000000Z__20250303T000000Z.json,22,3213298,FIHEL,20
port_calls__20250302T000000Z__20250303T000000Z.json,23,3213328,FIHEL,20
port_calls__20250302T000000Z__20250303T000000Z.json,24,3213333,FIHEL,20
port_calls__20250302T000000Z__20250303T000000Z.json,25,3213364,FIHEL,20
port_calls__20250302T000000Z__20250303T000000Z.json,26,3213862,FIHEL,20
port_calls__20250302T000000Z__20250303T000000Z.json,27,3214237,FIHEL,40
port_calls__20250302T000000Z__20250303T000000Z.json,28,3214306,FIHEL,20
port_calls__20250302T000000Z__20250303T000000Z.json,29,3214367,FIHEL,20
port_calls__20250302T000000Z__20250303T000000Z.json,30,3215126,FILAN,20
port_calls__20250302T000000Z__20250303T000000Z.json,31,3215128,FILAN,20
port_calls__20250302T000000Z__20250303T000000Z.json,32,3215129,FINLI,20
port_calls__20250302T000000Z__20250303T000000Z.json,33,3215214,FINLI,20
port_calls__20250302T000000Z__20250303T000000Z.json,34,3215216,FILAN,20
port_calls__20250302T000000Z__20250303T000000Z.json,35,3215219,FILAN,20
port_calls__20250302T000000Z__20250303T000000Z.json,36,3219741,FIRAU,50
port_calls__20250302T000000Z__20250303T000000Z.json,37,3220167,FITOR,70
port_calls__20250302T000000Z__20250303T000000Z.json,38,3220169,FIHEL,20
port_calls__20250302T000000Z__20250303T000000Z.json,39,3220230,FIHEL,20
port_calls__20250302T000000Z__20250303T000000Z.json,40,3220235,FIHEL,20
port_calls__20250302T000000Z__20250303T000000Z.json,41,3221007,FISKV,82
port_calls__20250302T000000Z__20250303T000000Z.json,42,3221010,FIKTK,70
port_calls__20250302T000000Z__20250303T000000Z.json,43,3221011,FIKTK,70
port_calls__20250302T000000Z__20250303T000000Z.json,44,3221088,FITOR,70
port_calls__20250302T000000Z__20250303T000000Z.json,45,3221598,FIHKO,40
port_calls__20250302T000000Z__20250303T000000Z.json,46,3221707,FIHKO,40
port_calls__20250302T000000Z__20250303T000000Z.json,47,3221732,FIPOR,70
port_calls__20250302T000000Z__20250303T000000Z.json,48,3221750,FIPRS,70
port_calls__20250302T000000Z__20250303T000000Z.json,49,3221951,FIKTK,70
port_calls__20250302T000000Z__20250303T000000Z.json,50,3221956,FIHEL,50
port_calls__20250302T000000Z__20250303T000000Z.json,51,3221971,FIKAS,70
port_calls__20250302T000000Z__20250303T000000Z.json,52,3222066,FIINK,81
port_calls__20250302T000000Z__20250303T000000Z.json,53,3222069,FISKV,81
port_calls__20250302T000000Z__20250303T000000Z.json,54,3222242,FISKV,80
port_calls__20250302T000000Z__20250303T000000Z.json,55,3222275,FIPOR,80
port_calls__20250302T000000Z__20250303T000000Z.json,56,3222318,FIKTK,70
port_calls__20250302T000000Z__20250303T000000Z.json,57,3222357,FIVAA,70
port_calls__20250302T000000Z__20250303T000000Z.json,58,3222382,FIRAU,70
port_calls__20250302T000000Z__20250303T000000Z.json,59,3222529,FINLI,70
port_calls__20250302T000000Z__20250303T000000Z.json,60,3222534,FIVAA,20
port_calls__20250302T000000Z__20250303T000000Z.json,61,3222699,FIKTK,60
port_calls__20250302T000000Z__20250303T000000Z.json,62,3222745,FINLI,70
port_calls__20250302T000000Z__20250303T000000Z.json,63,3222759,FIRAU,40
port_calls__20250302T000000Z__20250303T000000Z.json,64,3222866,FISKV,80
port_calls__20250302T000000Z__20250303T000000Z.json,65,3223110,FIANK,60
port_calls__20250303T000000Z__20250304T000000Z.json,1,3178470,FIHEL,40
port_calls__20250303T000000Z__20250304T000000Z.json,2,3190831,FITKU,20
port_calls__20250303T000000Z__20250304T000000Z.json,3,3190982,FITKU,20
port_calls__20250303T000000Z__20250304T000000Z.json,4,3193752,FIECK,20
port_calls__20250303T000000Z__20250304T000000Z.json,5,3193783,FIECK,20
port_calls__20250303T000000Z__20250304T000000Z.json,6,3193818,FIECK,20
port_calls__20250303T000000Z__20250304T000000Z.json,7,3210328,FIHEL,20
port_calls__20250303T000000Z__20250304T000000Z.json,8,3211819,FIHEL,40
port_calls__20250303T000000Z__20250304T000000Z.json,9,3212666,FILAN,20
port_calls__20250303T000000Z__20250304T000000Z.json,10,3212860,FIMHQ,20
port_calls__20250303T000000Z__20250304T000000Z.json,11,3212870,FIMHQ,20
port_calls__20250303T000000Z__20250304T000000Z.json,12,3212881,FIMHQ,20
port_calls__20250303T000000Z__20250304T000000Z.json,13,3212888,FIMHQ,10
port_calls__20250303T000000Z__20250304T000000Z.json,14,3212901,FIMHQ,20
port_calls__20250303T000000Z__20250304T000000Z.json,15,3213308,FIHEL,20
port_calls__20250303T000000Z__20250304T000000Z.json,16,3213314,FIHEL,20
port_calls__20250303T000000Z__20250304T000000Z.json,17,3213316,FIHEL,20
port_calls__20250303T000000Z__20250304T000000Z.json,18,3213319,FIHEL,20
port_calls__20250303T000000Z__20250304T000000Z.json,19,3213371,FIMHQ,20
port_calls__20250303T000000Z__20250304T000000Z.json,20,3213435,FIHEL,20
port_calls__20250303T000000Z__20250304T000000Z.json,21,3213443,FIHEL,20
port_calls__20250303T000000Z__20250304T000000Z.json,22,3213451,FIHEL,20
port_calls__20250303T000000Z__20250304T000000Z.json,23,3213455,FIHEL,20
port_calls__20250303T000000Z__20250304T000000Z.json,24,3213491,FIMHQ,20
port_calls__20250303T000000Z__20250304T000000Z.json,25,3214238,FIHEL,40
port_calls__20250303T000000Z__20250304T000000Z.json,26,3214263,FIHEL,40
port_calls__20250303T000000Z__20250304T000000Z.json,27,3214268,FIHEL,40
port_calls__20250303T000000Z__20250304T000000Z.json,28,3214307,FIHEL,20
port_calls__20250303T000000Z__20250304T000000Z.json,29,3214342,FIHEL,20
port_calls__20250303T000000Z__20250304T000000Z.json,30,3214368,FIHEL,20
port_calls__20250303T000000Z__20250304T000000Z.json,31,3215136,FILAN,20
port_calls__20250303T000000Z__20250304T000000Z.json,32,3215213,FILAN,20
port_calls__20250303T000000Z__20250304T000000Z.json,33,3215218,FINLI,20
port_calls__20250303T000000Z__20250304T000000Z.json,34,3217243,FIHKO,40
port_calls__20250303T000000Z__20250304T000000Z.json,35,3217594,FILAN,20
port_calls__20250303T000000Z__20250304T000000Z.json,36,3218536,FIHEL,20
port_calls__20250303T000000Z__20250304T000000Z.json,37,3219937,FISKV,81
port_calls__20250303T000000Z__20250304T000000Z.json,38,3220046,FIKTK,50
port_calls__20250303T000000Z__20250304T000000Z.json,39,3220049,FIHEL,50
port_calls__20250303T000000Z__20250304T000000Z.json,40,3220170,FIHEL,20
port_calls__20250303T000000Z__20250304T000000Z.json,41,3220196,FIHEL,20
port_calls__20250303T000000Z__20250304T000000Z.json,42,3221019,FIKTK,50
port_calls__20250303T000000Z__20250304T000000Z.json,43,3221021,FITKU,40
port_calls__20250303T000000Z__20250304T000000Z.json,44,3221218,FINLI,40
port_calls__20250303T000000Z__20250304T000000Z.json,45,3221593,FIKTK,40
port_calls__20250303T000000Z__20250304T000000Z.json,46,3221595,FIHKO,40
port_calls__20250303T000000Z__20250304T000000Z.json,47,3221596,FIHKO,40
port_calls__20250303T000000Z__20250304T000000Z.json,48,3221875,FINLI,80
port_calls__20250303T000000Z__20250304T000000Z.json,49,3222222,FIKTK,50
port_calls__20250303T000000Z__20250304T000000Z.json,50,3222237,FIHEL,50
port_calls__20250303T000000Z__20250304T000000Z.json,51,3222317,FIINK,82
port_calls__20250303T000000Z__20250304T000000Z.json,52,3222320,FITKU,83
port_calls__20250303T000000Z__20250304T000000Z.json,53,3222345,FITOR,70
port_calls__20250303T000000Z__20250304T000000Z.json,54,3222495,FIOUL,70
port_calls__20250303T000000Z__20250304T000000Z.json,55,3222537,FIVAA,20
port_calls__20250303T000000Z__20250304T000000Z.json,56,3222545,FIPAR,70
port_calls__20250303T000000Z__20250304T000000Z.json,57,3222558,FIHEL,94
port_calls__20250303T000000Z__20250304T000000Z.json,58,3222560,FIHEL,95
port_calls__20250303T000000Z__20250304T000000Z.json,59,3222643,FIKEM,90
port_calls__20250303T000000Z__20250304T000000Z.json,60,3222712,FIPRS,60
port_calls__20250303T000000Z__20250304T000000Z.json,61,3222725,FIPOR,70
port_calls__20250303T000000Z__20250304T000000Z.json,62,3222764,FIKTK,70
port_calls__20250303T000000Z__20250304T000000Z.json,63,3222781,FIKTK,70
port_calls__20250303T000000Z__20250304T000000Z.json,64,3222782,FIVEI,10
port_calls__20250303T000000Z__20250304T000000Z.json,65,3222796,FISKV,80
port_calls__20250303T000000Z__20250304T000000Z.json,66,3222842,FIKTK,70
port_calls__20250303T000000Z__20250304T000000Z.json,67,3222879,FIKNT,70
port_calls__20250303T000000Z__20250304T000000Z.json,68,3222937,FISKV,83
port_calls__20250303T000000Z__20250304T000000Z.json,69,3222947,FIRAA,94
port_calls__20250303T000000Z__20250304T000000Z.json,70,3222948,FIRAA,95
port_calls__20250303T000000Z__20250304T000000Z.json,71,3223237,FIHKO,70
port_calls__20250303T000000Z__20250304T000000Z.json,72,3223283,FIKOK,70
port_calls__20250303T000000Z__20250304T000000Z.json,73,3223368,FIMHQ,20
port_calls__20250303T000000Z__20250304T000000Z.json,74,3223389,FIMHQ,20
port_calls__20250303T000000Z__20250304T000000Z.json,75,3223449,FIVEI,90
port_calls__20250303T000000Z__20250304T000000Z.json,76,3223450,FIVEI,90
port_calls__20250303T000000Z__20250304T000000Z.json,77,3223475,FIANK,81
port_calls__20250303T000000Z__20250304T000000Z.json,78,3223479,FIVEI,10
port_calls__20250303T000000Z__20250304T000000Z.json,79,3223535,FILOV,93
port_calls__20250303T000000Z__20250304T000000Z.json,80,3223649,FIANK,82
port_calls__20250303T000000Z__20250304T000000Z.json,81,3223674,FIANK,50
port_calls__20250304T000000Z__20250305T000000Z.json,1,3180621,FIHKO,40
port_calls__20250304T000000Z__20250305T000000Z.json,2,3190832,FITKU,20
port_calls__20250304T000000Z__20250305T000000Z.json,3,3190983,FITKU,20
port_calls__20250304T000000Z__20250305T000000Z.json,4,3193753,FIECK,20
port_calls__20250304T000000Z__20250305T000000Z.json,5,3193784,FIECK,20
port_calls__20250304T000000Z__20250305T000000Z.json,6,3193819,FIECK,20
port_calls__20250304T000000Z__20250305T000000Z.json,7,3196044,FIHEL,20
port_calls__20250304T000000Z__20250305T000000Z.json,8,3213327,FIHEL,20
port_calls__20250304T000000Z__20250305T000000Z.json,9,3213369,FIHEL,20
port_calls__20250304T000000Z__20250305T000000Z.json,10,3213377,FIHEL,20
port_calls__20250304T000000Z__20250305T000000Z.json,11,3213438,FIHEL,20
port_calls__20250304T000000Z__20250305T000000Z.json,12,3213442,FIHEL,20
port_calls__20250304T000000Z__20250305T000000Z.json,13,3213457,FIHEL,20
port_calls__20250304T000000Z__20250305T000000Z.json,14,3213462,FIMHQ,20
port_calls__20250304T000000Z__20250305T000000Z.json,15,3213465,FIHEL,20
port_calls__20250304T000000Z__20250305T000000Z.json,16,3213467,FIMHQ,20
port_calls__20250304T000000Z__20250305T000000Z.json,17,3213522,FIHEL,20
port_calls__20250304T000000Z__20250305T000000Z.json,18,3214239,FIHEL,40
port_calls__20250304T000000Z__20250305T000000Z.json,19,3214273,FIHEL,40
port_calls__20250304T000000Z__20250305T000000Z.json,20,3214289,FIHEL,40
port_calls__20250304T000000Z__20250305T000000Z.json,21,3214308,FIHEL,20
port_calls__20250304T000000Z__20250305T000000Z.json,22,3214343,FIHEL,20
port_calls__20250304T000000Z__20250305T000000Z.json,23,3214369,FIHEL,20
port_calls__20250304T000000Z__20250305T000000Z.json,24,3215148,FILAN,20
port_calls__20250304T000000Z__20250305T000000Z.json,25,3215151,FINLI,20
port_calls__20250304T000000Z__20250305T000000Z.json,26,3215152,FILAN,20
port_calls__20250304T000000Z__20250305T000000Z.json,27,3215227,FILAN,20
port_calls__20250304T000000Z__20250305T000000Z.json,28,3215230,FILAN,20
port_calls__20250304T000000Z__20250305T000000Z.json,29,3215250,FINLI,20
port_calls__20250304T000000Z__20250305T000000Z.json,30,3217147,FIHKO,40
port_calls__20250304T000000Z__20250305T000000Z.json,31,3217595,FILAN,20
port_calls__20250304T000000Z__20250305T000000Z.json,32,3217601,FILAN,20
port_calls__20250304T000000Z__20250305T000000Z.json,33,3217608,FIMHQ,20
port_calls__20250304T000000Z__20250305T000000Z.json,34,3217621,FIMHQ,20
port_calls__20250304T000000Z__20250305T000000Z.json,35,3217630,FIMHQ,20
port_calls__20250304T000000Z__20250305T000000Z.json,36,3217637,FIMHQ,10
port_calls__20250304T000000Z__20250305T000000Z.json,37,3217645,FIMHQ,20
port_calls__20250304T000000Z__20250305T000000Z.json,38,3219597,FIHEL,20
port_calls__20250304T000000Z__20250305T000000Z.json,39,3219996,FIKOK,83
port_calls__20250304T000000Z__20250305T000000Z.json,40,3220130,FIRAU,50
port_calls__20250304T000000Z__20250305T000000Z.json,41,3220171,FIHEL,20
port_calls__20250304T000000Z__20250305T000000Z.json,42,3220197,FIHEL,20
port_calls__20250304T000000Z__20250305T000000Z.json,43,3221198,FILAN,40
port_calls__20250304T000000Z__20250305T000000Z.json,44,3221219,FINLI,40
port_calls__20250304T000000Z__20250305T000000Z.json,45,3221594,FIRAU,40
port_calls__20250304T000000Z__20250305T000000Z.json,46,3221708,FIHKO,40
port_calls__20250304T000000Z__20250305T000000Z.json,47,3221745,FISKV,81
port_calls__20250304T000000Z__20250305T000000Z.json,48,3221783,FIKTK,50
port_calls__20250304T000000Z__20250305T000000Z.json,49,3221952,FIKTK,70
port_calls__20250304T000000Z__20250305T000000Z.json,50,3222212,FIHKO,40
port_calls__20250304T000000Z__20250305T000000Z.json,51,3222233,FIRAU,70
port_calls__20250304T000000Z__20250305T000000Z.json,52,3222258,FIINK,70
port_calls__20250304T000000Z__20250305T000000Z.json,53,3222259,FIHEL,50
port_calls__20250304T000000Z__20250305T000000Z.json,54,3222350,FITOR,70
port_calls__20250304T000000Z__20250305T000000Z.json,55,3222351,FIHKO,44
port_calls__20250304T000000Z__20250305T000000Z.json,56,3222488,FIRAU,70
port_calls__20250304T000000Z__20250305T000000Z.json,57,3222494,FIKAS,70
port_calls__20250304T000000Z__20250305T000000Z.json,58,3222538,FIINK,70
port_calls__20250304T000000Z__20250305T000000Z.json,59,3222555,FIVAA,20
port_calls__20250304T000000Z__20250305T000000Z.json,60,3222563,FIKTK,40
port_calls__20250304T000000Z__20250305T000000Z.json,61,3222564,FIKTK,40
port_calls__20250304T000000Z__20250305T000000Z.json,62,3222565,FIHEL,50
port_calls__20250304T000000Z__20250305T000000Z.json,63,3222578,FIRAU,60
port_calls__20250304T000000Z__20250305T000000Z.json,64,3222739,FISKV,82
port_calls__20250304T000000Z__20250305T000000Z.json,65,3222767,FIPRS,60
port_calls__20250304T000000Z__20250305T000000Z.json,66,3223112,FIKTK,60
port_calls__20250304T000000Z__20250305T000000Z.json,67,3223264,FIPOR,60
port_calls__20250304T000000Z__20250305T000000Z.json,68,3223278,FIRAA,70
port_calls__20250304T000000Z__20250305T000000Z.json,69,3223305,FIRAA,60
port_calls__20250304T000000Z__20250305T000000Z.json,70,3223337,FIANK,70
port_calls__20250304T000000Z__20250305T000000Z.json,71,3223346,FIKTK,70
port_calls__20250304T000000Z__20250305T000000Z.json,72,3223426,FISKV,80
port_calls__20250304T000000Z__20250305T000000Z.json,73,3223451,FIRAU,70
port_calls__20250304T000000Z__20250305T000000Z.json,74,3223489,FIPRS,60
port_calls__20250304T000000Z__20250305T000000Z.json,75,3223513,FIVAA,20
port_calls__20250304T000000Z__20250305T000000Z.json,76,3223554,FIVEI,90
port_calls__20250304T000000Z__20250305T000000Z.json,77,3223555,FIVEI,90
port_calls__20250304T000000Z__20250305T000000Z.json,78,3223641,FIVEI,10
port_calls__20250305T000000Z__20250306T000000Z.json,1,3190833,FITKU,20
port_calls__20250305T000000Z__20250306T000000Z.json,2,3190984,FITKU,20
port_calls__20250305T000000Z__20250306T000000Z.json,3,3193754,FIECK,20
port_calls__20250305T000000Z__20250306T000000Z.json,4,3193785,FIECK,20
port_calls__20250305T000000Z__20250306T000000Z.json,5,3193820,FIECK,20
port_calls__20250305T000000Z__20250306T000000Z.json,6,3210329,FIHEL,20
port_calls__20250305T000000Z__20250306T000000Z.json,7,3213295,FIHEL,20
port_calls__20250305T000000Z__20250306T000000Z.json,8,3213307,FIHEL,20
port_calls__20250305T000000Z__20250306T000000Z.json,9,3213339,FIHEL,20
port_calls__20250305T000000Z__20250306T000000Z.json,10,3213458,FIHEL,20
port_calls__20250305T000000Z__20250306T000000Z.json,11,3213464,FIMHQ,20
port_calls__20250305T000000Z__20250306T000000Z.json,12,3213466,FIHEL,20
port_calls__20250305T000000Z__20250306T000000Z.json,13,3213481,FIHEL,20
port_calls__20250305T000000Z__20250306T000000Z.json,14,3213486,FIHEL,20
port_calls__20250305T000000Z__20250306T000000Z.json,15,3213500,FIHEL,20
port_calls__20250305T000000Z__20250306T000000Z.json,16,3213524,FIMHQ,20
port_calls__20250305T000000Z__20250306T000000Z.json,17,3214003,FIHKO,40
port_calls__20250305T000000Z__20250306T000000Z.json,18,3214240,FIHEL,40
port_calls__20250305T000000Z__20250306T000000Z.json,19,3214274,FIHEL,40
port_calls__20250305T000000Z__20250306T000000Z.json,20,3214290,FIHEL,40
port_calls__20250305T000000Z__20250306T000000Z.json,21,3214309,FIHEL,20
port_calls__20250305T000000Z__20250306T000000Z.json,22,3214344,FIHEL,20
port_calls__20250305T000000Z__20250306T000000Z.json,23,3214370,FIHEL,20
port_calls__20250305T000000Z__20250306T000000Z.json,24,3215177,FINLI,20
port_calls__20250305T000000Z__20250306T000000Z.json,25,3215186,FILAN,20
port_calls__20250305T000000Z__20250306T000000Z.json,26,3215198,FILAN,20
port_calls__20250305T000000Z__20250306T000000Z.json,27,3215233,FILAN,20
port_calls__20250305T000000Z__20250306T000000Z.json,28,3215241,FILAN,20
port_calls__20250305T000000Z__20250306T000000Z.json,29,3215244,FINLI,20
port_calls__20250305T000000Z__20250306T000000Z.json,30,3217596,FILAN,20
port_calls__20250305T000000Z__20250306T000000Z.json,31,3217602,FILAN,20
port_calls__20250305T000000Z__20250306T000000Z.json,32,3217612,FIMHQ,20
port_calls__20250305T000000Z__20250306T000000Z.json,33,3217622,FIMHQ,20
port_calls__20250305T000000Z__20250306T000000Z.json,34,3217631,FIMHQ,20
port_calls__20250305T000000Z__20250306T000000Z.json,35,3217638,FIMHQ,10
port_calls__20250305T000000Z__20250306T000000Z.json,36,3217650,FIMHQ,20
port_calls__20250305T000000Z__20250306T000000Z.json,37,3219516,FIHEL,20
port_calls__20250305T000000Z__20250306T000000Z.json,38,3220058,FIHEL,50
port_calls__20250305T000000Z__20250306T000000Z.json,39,3220172,FIHEL,20
port_calls__20250305T000000Z__20250306T000000Z.json,40,3220198,FIHEL,20
port_calls__20250305T000000Z__20250306T000000Z.json,41,3221020,FIKTK,70
port_calls__20250305T000000Z__20250306T000000Z.json,42,3221199,FILAN,40
port_calls__20250305T000000Z__20250306T000000Z.json,43,3221220,FINLI,40
port_calls__20250305T000000Z__20250306T000000Z.json,44,3221599,FIHKO,40
port_calls__20250305T000000Z__20250306T000000Z.json,45,3221600,FIKTK,40
port_calls__20250305T000000Z__20250306T000000Z.json,46,3221781,FIKTK,50
port_calls__20250305T000000Z__20250306T000000Z.json,47,3221784,FIHEL,50
port_calls__20250305T000000Z__20250306T000000Z.json,48,3221787,FIKTK,50
port_calls__20250305T000000Z__20250306T000000Z.json,49,3222015,FIRAU,70
port_calls__20250305T000000Z__20250306T000000Z.json,50,3222208,FIKTK,50
port_calls__20250305T000000Z__20250306T000000Z.json,51,3222211,FIHKO,40
port_calls__20250305T000000Z__20250306T000000Z.json,52,3222214,FIHKO,40
port_calls__20250305T000000Z__20250306T000000Z.json,53,3222241,FIKTK,50
port_calls__20250305T000000Z__20250306T000000Z.json,54,3222343,FISKV,81
port_calls__20250305T000000Z__20250306T000000Z.json,55,3222352,FITOR,82
port_calls__20250305T000000Z__20250306T000000Z.json,56,3222356,FITOR,70
port_calls__20250305T000000Z__20250306T000000Z.json,57,3222513,FIKTK,70
port_calls__20250305T000000Z__20250306T000000Z.json,58,3222532,FINLI,70
port_calls__20250305T000000Z__20250306T000000Z.json,59,3222696,FIHKO,44
port_calls__20250305T000000Z__20250306T000000Z.json,60,3222701,FINLI,70
port_calls__20250305T000000Z__20250306T000000Z.json,61,3222711,FIRAU,70
port_calls__20250305T000000Z__20250306T000000Z.json,62,3222733,FIPOH,70
port_calls__20250305T000000Z__20250306T000000Z.json,63,3222734,FIKOK,70
port_calls__20250305T000000Z__20250306T000000Z.json,64,3222747,FIHEL,70
port_calls__20250305T000000Z__20250306T000000Z.json,65,3222765,FIRAU,70
port_calls__20250305T000000Z__20250306T000000Z.json,66,3222805,FINLI,80
port_calls__20250305T000000Z__20250306T000000Z.json,67,3222810,FIPAR,70
port_calls__20250305T000000Z__20250306T000000Z.json,68,3223111,FITOR,70
port_calls__20250305T000000Z__20250306T000000Z.json,69,3223253,FIKTK,70
port_calls__20250305T000000Z__20250306T000000Z.json,70,3223269,FIKOK,80
port_calls__20250305T000000Z__20250306T000000Z.json,71,3223304,FISKV,82
port_calls__20250305T000000Z__20250306T000000Z.json,72,3223316,FIKTK,83
port_calls__20250305T000000Z__20250306T000000Z.json,73,3223386,FIMHQ,20
port_calls__20250305T000000Z__20250306T000000Z.json,74,3223406,FIMHQ,20
port_calls__20250305T000000Z__20250306T000000Z.json,75,3223428,FINLI,80
port_calls__20250305T000000Z__20250306T000000Z.json,76,3223434,FIKEM,70
port_calls__20250305T000000Z__20250306T000000Z.json,77,3223436,FIVAA,70
port_calls__20250305T000000Z__20250306T000000Z.json,78,3223437,FIOUL,70
port_calls__20250305T000000Z__20250306T000000Z.json,79,3223440,FISKV,83
port_calls__20250305T000000Z__20250306T000000Z.json,80,3223446,FIUKI,60
port_calls__20250305T000000Z__20250306T000000Z.json,81,3223448,FIKAS,70
port_calls__20250305T000000Z__20250306T000000Z.json,82,3223482,FISKV,81
port_calls__20250305T000000Z__20250306T000000Z.json,83,3223491,FISKV,82
port_calls__20250305T000000Z__20250306T000000Z.json,84,3223712,FIHEL,70
port_calls__20250305T000000Z__20250306T000000Z.json,85,3223720,FIVAA,20
port_calls__20250305T000000Z__20250306T000000Z.json,86,3223721,FIVAA,20
port_calls__20250305T000000Z__20250306T000000Z.json,87,3223729,FIKTK,60
port_calls__20250305T000000Z__20250306T000000Z.json,88,3223761,FIVEI,90
port_calls__20250305T000000Z__20250306T000000Z.json,89,3223762,FIVEI,90
port_calls__20250305T000000Z__20250306T000000Z.json,90,3223785,FISKV,90
port_calls__20250305T000000Z__20250306T000000Z.json,91,3223844,FIKOK,91
port_calls__20250305T000000Z__20250306T000000Z.json,92,3223874,FIVEI,10
port_calls__20250305T000000Z__20250306T000000Z.json,93,3223956,FIANK,50
port_calls__20250306T000000Z__20250307T000000Z.json,1,3190834,FITKU,20
port_calls__20250306T000000Z__20250307T000000Z.json,2,3190985,FITKU,20
port_calls__20250306T000000Z__20250307T000000Z.json,3,3193755,FIECK,20
port_calls__20250306T000000Z__20250307T000000Z.json,4,3193786,FIECK,20
port_calls__20250306T000000Z__20250307T000000Z.json,5,3193821,FIECK,20
port_calls__20250306T000000Z__20250307T000000Z.json,6,3196045,FIHEL,20
port_calls__20250306T000000Z__20250307T000000Z.json,7,3213341,FIHEL,20
port_calls__20250306T000000Z__20250307T000000Z.json,8,3213342,FIHEL,20
port_calls__20250306T000000Z__20250307T000000Z.json,9,3213351,FIHEL,20
port_calls__20250306T000000Z__20250307T000000Z.json,10,3213436,FIHEL,20
port_calls__20250306T000000Z__20250307T000000Z.json,11,3213439,FIHEL,20
port_calls__20250306T000000Z__20250307T000000Z.json,12,3213448,FIHEL,20
port_calls__20250306T000000Z__20250307T000000Z.json,13,3213461,FIHEL,20
port_calls__20250306T000000Z__20250307T000000Z.json,14,3213463,FIHEL,20
port_calls__20250306T000000Z__20250307T000000Z.json,15,3213479,FIMHQ,20
port_calls__20250306T000000Z__20250307T000000Z.json,16,3213503,FIMHQ,20
port_calls__20250306T000000Z__20250307T000000Z.json,17,3214241,FIHEL,40
port_calls__20250306T000000Z__20250307T000000Z.json,18,3214275,FIHEL,40
port_calls__20250306T000000Z__20250307T000000Z.json,19,3214291,FIHEL,40
port_calls__20250306T000000Z__20250307T000000Z.json,20,3214310,FIHEL,20
port_calls__20250306T000000Z__20250307T000000Z.json,21,3214345,FIHEL,20
port_calls__20250306T000000Z__20250307T000000Z.json,22,3214371,FIHEL,20
port_calls__20250306T000000Z__20250307T000000Z.json,23,3215149,FINLI,20
port_calls__20250306T000000Z__20250307T000000Z.json,24,3215150,FILAN,20
port_calls__20250306T000000Z__20250307T000000Z.json,25,3215160,FILAN,20
port_calls__20250306T000000Z__20250307T000000Z.json,26,3215245,FILAN,20
port_calls__20250306T000000Z__20250307T000000Z.json,27,3215248,FILAN,20
port_calls__20250306T000000Z__20250307T000000Z.json,28,3215253,FINLI,20
port_calls__20250306T000000Z__20250307T000000Z.json,29,3217222,FIHKO,40
port_calls__20250306T000000Z__20250307T000000Z.json,30,3217597,FILAN,20
port_calls__20250306T000000Z__20250307T000000Z.json,31,3217603,FILAN,20
port_calls__20250306T000000Z__20250307T000000Z.json,32,3217609,FIMHQ,20
port_calls__20250306T000000Z__20250307T000000Z.json,33,3217623,FIMHQ,20
port_calls__20250306T000000Z__20250307T000000Z.json,34,3217632,FIMHQ,20
port_calls__20250306T000000Z__20250307T000000Z.json,35,3217639,FIMHQ,10
port_calls__20250306T000000Z__20250307T000000Z.json,36,3217646,FIMHQ,20
port_calls__20250306T000000Z__20250307T000000Z.json,37,3219584,FIHEL,20
port_calls__20250306T000000Z__20250307T000000Z.json,38,3220173,FIHEL,20
port_calls__20250306T000000Z__20250307T000000Z.json,39,3220199,FIHEL,20
port_calls__20250306T000000Z__20250307T000000Z.json,40,3220429,FIKAS,70
port_calls__20250306T000000Z__20250307T000000Z.json,41,3221200,FILAN,40
port_calls__20250306T000000Z__20250307T000000Z.json,42,3221221,FINLI,40
port_calls__20250306T000000Z__20250307T000000Z.json,43,3222072,FIKOK,81
port_calls__20250306T000000Z__20250307T000000Z.json,44,3222213,FIHKO,40
port_calls__20250306T000000Z__20250307T000000Z.json,45,3222266,FIVAA,70
port_calls__20250306T000000Z__20250307T000000Z.json,46,3222486,FIKTK,70
port_calls__20250306T000000Z__20250307T000000Z.json,47,3222512,FIKTK,70
port_calls__20250306T000000Z__20250307T000000Z.json,48,3222559,FIRAU,50
port_calls__20250306T000000Z__20250307T000000Z.json,49,3222561,FIKTK,70
port_calls__20250306T000000Z__20250307T000000Z.json,50,3222589,FIRAU,50
port_calls__20250306T000000Z__20250307T000000Z.json,51,3222698,FIHKO,40
port_calls__20250306T000000Z__20250307T000000Z.json,52,3222700,FIKEM,70
port_calls__20250306T000000Z__20250307T000000Z.json,53,3222726,FIRAA,60
port_calls__20250306T000000Z__20250307T000000Z.json,54,3222735,FIKTK,70
port_calls__20250306T000000Z__20250307T000000Z.json,55,3222766,FIRAU,70
port_calls__20250306T000000Z__20250307T000000Z.json,56,3222862,FIPOR,80
port_calls__20250306T000000Z__20250307T000000Z.json,57,3223233,FITOR,70
port_calls__20250306T000000Z__20250307T000000Z.json,58,3223254,FIKTK,70
port_calls__20250306T000000Z__20250307T000000Z.json,59,3223263,FIKEM,90
port_calls__20250306T000000Z__20250307T000000Z.json,60,3223447,FIUKI,83
port_calls__20250306T000000Z__20250307T000000Z.json,61,3223452,FIHEL,50
port_calls__20250306T000000Z__20250307T000000Z.json,62,3223488,FIKAS,70
port_calls__20250306T000000Z__20250307T000000Z.json,63,3223595,FIPOR,70
port_calls__20250306T000000Z__20250307T000000Z.json,64,3223713,FIKTK,70
port_calls__20250306T000000Z__20250307T000000Z.json,65,3223722,FIVAA,20
port_calls__20250306T000000Z__20250307T000000Z.json,66,3223738,FISKV,80
port_calls__20250306T000000Z__20250307T000000Z.json,67,3223793,FISKV,81
port_calls__20250306T000000Z__20250307T000000Z.json,68,3223860,FIINK,91
port_calls__20250306T000000Z__20250307T000000Z.json,69,3223862,FIINK,93
port_calls__20250306T000000Z__20250307T000000Z.json,70,3223877,FIINK,91
port_calls__20250306T000000Z__20250307T000000Z.json,71,3223937,FIKTK,70
port_calls__20250306T000000Z__20250307T000000Z.json,72,3223963,FIRAA,70
port_calls__20250306T000000Z__20250307T000000Z.json,73,3224119,FIVEI,90
port_calls__20250306T000000Z__20250307T000000Z.json,74,3224121,FIVEI,90
port_calls__20250306T000000Z__20250307T000000Z.json,75,3224156,FIRAA,70
port_calls__20250306T000000Z__20250307T000000Z.json,76,3224225,FIKIM,91
port_calls__20250306T000000Z__20250307T000000Z.json,77,3224258,FIVEI,10
port_calls__20250306T000000Z__20250307T000000Z.json,78,3224383,FITKU,91
port_calls__20250307T000000Z__20250308T000000Z.json,1,3181795,FIHKO,40
port_calls__20250307T000000Z__20250308T000000Z.json,2,3190835,FITKU,20
port_calls__20250307T000000Z__20250308T000000Z.json,3,3190986,FITKU,20
port_calls__20250307T000000Z__20250308T000000Z.json,4,3193756,FIECK,20
port_calls__20250307T000000Z__20250308T000000Z.json,5,3193787,FIECK,20
port_calls__20250307T000000Z__20250308T000000Z.json,6,3193822,FIECK,20
port_calls__20250307T000000Z__20250308T000000Z.json,7,3210330,FIHEL,20
port_calls__20250307T000000Z__20250308T000000Z.json,8,3213290,FIHEL,20
port_calls__20250307T000000Z__20250308T000000Z.json,9,3213305,FIHEL,20
port_calls__20250307T000000Z__20250308T000000Z.json,10,3213322,FIHEL,20
port_calls__20250307T000000Z__20250308T000000Z.json,11,3213433,FIHEL,20
port_calls__20250307T000000Z__20250308T000000Z.json,12,3213445,FIMHQ,20
port_calls__20250307T000000Z__20250308T000000Z.json,13,3213452,FIHEL,20
port_calls__20250307T000000Z__20250308T000000Z.json,14,3213474,FIHEL,20
port_calls__20250307T000000Z__20250308T000000Z.json,15,3213482,FIHEL,20
port_calls__20250307T000000Z__20250308T000000Z.json,16,3213495,FIHEL,20
port_calls__20250307T000000Z__20250308T000000Z.json,17,3213511,FIMHQ,20
port_calls__20250307T000000Z__20250308T000000Z.json,18,3214016,FIHEL,40
port_calls__20250307T000000Z__20250308T000000Z.json,19,3214242,FIHEL,40
port_calls__20250307T000000Z__20250308T000000Z.json,20,3214276,FIHEL,40
port_calls__20250307T000000Z__20250308T000000Z.json,21,3214292,FIHEL,40
port_calls__20250307T000000Z__20250308T000000Z.json,22,3214311,FIHEL,20
port_calls__20250307T000000Z__20250308T000000Z.json,23,3214346,FIHEL,20
port_calls__20250307T000000Z__20250308T000000Z.json,24,3214372,FIHEL,20
port_calls__20250307T000000Z__20250308T000000Z.json,25,3215144,FILAN,20
port_calls__20250307T000000Z__20250308T000000Z.json,26,3215156,FILAN,20
port_calls__20250307T000000Z__20250308T000000Z.json,27,3215180,FINLI,20
port_calls__20250307T000000Z__20250308T000000Z.json,28,3215229,FILAN,20
port_calls__20250307T000000Z__20250308T000000Z.json,29,3215231,FINLI,20
port_calls__20250307T000000Z__20250308T000000Z.json,30,3215247,FILAN,20
port_calls__20250307T000000Z__20250308T000000Z.json,31,3217165,FIHKO,40
port_calls__20250307T000000Z__20250308T000000Z.json,32,3217598,FILAN,20
port_calls__20250307T000000Z__20250308T000000Z.json,33,3217604,FILAN,20
port_calls__20250307T000000Z__20250308T000000Z.json,34,3217619,FIMHQ,20
port_calls__20250307T000000Z__20250308T000000Z.json,35,3217624,FIMHQ,20
port_calls__20250307T000000Z__20250308T000000Z.json,36,3217633,FIMHQ,20
port_calls__20250307T000000Z__20250308T000000Z.json,37,3217640,FIMHQ,10
port_calls__20250307T000000Z__20250308T000000Z.json,38,3217651,FIMHQ,20
port_calls__20250307T000000Z__20250308T000000Z.json,39,3219619,FIHEL,20
port_calls__20250307T000000Z__20250308T000000Z.json,40,3220218,FIHEL,20
port_calls__20250307T000000Z__20250308T000000Z.json,41,3220222,FIHEL,20
port_calls__20250307T000000Z__20250308T000000Z.json,42,3220226,FIHEL,20
port_calls__20250307T000000Z__20250308T000000Z.json,43,3221201,FILAN,40
port_calls__20250307T000000Z__20250308T000000Z.json,44,3221222,FINLI,40
port_calls__20250307T000000Z__20250308T000000Z.json,45,3221788,FIHEL,50
port_calls__20250307T000000Z__20250308T000000Z.json,46,3221876,FIFOR,80
port_calls__20250307T000000Z__20250308T000000Z.json,47,3222372,FIKTK,50
port_calls__20250307T000000Z__20250308T000000Z.json,48,3222481,FIHKO,40
port_calls__20250307T000000Z__20250308T000000Z.json,49,3222492,FIPOR,50
port_calls__20250307T000000Z__20250308T000000Z.json,50,3222601,FIHEL,60
port_calls__20250307T000000Z__20250308T000000Z.json,51,3222740,FISKV,82
port_calls__20250307T000000Z__20250308T000000Z.json,52,3222768,FIRAU,70
port_calls__20250307T000000Z__20250308T000000Z.json,53,3223265,FIINK,82
port_calls__20250307T000000Z__20250308T000000Z.json,54,3223297,FIPOR,83
port_calls__20250307T000000Z__20250308T000000Z.json,55,3223374,FIMHQ,20
port_calls__20250307T000000Z__20250308T000000Z.json,56,3223392,FIMHQ,20
port_calls__20250307T000000Z__20250308T000000Z.json,57,3223441,FISKV,80
port_calls__20250307T000000Z__20250308T000000Z.json,58,3223459,FIKTK,50
port_calls__20250307T000000Z__20250308T000000Z.json,59,3223477,FIHEL,50
port_calls__20250307T000000Z__20250308T000000Z.json,60,3223490,FIKAS,40
port_calls__20250307T000000Z__20250308T000000Z.json,61,3223542,FIKOK,40
port_calls__20250307T000000Z__20250308T000000Z.json,62,3223562,FIKEM,70
port_calls__20250307T000000Z__20250308T000000Z.json,63,3223631,FIOUL,70
port_calls__20250307T000000Z__20250308T000000Z.json,64,3223650,FIKAS,70
port_calls__20250307T000000Z__20250308T000000Z.json,65,3223663,FIOUL,90
port_calls__20250307T000000Z__20250308T000000Z.json,66,3223723,FIVAA,20
port_calls__20250307T000000Z__20250308T000000Z.json,67,3223726,FIVAA,20
port_calls__20250307T000000Z__20250308T000000Z.json,68,3224134,FIRAA,70
port_calls__20250307T000000Z__20250308T000000Z.json,69,3224231,FIRAU,40
port_calls__20250307T000000Z__20250308T000000Z.json,70,3224282,FIHEL,91
port_calls__20250307T000000Z__20250308T000000Z.json,71,3224298,FIANK,80
port_calls__20250307T000000Z__20250308T000000Z.json,72,3224309,FIKTK,70
port_calls__20250307T000000Z__20250308T000000Z.json,73,3224441,FIVEI,90
port_calls__20250307T000000Z__20250308T000000Z.json,74,3224442,FIVEI,90
port_calls__20250307T000000Z__20250308T000000Z.json,75,3224497,FIVEI,10
port_calls__20250307T000000Z__20250308T000000Z.json,76,3224518,FIRAU,91
port_calls__20250307T000000Z__20250308T000000Z.json,77,3224623,FIKJO,91
port_calls__20250308T000000Z__20250309T000000Z.json,1,3190836,FITKU,20
port_calls__20250308T000000Z__20250309T000000Z.json,2,3190987,FITKU,20
port_calls__20250308T000000Z__20250309T000000Z.json,3,3193757,FIECK,20
port_calls__20250308T000000Z__20250309T000000Z.json,4,3193788,FIECK,20
port_calls__20250308T000000Z__20250309T000000Z.json,5,3193823,FIECK,20
port_calls__20250308T000000Z__20250309T000000Z.json,6,3196046,FIHEL,20
port_calls__20250308T000000Z__20250309T000000Z.json,7,3213267,FIHEL,20
port_calls__20250308T000000Z__20250309T000000Z.json,8,3213293,FIHEL,20
port_calls__20250308T000000Z__20250309T000000Z.json,9,3213432,FIHEL,20
port_calls__20250308T000000Z__20250309T000000Z.json,10,3213444,FIHEL,20
port_calls__20250308T000000Z__20250309T000000Z.json,11,3213450,FIHEL,20
port_calls__20250308T000000Z__20250309T000000Z.json,12,3213485,FIMHQ,20
port_calls__20250308T000000Z__20250309T000000Z.json,13,3213496,FIHEL,20
port_calls__20250308T000000Z__20250309T000000Z.json,14,3213517,FIMHQ,20
port_calls__20250308T000000Z__20250309T000000Z.json,15,3213523,FIHEL,20
port_calls__20250308T000000Z__20250309T000000Z.json,16,3214004,FIHKO,40
port_calls__20250308T000000Z__20250309T000000Z.json,17,3214312,FIHEL,20
port_calls__20250308T000000Z__20250309T000000Z.json,18,3214337,FIHEL,20
port_calls__20250308T000000Z__20250309T000000Z.json,19,3214347,FIHEL,20
port_calls__20250308T000000Z__20250309T000000Z.json,20,3215145,FILAN,20
port_calls__20250308T000000Z__20250309T000000Z.json,21,3215165,FINLI,20
port_calls__20250308T000000Z__20250309T000000Z.json,22,3215190,FILAN,20
port_calls__20250308T000000Z__20250309T000000Z.json,23,3215234,FILAN,20
port_calls__20250308T000000Z__20250309T000000Z.json,24,3215235,FINLI,20
port_calls__20250308T000000Z__20250309T000000Z.json,25,3215252,FILAN,20
port_calls__20250308T000000Z__20250309T000000Z.json,26,3217599,FILAN,20
port_calls__20250308T000000Z__20250309T000000Z.json,27,3217605,FILAN,20
port_calls__20250308T000000Z__20250309T000000Z.json,28,3217610,FIMHQ,20
port_calls__20250308T000000Z__20250309T000000Z.json,29,3217625,FIMHQ,20
port_calls__20250308T000000Z__20250309T000000Z.json,30,3217634,FIMHQ,20
port_calls__20250308T000000Z__20250309T000000Z.json,31,3217641,FIMHQ,10
port_calls__20250308T000000Z__20250309T000000Z.json,32,3217647,FIMHQ,20
port_calls__20250308T000000Z__20250309T000000Z.json,33,3219522,FIHEL,20
port_calls__20250308T000000Z__20250309T000000Z.json,34,3220174,FIHEL,20
port_calls__20250308T000000Z__20250309T000000Z.json,35,3220200,FIHEL,20
port_calls__20250308T000000Z__20250309T000000Z.json,36,3220926,FIKJO,70
port_calls__20250308T000000Z__20250309T000000Z.json,37,3221202,FILAN,40
port_calls__20250308T000000Z__20250309T000000Z.json,38,3222131,FIKTK,70
port_calls__20250308T000000Z__20250309T000000Z.json,39,3222209,FIKTK,50
port_calls__20250308T000000Z__20250309T000000Z.json,40,3222697,FIHKO,40
port_calls__20250308T000000Z__20250309T000000Z.json,41,3223226,FIHKO,40
port_calls__20250308T000000Z__20250309T000000Z.json,42,3223255,FITKU,70
port_calls__20250308T000000Z__20250309T000000Z.json,43,3223442,FIKOK,70
port_calls__20250308T000000Z__20250309T000000Z.json,44,3223444,FIOUL,40
port_calls__20250308T000000Z__20250309T000000Z.json,45,3223478,FIKTK,50
port_calls__20250308T000000Z__20250309T000000Z.json,46,3223633,FISKV,80
port_calls__20250308T000000Z__20250309T000000Z.json,47,3223644,FIKTK,70
port_calls__20250308T000000Z__20250309T000000Z.json,48,3223647,FIKTK,70
port_calls__20250308T000000Z__20250309T000000Z.json,49,3223700,FIPOR,70
port_calls__20250308T000000Z__20250309T000000Z.json,50,3223727,FIVAA,20
port_calls__20250308T000000Z__20250309T000000Z.json,51,3223864,FIPRS,70
port_calls__20250308T000000Z__20250309T000000Z.json,52,3223975,FIKTK,70
port_calls__20250308T000000Z__20250309T000000Z.json,53,3224009,FIRAA,90
port_calls__20250308T000000Z__20250309T000000Z.json,54,3224120,FISKV,80
port_calls__20250308T000000Z__20250309T000000Z.json,55,3224153,FISKV,80
port_calls__20250308T000000Z__20250309T000000Z.json,56,3224234,FISKV,83
port_calls__20250308T000000Z__20250309T000000Z.json,57,3224236,FIKTK,82
port_calls__20250308T000000Z__20250309T000000Z.json,58,3224430,FIPAR,70
port_calls__20250308T000000Z__20250309T000000Z.json,59,3224473,FIRAU,70
port_calls__20250308T000000Z__20250309T000000Z.json,60,3224490,FIKTK,70
port_calls__20250308T000000Z__20250309T000000Z.json,61,3224501,FISKV,80
port_calls__20250308T000000Z__20250309T000000Z.json,62,3224529,FIVEI,90
port_calls__20250308T000000Z__20250309T000000Z.json,63,3224530,FIVEI,90
port_calls__20250308T000000Z__20250309T000000Z.json,64,3224684,FIVEI,10
port_calls__20250308T000000Z__20250309T000000Z.json,65,3224705,FIANK,80
port_calls__20250308T000000Z__20250309T000000Z.json,66,3225313,FIANK,80
port_calls__20250309T000000Z__20250310T000000Z.json,1,3181791,FIHKO,40
port_calls__20250309T000000Z__20250310T000000Z.json,2,3190837,FITKU,20
port_calls__20250309T000000Z__20250310T000000Z.json,3,3190988,FITKU,20
port_calls__20250309T000000Z__20250310T000000Z.json,4,3193758,FIECK,20
port_calls__20250309T000000Z__20250310T000000Z.json,5,3193789,FIECK,20
port_calls__20250309T000000Z__20250310T000000Z.json,6,3193824,FIECK,20
port_calls__20250309T000000Z__20250310T000000Z.json,7,3210331,FIHEL,20
port_calls__20250309T000000Z__20250310T000000Z.json,8,3213403,FIHEL,20
port_calls__20250309T000000Z__20250310T000000Z.json,9,3213434,FIMHQ,20
port_calls__20250309T000000Z__20250310T000000Z.json,10,3213437,FIHEL,20
port_calls__20250309T000000Z__20250310T000000Z.json,11,3213453,FIHEL,20
port_calls__20250309T000000Z__20250310T000000Z.json,12,3213469,FIHEL,20
port_calls__20250309T000000Z__20250310T000000Z.json,13,3213472,FIHEL,20
port_calls__20250309T000000Z__20250310T000000Z.json,14,3213483,FIHEL,20
port_calls__20250309T000000Z__20250310T000000Z.json,15,3213488,FIHEL,20
port_calls__20250309T000000Z__20250310T000000Z.json,16,3213498,FIMHQ,20
port_calls__20250309T000000Z__20250310T000000Z.json,17,3213520,FIHEL,20
port_calls__20250309T000000Z__20250310T000000Z.json,18,3214243,FIHEL,40
port_calls__20250309T000000Z__20250310T000000Z.json,19,3214313,FIHEL,20
port_calls__20250309T000000Z__20250310T000000Z.json,20,3214373,FIHEL,20
port_calls__20250309T000000Z__20250310T000000Z.json,21,3215138,FILAN,20
port_calls__20250309T000000Z__20250310T000000Z.json,22,3215154,FINLI,20
port_calls__20250309T000000Z__20250310T000000Z.json,23,3215167,FILAN,20
port_calls__20250309T000000Z__20250310T000000Z.json,24,3215232,FILAN,20
port_calls__20250309T000000Z__20250310T000000Z.json,25,3215239,FILAN,20
port_calls__20250309T000000Z__20250310T000000Z.json,26,3215246,FINLI,20
port_calls__20250309T000000Z__20250310T000000Z.json,27,3217600,FILAN,20
port_calls__20250309T000000Z__20250310T000000Z.json,28,3217606,FILAN,20
port_calls__20250309T000000Z__20250310T000000Z.json,29,3217620,FIMHQ,20
port_calls__20250309T000000Z__20250310T000000Z.json,30,3217626,FIMHQ,20
port_calls__20250309T000000Z__20250310T000000Z.json,31,3217635,FIMHQ,20
port_calls__20250309T000000Z__20250310T000000Z.json,32,3217642,FIMHQ,10
port_calls__20250309T000000Z__20250310T000000Z.json,33,3217652,FIMHQ,20
port_calls__20250309T000000Z__20250310T000000Z.json,34,3219529,FIHEL,20
port_calls__20250309T000000Z__20250310T000000Z.json,35,3220175,FIHEL,20
port_calls__20250309T000000Z__20250310T000000Z.json,36,3220231,FIHEL,20
port_calls__20250309T000000Z__20250310T000000Z.json,37,3220236,FIHEL,20
port_calls__20250309T000000Z__20250310T000000Z.json,38,3220420,FINLI,60
port_calls__20250309T000000Z__20250310T000000Z.json,39,3221782,FIKTK,50
port_calls__20250309T000000Z__20250310T000000Z.json,40,3222243,FIRAU,50
port_calls__20250309T000000Z__20250310T000000Z.json,41,3222359,FITOR,60
port_calls__20250309T000000Z__20250310T000000Z.json,42,3222480,FIKTK,40
port_calls__20250309T000000Z__20250310T000000Z.json,43,3222482,FIHKO,40
port_calls__20250309T000000Z__20250310T000000Z.json,44,3222535,FIPOR,70
port_calls__20250309T000000Z__20250310T000000Z.json,45,3223229,FIHKO,40
port_calls__20250309T000000Z__20250310T000000Z.json,46,3223373,FIMHQ,20
port_calls__20250309T000000Z__20250310T000000Z.json,47,3223384,FIMHQ,20
port_calls__20250309T000000Z__20250310T000000Z.json,48,3223435,FIKEM,70
port_calls__20250309T000000Z__20250310T000000Z.json,49,3223438,FIHKO,40
port_calls__20250309T000000Z__20250310T000000Z.json,50,3223443,FITKU,70
port_calls__20250309T000000Z__20250310T000000Z.json,51,3223544,FIKEM,40
port_calls__20250309T000000Z__20250310T000000Z.json,52,3223673,FIKTK,70
port_calls__20250309T000000Z__20250310T000000Z.json,53,3223703,FISKV,81
port_calls__20250309T000000Z__20250310T000000Z.json,54,3223725,FIKTK,80
port_calls__20250309T000000Z__20250310T000000Z.json,55,3223730,FISKV,83
port_calls__20250309T000000Z__20250310T000000Z.json,56,3223732,FIVAA,20
port_calls__20250309T000000Z__20250310T000000Z.json,57,3223753,FIINK,82
port_calls__20250309T000000Z__20250310T000000Z.json,58,3223863,FIHEL,50
port_calls__20250309T000000Z__20250310T000000Z.json,59,3223957,FIKTK,82
port_calls__20250309T000000Z__20250310T000000Z.json,60,3224220,FIUKI,83
port_calls__20250309T000000Z__20250310T000000Z.json,61,3224233,FIKTK,60
port_calls__20250309T000000Z__20250310T000000Z.json,62,3224264,FIKTK,70
port_calls__20250309T000000Z__20250310T000000Z.json,63,3224275,FIHEL,70
port_calls__20250309T000000Z__20250310T000000Z.json,64,3224305,FIRAU,70
port_calls__20250309T000000Z__20250310T000000Z.json,65,3224324,FISKV,80
port_calls__20250309T000000Z__20250310T000000Z.json,66,3224348,FIKEM,70
port_calls__20250309T000000Z__20250310T000000Z.json,67,3224451,FIRAA,70
port_calls__20250309T000000Z__20250310T000000Z.json,68,3224467,FITKU,70
port_calls__20250309T000000Z__20250310T000000Z.json,69,3224493,FIKTK,60
port_calls__20250309T000000Z__20250310T000000Z.json,70,3224555,FINLI,70
port_calls__20250309T000000Z__20250310T000000Z.json,71,3224658,FISKV,82
port_calls__20250309T000000Z__20250310T000000Z.json,72,3224666,FIPRS,70
port_calls__20250309T000000Z__20250310T000000Z.json,73,3224846,FIVEI,90
port_calls__20250309T000000Z__20250310T000000Z.json,74,3225222,FIVEI,90
port_calls__20250309T000000Z__20250310T000000Z.json,75,3225337,FIANK,80
port_calls__20250310T000000Z__20250311T000000Z.json,1,3178567,FIHEL,40
port_calls__20250310T000000Z__20250311T000000Z.json,2,3190838,FITKU,20
port_calls__20250310T000000Z__20250311T000000Z.json,3,3190989,FITKU,20
port_calls__20250310T000000Z__20250311T000000Z.json,4,3193759,FIECK,20
port_calls__20250310T000000Z__20250311T000000Z.json,5,3193790,FIECK,20
port_calls__20250310T000000Z__20250311T000000Z.json,6,3193825,FIECK,20
port_calls__20250310T000000Z__20250311T000000Z.json,7,3196047,FIHEL,20
port_calls__20250310T000000Z__20250311T000000Z.json,8,3213440,FIMHQ,20
port_calls__20250310T000000Z__20250311T000000Z.json,9,3213492,FIHEL,20
port_calls__20250310T000000Z__20250311T000000Z.json,10,3214019,FIHEL,40
port_calls__20250310T000000Z__20250311T000000Z.json,11,3214244,FIHEL,40
port_calls__20250310T000000Z__20250311T000000Z.json,12,3214264,FIHEL,40
port_calls__20250310T000000Z__20250311T000000Z.json,13,3214269,FIHEL,40
port_calls__20250310T000000Z__20250311T000000Z.json,14,3214314,FIHEL,20
port_calls__20250310T000000Z__20250311T000000Z.json,15,3214348,FIHEL,20
port_calls__20250310T000000Z__20250311T000000Z.json,16,3214374,FIHEL,20
port_calls__20250310T000000Z__20250311T000000Z.json,17,3215185,FILAN,20
port_calls__20250310T000000Z__20250311T000000Z.json,18,3215228,FILAN,20
port_calls__20250310T000000Z__20250311T000000Z.json,19,3217219,FIHKO,40
port_calls__20250310T000000Z__20250311T000000Z.json,20,3217607,FILAN,20
port_calls__20250310T000000Z__20250311T000000Z.json,21,3217611,FIMHQ,20
port_calls__20250310T000000Z__20250311T000000Z.json,22,3217627,FIMHQ,20
port_calls__20250310T000000Z__20250311T000000Z.json,23,3217636,FIMHQ,20
port_calls__20250310T000000Z__20250311T000000Z.json,24,3217643,FIMHQ,10
port_calls__20250310T000000Z__20250311T000000Z.json,25,3217648,FIMHQ,20
port_calls__20250310T000000Z__20250311T000000Z.json,26,3217979,FINLI,20
port_calls__20250310T000000Z__20250311T000000Z.json,27,3218649,FILAN,20
port_calls__20250310T000000Z__20250311T000000Z.json,28,3219603,FIHEL,20
port_calls__20250310T000000Z__20250311T000000Z.json,29,3220176,FIHEL,20
port_calls__20250310T000000Z__20250311T000000Z.json,30,3220201,FIHEL,20
port_calls__20250310T000000Z__20250311T000000Z.json,31,3221223,FINLI,40
port_calls__20250310T000000Z__20250311T000000Z.json,32,3221263,FIHEL,20
port_calls__20250310T000000Z__20250311T000000Z.json,33,3221269,FIHEL,20
port_calls__20250310T000000Z__20250311T000000Z.json,34,3221272,FIHEL,20
port_calls__20250310T000000Z__20250311T000000Z.json,35,3221278,FIHEL,20
port_calls__20250310T000000Z__20250311T000000Z.json,36,3221281,FIHEL,20
port_calls__20250310T000000Z__20250311T000000Z.json,37,3221322,FIHEL,20
port_calls__20250310T000000Z__20250311T000000Z.json,38,3221367,FIMHQ,20
port_calls__20250310T000000Z__20250311T000000Z.json,39,3221369,FIHEL,20
port_calls__20250310T000000Z__20250311T000000Z.json,40,3222380,FIRAU,50
port_calls__20250310T000000Z__20250311T000000Z.json,41,3223223,FIHKO,40
port_calls__20250310T000000Z__20250311T000000Z.json,42,3223225,FIKTK,40
port_calls__20250310T000000Z__20250311T000000Z.json,43,3223227,FIHKO,40
port_calls__20250310T000000Z__20250311T000000Z.json,44,3223492,FISKV,81
port_calls__20250310T000000Z__20250311T000000Z.json,45,3223635,FIPRS,40
port_calls__20250310T000000Z__20250311T000000Z.json,46,3223642,FIINK,70
port_calls__20250310T000000Z__20250311T000000Z.json,47,3223645,FIKTK,70
port_calls__20250310T000000Z__20250311T000000Z.json,48,3223648,FIRAA,94
port_calls__20250310T000000Z__20250311T000000Z.json,49,3223651,FIRAA,95
port_calls__20250310T000000Z__20250311T000000Z.json,50,3223676,FITKU,70
port_calls__20250310T000000Z__20250311T000000Z.json,51,3223702,FIKOK,70
port_calls__20250310T000000Z__20250311T000000Z.json,52,3223737,FIVAA,20
port_calls__20250310T000000Z__20250311T000000Z.json,53,3223909,FISKV,81
port_calls__20250310T000000Z__20250311T000000Z.json,54,3223918,FIKTK,50
port_calls__20250310T000000Z__20250311T000000Z.json,55,3223926,FITOR,70
port_calls__20250310T000000Z__20250311T000000Z.json,56,3223935,FINLI,70
port_calls__20250310T000000Z__20250311T000000Z.json,57,3224122,FINLI,80
port_calls__20250310T000000Z__20250311T000000Z.json,58,3224221,FIUKI,70
port_calls__20250310T000000Z__20250311T000000Z.json,59,3224226,FIINK,70
port_calls__20250310T000000Z__20250311T000000Z.json,60,3224228,FIPOR,80
port_calls__20250310T000000Z__20250311T000000Z.json,61,3224230,FIHEL,50
port_calls__20250310T000000Z__20250311T000000Z.json,62,3224274,FIFAR,70
port_calls__20250310T000000Z__20250311T000000Z.json,63,3224320,FITOR,70
port_calls__20250310T000000Z__20250311T000000Z.json,64,3224366,FISKV,80
port_calls__20250310T000000Z__20250311T000000Z.json,65,3224469,FIKTK,80
port_calls__20250310T000000Z__20250311T000000Z.json,66,3224470,FIRAU,70
port_calls__20250310T000000Z__20250311T000000Z.json,67,3224500,FIKOK,70
port_calls__20250310T000000Z__20250311T000000Z.json,68,3224526,FIKTK,70
port_calls__20250310T000000Z__20250311T000000Z.json,69,3224651,FIRAA,60
port_calls__20250310T000000Z__20250311T000000Z.json,70,3224763,FIPRS,70
port_calls__20250310T000000Z__20250311T000000Z.json,71,3224800,FIPRS,70
port_calls__20250310T000000Z__20250311T000000Z.json,72,3224836,FIPRS,70
port_calls__20250310T000000Z__20250311T000000Z.json,73,3224837,FINLI,80
port_calls__20250310T000000Z__20250311T000000Z.json,74,3224864,FIKOK,70
port_calls__20250310T000000Z__20250311T000000Z.json,75,3225255,FIKAS,91
port_calls__20250310T000000Z__20250311T000000Z.json,76,3225295,FIVEI,90
port_calls__20250310T000000Z__20250311T000000Z.json,77,3225296,FIVEI,90
port_calls__20250310T000000Z__20250311T000000Z.json,78,3225354,FIVEI,10
port_calls__20250310T000000Z__20250311T000000Z.json,79,3225509,FIANK,83
port_calls__20250310T000000Z__20250311T000000Z.json,80,3225726,FIANK,94
port_calls__20250310T000000Z__20250311T000000Z.json,81,3225727,FIANK,93
port_calls__20250311T000000Z__20250312T000000Z.json,1,3181784,FIHKO,40
port_calls__20250311T000000Z__20250312T000000Z.json,2,3190839,FITKU,20
port_calls__20250311T000000Z__20250312T000000Z.json,3,3190990,FITKU,20
port_calls__20250311T000000Z__20250312T000000Z.json,4,3193760,FIECK,20
port_calls__20250311T000000Z__20250312T000000Z.json,5,3193791,FIECK,20
port_calls__20250311T000000Z__20250312T000000Z.json,6,3193826,FIECK,20
port_calls__20250311T000000Z__20250312T000000Z.json,7,3210332,FIHEL,20
port_calls__20250311T000000Z__20250312T000000Z.json,8,3214245,FIHEL,40
port_calls__20250311T000000Z__20250312T000000Z.json,9,3214277,FIHEL,40
port_calls__20250311T000000Z__20250312T000000Z.json,10,3214293,FIHEL,40
port_calls__20250311T000000Z__20250312T000000Z.json,11,3214315,FIHEL,20
port_calls__20250311T000000Z__20250312T000000Z.json,12,3214349,FIHEL,20
port_calls__20250311T000000Z__20250312T000000Z.json,13,3214375,FIHEL,20
port_calls__20250311T000000Z__20250312T000000Z.json,14,3215895,FILAN,20
port_calls__20250311T000000Z__20250312T000000Z.json,15,3215896,FILAN,20
port_calls__20250311T000000Z__20250312T000000Z.json,16,3215901,FINLI,20
port_calls__20250311T000000Z__20250312T000000Z.json,17,3217166,FIHKO,40
port_calls__20250311T000000Z__20250312T000000Z.json,18,3217995,FILAN,20
port_calls__20250311T000000Z__20250312T000000Z.json,19,3217997,FINLI,20
port_calls__20250311T000000Z__20250312T000000Z.json,20,3218076,FILAN,20
port_calls__20250311T000000Z__20250312T000000Z.json,21,3218650,FILAN,20
port_calls__20250311T000000Z__20250312T000000Z.json,22,3218656,FILAN,20
port_calls__20250311T000000Z__20250312T000000Z.json,23,3218671,FIMHQ,20
port_calls__20250311T000000Z__20250312T000000Z.json,24,3218880,FIMHQ,20
port_calls__20250311T000000Z__20250312T000000Z.json,25,3218891,FIMHQ,20
port_calls__20250311T000000Z__20250312T000000Z.json,26,3218899,FIMHQ,10
port_calls__20250311T000000Z__20250312T000000Z.json,27,3218906,FIMHQ,20
port_calls__20250311T000000Z__20250312T000000Z.json,28,3219517,FIHEL,20
port_calls__20250311T000000Z__20250312T000000Z.json,29,3220177,FIHEL,20
port_calls__20250311T000000Z__20250312T000000Z.json,30,3220202,FIHEL,20
port_calls__20250311T000000Z__20250312T000000Z.json,31,3221203,FILAN,40
port_calls__20250311T000000Z__20250312T000000Z.json,32,3221224,FINLI,40
port_calls__20250311T000000Z__20250312T000000Z.json,33,3221257,FIHEL,20
port_calls__20250311T000000Z__20250312T000000Z.json,34,3221260,FIHEL,20
port_calls__20250311T000000Z__20250312T000000Z.json,35,3221270,FIHEL,20
port_calls__20250311T000000Z__20250312T000000Z.json,36,3221283,FIHEL,20
port_calls__20250311T000000Z__20250312T000000Z.json,37,3221309,FIHEL,20
port_calls__20250311T000000Z__20250312T000000Z.json,38,3221315,FIHEL,20
port_calls__20250311T000000Z__20250312T000000Z.json,39,3221345,FIMHQ,20
port_calls__20250311T000000Z__20250312T000000Z.json,40,3221350,FIHEL,20
port_calls__20250311T000000Z__20250312T000000Z.json,41,3221414,FIHEL,20
port_calls__20250311T000000Z__20250312T000000Z.json,42,3221416,FIMHQ,20
port_calls__20250311T000000Z__20250312T000000Z.json,43,3222077,FIKTK,50
port_calls__20250311T000000Z__20250312T000000Z.json,44,3222775,FIPOR,80
port_calls__20250311T000000Z__20250312T000000Z.json,45,3223228,FIRAU,40
port_calls__20250311T000000Z__20250312T000000Z.json,46,3223366,FIMHQ,20
port_calls__20250311T000000Z__20250312T000000Z.json,47,3223378,FIMHQ,20
port_calls__20250311T000000Z__20250312T000000Z.json,48,3223439,FIHKO,40
port_calls__20250311T000000Z__20250312T000000Z.json,49,3223487,FIKTK,70
port_calls__20250311T000000Z__20250312T000000Z.json,50,3223724,FISKV,80
port_calls__20250311T000000Z__20250312T000000Z.json,51,3223861,FIUKI,70
port_calls__20250311T000000Z__20250312T000000Z.json,52,3223866,FIHKO,40
port_calls__20250311T000000Z__20250312T000000Z.json,53,3223936,FIUKI,70
port_calls__20250311T000000Z__20250312T000000Z.json,54,3224224,FIKTK,70
port_calls__20250311T000000Z__20250312T000000Z.json,55,3224232,FIRAU,70
port_calls__20250311T000000Z__20250312T000000Z.json,56,3224235,FIRAU,70
port_calls__20250311T000000Z__20250312T000000Z.json,57,3224294,FIKNT,70
port_calls__20250311T000000Z__20250312T000000Z.json,58,3224296,FIUKI,70
port_calls__20250311T000000Z__20250312T000000Z.json,59,3224311,FIKTK,40
port_calls__20250311T000000Z__20250312T000000Z.json,60,3224312,FIHEL,50
port_calls__20250311T000000Z__20250312T000000Z.json,61,3224468,FIKTK,70
port_calls__20250311T000000Z__20250312T000000Z.json,62,3224472,FIPOR,70
port_calls__20250311T000000Z__20250312T000000Z.json,63,3224528,FISKV,82
port_calls__20250311T000000Z__20250312T000000Z.json,64,3224680,FIRAU,70
port_calls__20250311T000000Z__20250312T000000Z.json,65,3224681,FIRAA,70
port_calls__20250311T000000Z__20250312T000000Z.json,66,3225309,FIPRS,70
port_calls__20250311T000000Z__20250312T000000Z.json,67,3225325,FIRAA,70
port_calls__20250311T000000Z__20250312T000000Z.json,68,3225331,FIRAU,70
port_calls__20250311T000000Z__20250312T000000Z.json,69,3225335,FIKTK,70
port_calls__20250311T000000Z__20250312T000000Z.json,70,3225336,FIKOK,70
port_calls__20250311T000000Z__20250312T000000Z.json,71,3225367,FIVAA,20
port_calls__20250311T000000Z__20250312T000000Z.json,72,3225369,FIVAA,20
port_calls__20250311T000000Z__20250312T000000Z.json,73,3225387,FITKU,91
port_calls__20250311T000000Z__20250312T000000Z.json,74,3225393,FIRAU,91
port_calls__20250311T000000Z__20250312T000000Z.json,75,3225458,FIKOK,91
port_calls__20250311T000000Z__20250312T000000Z.json,76,3225506,FIVEI,90
port_calls__20250311T000000Z__20250312T000000Z.json,77,3225508,FIVEI,90
port_calls__20250311T000000Z__20250312T000000Z.json,78,3225521,FIVEI,10
port_calls__20250311T000000Z__20250312T000000Z.json,79,3225546,FISKV,90
port_calls__20250311T000000Z__20250312T000000Z.json,80,3225561,FIMHQ,70
port_calls__20250311T000000Z__20250312T000000Z.json,81,3225634,FIANK,50
port_calls__20250311T000000Z__20250312T000000Z.json,82,3226026,FIMHQ,20
port_calls__20250311T000000Z__20250312T000000Z.json,83,3234365,FIKOK,91
port_calls__20250312T000000Z__20250313T000000Z.json,1,3190840,FITKU,20
port_calls__20250312T000000Z__20250313T000000Z.json,2,3190991,FITKU,20
port_calls__20250312T000000Z__20250313T000000Z.json,3,3193792,FIECK,20
port_calls__20250312T000000Z__20250313T000000Z.json,4,3193827,FIECK,20
port_calls__20250312T000000Z__20250313T000000Z.json,5,3193847,FIECK,20
port_calls__20250312T000000Z__20250313T000000Z.json,6,3196048,FIHEL,20
port_calls__20250312T000000Z__20250313T000000Z.json,7,3214024,FIHKO,40
port_calls__20250312T000000Z__20250313T000000Z.json,8,3214246,FIHEL,40
port_calls__20250312T000000Z__20250313T000000Z.json,9,3214278,FIHEL,40
port_calls__20250312T000000Z__20250313T000000Z.json,10,3214294,FIHEL,40
port_calls__20250312T000000Z__20250313T000000Z.json,11,3214316,FIHEL,20
port_calls__20250312T000000Z__20250313T000000Z.json,12,3214350,FIHEL,20
port_calls__20250312T000000Z__20250313T000000Z.json,13,3214376,FIHEL,20
port_calls__20250312T000000Z__20250313T000000Z.json,14,3215894,FINLI,20
port_calls__20250312T000000Z__20250313T000000Z.json,15,3215898,FILAN,20
port_calls__20250312T000000Z__20250313T000000Z.json,16,3215900,FILAN,20
port_calls__20250312T000000Z__20250313T000000Z.json,17,3218011,FILAN,20
port_calls__20250312T000000Z__20250313T000000Z.json,18,3218043,FINLI,20
port_calls__20250312T000000Z__20250313T000000Z.json,19,3218050,FILAN,20
port_calls__20250312T000000Z__20250313T000000Z.json,20,3218651,FILAN,20
port_calls__20250312T000000Z__20250313T000000Z.json,21,3218657,FILAN,20
port_calls__20250312T000000Z__20250313T000000Z.json,22,3218680,FIMHQ,20
port_calls__20250312T000000Z__20250313T000000Z.json,23,3218881,FIMHQ,20
port_calls__20250312T000000Z__20250313T000000Z.json,24,3218892,FIMHQ,20
port_calls__20250312T000000Z__20250313T000000Z.json,25,3218900,FIMHQ,10
port_calls__20250312T000000Z__20250313T000000Z.json,26,3218910,FIMHQ,20
port_calls__20250312T000000Z__20250313T000000Z.json,27,3219572,FIHEL,20
port_calls__20250312T000000Z__20250313T000000Z.json,28,3220178,FIHEL,20
port_calls__20250312T000000Z__20250313T000000Z.json,29,3220203,FIHEL,20
port_calls__20250312T000000Z__20250313T000000Z.json,30,3221204,FILAN,40
port_calls__20250312T000000Z__20250313T000000Z.json,31,3221225,FINLI,40
port_calls__20250312T000000Z__20250313T000000Z.json,32,3221276,FIHEL,20
port_calls__20250312T000000Z__20250313T000000Z.json,33,3221286,FIHEL,20
port_calls__20250312T000000Z__20250313T000000Z.json,34,3221289,FIHEL,20
port_calls__20250312T000000Z__20250313T000000Z.json,35,3221300,FIHEL,20
port_calls__20250312T000000Z__20250313T000000Z.json,36,3221301,FIHEL,20
port_calls__20250312T000000Z__20250313T000000Z.json,37,3221314,FIHEL,20
port_calls__20250312T000000Z__20250313T000000Z.json,38,3221355,FIHEL,20
port_calls__20250312T000000Z__20250313T000000Z.json,39,3221375,FIMHQ,20
port_calls__20250312T000000Z__20250313T000000Z.json,40,3221381,FIHEL,20
port_calls__20250312T000000Z__20250313T000000Z.json,41,3221382,FIMHQ,20
port_calls__20250312T000000Z__20250313T000000Z.json,42,3222493,FIHEL,50
port_calls__20250312T000000Z__20250313T000000Z.json,43,3223224,FIHKO,40
port_calls__20250312T000000Z__20250313T000000Z.json,44,3223230,FIKTK,40
port_calls__20250312T000000Z__20250313T000000Z.json,45,3223510,FITKU,40
port_calls__20250312T000000Z__20250313T000000Z.json,46,3223521,FIKOK,70
port_calls__20250312T000000Z__20250313T000000Z.json,47,3223566,FIDLS,70
port_calls__20250312T000000Z__20250313T000000Z.json,48,3223643,FIINK,70
port_calls__20250312T000000Z__20250313T000000Z.json,49,3223664,FIOUL,70
port_calls__20250312T000000Z__20250313T000000Z.json,50,3223678,FIKTK,70
port_calls__20250312T000000Z__20250313T000000Z.json,51,3223680,FIKOK,70
port_calls__20250312T000000Z__20250313T000000Z.json,52,3223823,FIPOR,82
port_calls__20250312T000000Z__20250313T000000Z.json,53,3223871,FIHKO,40
port_calls__20250312T000000Z__20250313T000000Z.json,54,3223872,FIHKO,40
port_calls__20250312T000000Z__20250313T000000Z.json,55,3223873,FIUKI,60
port_calls__20250312T000000Z__20250313T000000Z.json,56,3223922,FIHEL,50
port_calls__20250312T000000Z__20250313T000000Z.json,57,3224222,FIINK,70
port_calls__20250312T000000Z__20250313T000000Z.json,58,3224229,FIKTK,50
port_calls__20250312T000000Z__20250313T000000Z.json,59,3224263,FIKTK,70
port_calls__20250312T000000Z__20250313T000000Z.json,60,3224327,FIINK,82
port_calls__20250312T000000Z__20250313T000000Z.json,61,3224365,FIKEM,70
port_calls__20250312T000000Z__20250313T000000Z.json,62,3224386,FIHKO,44
port_calls__20250312T000000Z__20250313T000000Z.json,63,3224443,FIKTK,50
port_calls__20250312T000000Z__20250313T000000Z.json,64,3224491,FIKTK,83
port_calls__20250312T000000Z__20250313T000000Z.json,65,3224566,FINLI,70
port_calls__20250312T000000Z__20250313T000000Z.json,66,3224580,FIRAU,70
port_calls__20250312T000000Z__20250313T000000Z.json,67,3224863,FIKTK,60
port_calls__20250312T000000Z__20250313T000000Z.json,68,3225256,FISKV,80
port_calls__20250312T000000Z__20250313T000000Z.json,69,3225305,FIKTK,60
port_calls__20250312T000000Z__20250313T000000Z.json,70,3225306,FIKTK,70
port_calls__20250312T000000Z__20250313T000000Z.json,71,3225315,FINLI,70
port_calls__20250312T000000Z__20250313T000000Z.json,72,3225316,FIANK,70
port_calls__20250312T000000Z__20250313T000000Z.json,73,3225330,FIHKO,70
port_calls__20250312T000000Z__20250313T000000Z.json,74,3225338,FIPRS,70
port_calls__20250312T000000Z__20250313T000000Z.json,75,3225351,FIKOK,70
port_calls__20250312T000000Z__20250313T000000Z.json,76,3225370,FIVAA,20
port_calls__20250312T000000Z__20250313T000000Z.json,77,3225371,FIVAA,20
port_calls__20250312T000000Z__20250313T000000Z.json,78,3225376,FIPRS,70
port_calls__20250312T000000Z__20250313T000000Z.json,79,3225377,FIKOK,70
port_calls__20250312T000000Z__20250313T000000Z.json,80,3225384,FIOUL,70
port_calls__20250312T000000Z__20250313T000000Z.json,81,3225388,FISKV,80
port_calls__20250312T000000Z__20250313T000000Z.json,82,3225394,FIRAA,94
port_calls__20250312T000000Z__20250313T000000Z.json,83,3225396,FIPOR,70
port_calls__20250312T000000Z__20250313T000000Z.json,84,3225397,FIRAA,95
port_calls__20250312T000000Z__20250313T000000Z.json,85,3225472,FIRAU,70
port_calls__20250312T000000Z__20250313T000000Z.json,86,3225530,FIKTK,70
port_calls__20250312T000000Z__20250313T000000Z.json,87,3225600,FIKEM,70
port_calls__20250312T000000Z__20250313T000000Z.json,88,3225619,FIVEI,90
port_calls__20250312T000000Z__20250313T000000Z.json,89,3225620,FIVEI,90
port_calls__20250312T000000Z__20250313T000000Z.json,90,3225720,FIANK,70
port_calls__20250312T000000Z__20250313T000000Z.json,91,3225747,FIHEL,70
port_calls__20250312T000000Z__20250313T000000Z.json,92,3225781,FIVEI,10
port_calls__20250312T000000Z__20250313T000000Z.json,93,3225801,FIANK,82
port_calls__20250312T000000Z__20250313T000000Z.json,94,3225824,FIPAR,70
port_calls__20250313T000000Z__20250314T000000Z.json,1,3190841,FITKU,20
port_calls__20250313T000000Z__20250314T000000Z.json,2,3190992,FITKU,20
port_calls__20250313T000000Z__20250314T000000Z.json,3,3193762,FIECK,20
port_calls__20250313T000000Z__20250314T000000Z.json,4,3193793,FIECK,20
port_calls__20250313T000000Z__20250314T000000Z.json,5,3193828,FIECK,20
port_calls__20250313T000000Z__20250314T000000Z.json,6,3210333,FIHEL,20
port_calls__20250313T000000Z__20250314T000000Z.json,7,3214247,FIHEL,40
port_calls__20250313T000000Z__20250314T000000Z.json,8,3214279,FIHEL,40
port_calls__20250313T000000Z__20250314T000000Z.json,9,3214295,FIHEL,40
port_calls__20250313T000000Z__20250314T000000Z.json,10,3214317,FIHEL,20
port_calls__20250313T000000Z__20250314T000000Z.json,11,3214351,FIHEL,20
port_calls__20250313T000000Z__20250314T000000Z.json,12,3214377,FIHEL,20
port_calls__20250313T000000Z__20250314T000000Z.json,13,3215897,FILAN,20
port_calls__20250313T000000Z__20250314T000000Z.json,14,3215899,FINLI,20
port_calls__20250313T000000Z__20250314T000000Z.json,15,3215905,FILAN,20
port_calls__20250313T000000Z__20250314T000000Z.json,16,3217237,FIHKO,40
port_calls__20250313T000000Z__20250314T000000Z.json,17,3218010,FILAN,20
port_calls__20250313T000000Z__20250314T000000Z.json,18,3218012,FINLI,20
port_calls__20250313T000000Z__20250314T000000Z.json,19,3218051,FILAN,20
port_calls__20250313T000000Z__20250314T000000Z.json,20,3218652,FILAN,20
port_calls__20250313T000000Z__20250314T000000Z.json,21,3218658,FILAN,20
port_calls__20250313T000000Z__20250314T000000Z.json,22,3218672,FIMHQ,20
port_calls__20250313T000000Z__20250314T000000Z.json,23,3218882,FIMHQ,20
port_calls__20250313T000000Z__20250314T000000Z.json,24,3218893,FIMHQ,20
port_calls__20250313T000000Z__20250314T000000Z.json,25,3218901,FIMHQ,10
port_calls__20250313T000000Z__20250314T000000Z.json,26,3218907,FIMHQ,20
port_calls__20250313T000000Z__20250314T000000Z.json,27,3219614,FIHEL,20
port_calls__20250313T000000Z__20250314T000000Z.json,28,3220179,FIHEL,20
port_calls__20250313T000000Z__20250314T000000Z.json,29,3220204,FIHEL,20
port_calls__20250313T000000Z__20250314T000000Z.json,30,3221205,FILAN,40
port_calls__20250313T000000Z__20250314T000000Z.json,31,3221226,FINLI,40
port_calls__20250313T000000Z__20250314T000000Z.json,32,3221266,FIHEL,20
port_calls__20250313T000000Z__20250314T000000Z.json,33,3221268,FIHEL,20
port_calls__20250313T000000Z__20250314T000000Z.json,34,3221275,FIHEL,20
port_calls__20250313T000000Z__20250314T000000Z.json,35,3221282,FIHEL,20
port_calls__20250313T000000Z__20250314T000000Z.json,36,3221285,FIHEL,20
port_calls__20250313T000000Z__20250314T000000Z.json,37,3221288,FIHEL,20
port_calls__20250313T000000Z__20250314T000000Z.json,38,3221362,FIHEL,20
port_calls__20250313T000000Z__20250314T000000Z.json,39,3221368,FIHEL,20
port_calls__20250313T000000Z__20250314T000000Z.json,40,3221415,FIMHQ,20
port_calls__20250313T000000Z__20250314T000000Z.json,41,3221421,FIMHQ,20
port_calls__20250313T000000Z__20250314T000000Z.json,42,3221837,FIOUL,83
port_calls__20250313T000000Z__20250314T000000Z.json,43,3222078,FIHEL,50
port_calls__20250313T000000Z__20250314T000000Z.json,44,3222381,FIHEL,50
port_calls__20250313T000000Z__20250314T000000Z.json,45,3223360,FIMHQ,20
port_calls__20250313T000000Z__20250314T000000Z.json,46,3223379,FIMHQ,20
port_calls__20250313T000000Z__20250314T000000Z.json,47,3223690,FINLI,80
port_calls__20250313T000000Z__20250314T000000Z.json,48,3223790,FIPOR,80
port_calls__20250313T000000Z__20250314T000000Z.json,49,3223869,FIHKO,40
port_calls__20250313T000000Z__20250314T000000Z.json,50,3223870,FIRAU,40
port_calls__20250313T000000Z__20250314T000000Z.json,51,3223917,FIRAU,50
port_calls__20250313T000000Z__20250314T000000Z.json,52,3224257,FIPOR,60
port_calls__20250313T000000Z__20250314T000000Z.json,53,3224326,FIKEM,80
port_calls__20250313T000000Z__20250314T000000Z.json,54,3224335,FIRAU,50
port_calls__20250313T000000Z__20250314T000000Z.json,55,3224371,FIVAA,60
port_calls__20250313T000000Z__20250314T000000Z.json,56,3224388,FIUKI,44
port_calls__20250313T000000Z__20250314T000000Z.json,57,3224445,FIHKO,40
port_calls__20250313T000000Z__20250314T000000Z.json,58,3224536,FITOR,70
port_calls__20250313T000000Z__20250314T000000Z.json,59,3224538,FISKV,81
port_calls__20250313T000000Z__20250314T000000Z.json,60,3224551,FISKV,83
port_calls__20250313T000000Z__20250314T000000Z.json,61,3224605,FIKNT,70
port_calls__20250313T000000Z__20250314T000000Z.json,62,3224647,FIFOR,80
port_calls__20250313T000000Z__20250314T000000Z.json,63,3225314,FIPOR,70
port_calls__20250313T000000Z__20250314T000000Z.json,64,3225326,FIRAU,70
port_calls__20250313T000000Z__20250314T000000Z.json,65,3225389,FITKU,90
port_calls__20250313T000000Z__20250314T000000Z.json,66,3225395,FISKV,82
port_calls__20250313T000000Z__20250314T000000Z.json,67,3225414,FIRAU,70
port_calls__20250313T000000Z__20250314T000000Z.json,68,3225517,FIRAU,70
port_calls__20250313T000000Z__20250314T000000Z.json,69,3225518,FIUKI,70
port_calls__20250313T000000Z__20250314T000000Z.json,70,3225534,FIPOR,70
port_calls__20250313T000000Z__20250314T000000Z.json,71,3225537,FIKEM,90
port_calls__20250313T000000Z__20250314T000000Z.json,72,3225559,FIRAU,70
port_calls__20250313T000000Z__20250314T000000Z.json,73,3225567,FIHEL,91
port_calls__20250313T000000Z__20250314T000000Z.json,74,3225568,FIKTK,70
port_calls__20250313T000000Z__20250314T000000Z.json,75,3225597,FIKOK,70
port_calls__20250313T000000Z__20250314T000000Z.json,76,3225644,FIPOR,70
port_calls__20250313T000000Z__20250314T000000Z.json,77,3225649,FIKAS,70
port_calls__20250313T000000Z__20250314T000000Z.json,78,3225763,FIKTK,70
port_calls__20250313T000000Z__20250314T000000Z.json,79,3225832,FIKOK,94
port_calls__20250313T000000Z__20250314T000000Z.json,80,3225837,FIVAA,20
port_calls__20250313T000000Z__20250314T000000Z.json,81,3225857,FIKOK,95
port_calls__20250313T000000Z__20250314T000000Z.json,82,3225920,FISKV,80
port_calls__20250313T000000Z__20250314T000000Z.json,83,3226049,FIANK,83
port_calls__20250313T000000Z__20250314T000000Z.json,84,3226059,FIVEI,10
port_calls__20250313T000000Z__20250314T000000Z.json,85,3226143,FIVEI,90
port_calls__20250313T000000Z__20250314T000000Z.json,86,3226364,FIVEI,90
port_calls__20250313T000000Z__20250314T000000Z.json,87,3226922,FIANK,70
port_calls__20250314T000000Z__20250315T000000Z.json,1,3181781,FIHKO,40
port_calls__20250314T000000Z__20250315T000000Z.json,2,3190842,FITKU,20
port_calls__20250314T000000Z__20250315T000000Z.json,3,3190993,FITKU,20
port_calls__20250314T000000Z__20250315T000000Z.json,4,3193763,FIECK,20
port_calls__20250314T000000Z__20250315T000000Z.json,5,3193794,FIECK,20
port_calls__20250314T000000Z__20250315T000000Z.json,6,3193829,FIECK,20
port_calls__20250314T000000Z__20250315T000000Z.json,7,3196049,FIHEL,20
port_calls__20250314T000000Z__20250315T000000Z.json,8,3214012,FIHEL,40
port_calls__20250314T000000Z__20250315T000000Z.json,9,3214248,FIHEL,40
port_calls__20250314T000000Z__20250315T000000Z.json,10,3214280,FIHEL,40
port_calls__20250314T000000Z__20250315T000000Z.json,11,3214296,FIHEL,40
port_calls__20250314T000000Z__20250315T000000Z.json,12,3214318,FIHEL,20
port_calls__20250314T000000Z__20250315T000000Z.json,13,3214352,FIHEL,20
port_calls__20250314T000000Z__20250315T000000Z.json,14,3214378,FIHEL,20
port_calls__20250314T000000Z__20250315T000000Z.json,15,3215902,FINLI,20
port_calls__20250314T000000Z__20250315T000000Z.json,16,3215914,FILAN,20
port_calls__20250314T000000Z__20250315T000000Z.json,17,3215916,FILAN,20
port_calls__20250314T000000Z__20250315T000000Z.json,18,3217156,FIHKO,40
port_calls__20250314T000000Z__20250315T000000Z.json,19,3218009,FILAN,20
port_calls__20250314T000000Z__20250315T000000Z.json,20,3218025,FINLI,20
port_calls__20250314T000000Z__20250315T000000Z.json,21,3218041,FILAN,20
port_calls__20250314T000000Z__20250315T000000Z.json,22,3218653,FILAN,20
port_calls__20250314T000000Z__20250315T000000Z.json,23,3218659,FILAN,20
port_calls__20250314T000000Z__20250315T000000Z.json,24,3218681,FIMHQ,20
port_calls__20250314T000000Z__20250315T000000Z.json,25,3218883,FIMHQ,20
port_calls__20250314T000000Z__20250315T000000Z.json,26,3218894,FIMHQ,20
port_calls__20250314T000000Z__20250315T000000Z.json,27,3218902,FIMHQ,10
port_calls__20250314T000000Z__20250315T000000Z.json,28,3218911,FIMHQ,20
port_calls__20250314T000000Z__20250315T000000Z.json,29,3219533,FIHEL,20
port_calls__20250314T000000Z__20250315T000000Z.json,30,3220219,FIHEL,20
port_calls__20250314T000000Z__20250315T000000Z.json,31,3220223,FIHEL,20
port_calls__20250314T000000Z__20250315T000000Z.json,32,3220227,FIHEL,20
port_calls__20250314T000000Z__20250315T000000Z.json,33,3221206,FILAN,40
port_calls__20250314T000000Z__20250315T000000Z.json,34,3221227,FINLI,40
port_calls__20250314T000000Z__20250315T000000Z.json,35,3221259,FIHEL,20
port_calls__20250314T000000Z__20250315T000000Z.json,36,3221264,FIHEL,20
port_calls__20250314T000000Z__20250315T000000Z.json,37,3221271,FIHEL,20
port_calls__20250314T000000Z__20250315T000000Z.json,38,3221284,FIHEL,20
port_calls__20250314T000000Z__20250315T000000Z.json,39,3221294,FIHEL,20
port_calls__20250314T000000Z__20250315T000000Z.json,40,3221299,FIHEL,20
port_calls__20250314T000000Z__20250315T000000Z.json,41,3221365,FIHEL,20
port_calls__20250314T000000Z__20250315T000000Z.json,42,3221372,FIMHQ,20
port_calls__20250314T000000Z__20250315T000000Z.json,43,3221377,FIMHQ,20
port_calls__20250314T000000Z__20250315T000000Z.json,44,3221437,FIHEL,20
port_calls__20250314T000000Z__20250315T000000Z.json,45,3222748,FISKV,81
port_calls__20250314T000000Z__20250315T000000Z.json,46,3223698,FISKV,82
port_calls__20250314T000000Z__20250315T000000Z.json,47,3223943,FIRAU,40
port_calls__20250314T000000Z__20250315T000000Z.json,48,3224218,FITKU,70
port_calls__20250314T000000Z__20250315T000000Z.json,49,3224223,FIHKO,40
port_calls__20250314T000000Z__20250315T000000Z.json,50,3224480,FIHEL,60
port_calls__20250314T000000Z__20250315T000000Z.json,51,3224519,FIRAU,70
port_calls__20250314T000000Z__20250315T000000Z.json,52,3224520,FIPOR,70
port_calls__20250314T000000Z__20250315T000000Z.json,53,3224527,FIINK,82
port_calls__20250314T000000Z__20250315T000000Z.json,54,3225288,FIOUL,40
port_calls__20250314T000000Z__20250315T000000Z.json,55,3225307,FIPOR,70
port_calls__20250314T000000Z__20250315T000000Z.json,56,3225308,FIKTK,70
port_calls__20250314T000000Z__20250315T000000Z.json,57,3225310,FIKTK,50
port_calls__20250314T000000Z__20250315T000000Z.json,58,3225352,FIRAU,50
port_calls__20250314T000000Z__20250315T000000Z.json,59,3225353,FIKEM,70
port_calls__20250314T000000Z__20250315T000000Z.json,60,3225356,FIINK,94
port_calls__20250314T000000Z__20250315T000000Z.json,61,3225368,FIINK,93
port_calls__20250314T000000Z__20250315T000000Z.json,62,3225516,FISKV,83
port_calls__20250314T000000Z__20250315T000000Z.json,63,3225526,FIHKO,44
port_calls__20250314T000000Z__20250315T000000Z.json,64,3225529,FIKTK,70
port_calls__20250314T000000Z__20250315T000000Z.json,65,3225552,FIOUL,40
port_calls__20250314T000000Z__20250315T000000Z.json,66,3225574,FIVAA,70
port_calls__20250314T000000Z__20250315T000000Z.json,67,3225655,FIKOK,50
port_calls__20250314T000000Z__20250315T000000Z.json,68,3225729,FIUKI,70
port_calls__20250314T000000Z__20250315T000000Z.json,69,3225752,FIRAU,40
port_calls__20250314T000000Z__20250315T000000Z.json,70,3225819,FISKV,81
port_calls__20250314T000000Z__20250315T000000Z.json,71,3225838,FIVAA,20
port_calls__20250314T000000Z__20250315T000000Z.json,72,3225846,FIVAA,20
port_calls__20250314T000000Z__20250315T000000Z.json,73,3225951,FIRAA,70
port_calls__20250314T000000Z__20250315T000000Z.json,74,3226894,FIVEI,90
port_calls__20250314T000000Z__20250315T000000Z.json,75,3226958,FIANK,70
port_calls__20250314T000000Z__20250315T000000Z.json,76,3226959,FIVEI,10
port_calls__20250314T000000Z__20250315T000000Z.json,77,3226979,FILOV,93
port_calls__20250314T000000Z__20250315T000000Z.json,78,3226987,FILOV,93
port_calls__20250314T000000Z__20250315T000000Z.json,79,3227045,FIVEI,10
port_calls__20250314T000000Z__20250315T000000Z.json,80,3227070,FIHKO,91
port_calls__20250314T000000Z__20250315T000000Z.json,81,3227402,FIANK,40
port_calls__20250315T000000Z__20250316T000000Z.json,1,3190843,FITKU,20
port_calls__20250315T000000Z__20250316T000000Z.json,2,3190994,FITKU,20
port_calls__20250315T000000Z__20250316T000000Z.json,3,3193764,FIECK,20
port_calls__20250315T000000Z__20250316T000000Z.json,4,3193795,FIECK,20
port_calls__20250315T000000Z__20250316T000000Z.json,5,3193830,FIECK,20
port_calls__20250315T000000Z__20250316T000000Z.json,6,3210334,FIHEL,20
port_calls__20250315T000000Z__20250316T000000Z.json,7,3214065,FIHKO,40
port_calls__20250315T000000Z__20250316T000000Z.json,8,3214319,FIHEL,20
port_calls__20250315T000000Z__20250316T000000Z.json,9,3214338,FIHEL,20
port_calls__20250315T000000Z__20250316T000000Z.json,10,3214353,FIHEL,20
port_calls__20250315T000000Z__20250316T000000Z.json,11,3215904,FINLI,20
port_calls__20250315T000000Z__20250316T000000Z.json,12,3215912,FILAN,20
port_calls__20250315T000000Z__20250316T000000Z.json,13,3218004,FILAN,20
port_calls__20250315T000000Z__20250316T000000Z.json,14,3218006,FILAN,20
port_calls__20250315T000000Z__20250316T000000Z.json,15,3218055,FINLI,20
port_calls__20250315T000000Z__20250316T000000Z.json,16,3218654,FILAN,20
port_calls__20250315T000000Z__20250316T000000Z.json,17,3218660,FILAN,20
port_calls__20250315T000000Z__20250316T000000Z.json,18,3218673,FIMHQ,20
port_calls__20250315T000000Z__20250316T000000Z.json,19,3218884,FIMHQ,20
port_calls__20250315T000000Z__20250316T000000Z.json,20,3218895,FIMHQ,20
port_calls__20250315T000000Z__20250316T000000Z.json,21,3218903,FIMHQ,10
port_calls__20250315T000000Z__20250316T000000Z.json,22,3218908,FIMHQ,20
port_calls__20250315T000000Z__20250316T000000Z.json,23,3219535,FIHEL,20
port_calls__20250315T000000Z__20250316T000000Z.json,24,3220180,FIHEL,20
port_calls__20250315T000000Z__20250316T000000Z.json,25,3220205,FIHEL,20
port_calls__20250315T000000Z__20250316T000000Z.json,26,3221207,FILAN,40
port_calls__20250315T000000Z__20250316T000000Z.json,27,3221261,FIHEL,20
port_calls__20250315T000000Z__20250316T000000Z.json,28,3221262,FIHEL,20
port_calls__20250315T000000Z__20250316T000000Z.json,29,3221273,FIHEL,20
port_calls__20250315T000000Z__20250316T000000Z.json,30,3221277,FIHEL,20
port_calls__20250315T000000Z__20250316T000000Z.json,31,3221328,FIHEL,20
port_calls__20250315T000000Z__20250316T000000Z.json,32,3221352,FIMHQ,20
port_calls__20250315T000000Z__20250316T000000Z.json,33,3221356,FIHEL,20
port_calls__20250315T000000Z__20250316T000000Z.json,34,3221399,FIHEL,20
port_calls__20250315T000000Z__20250316T000000Z.json,35,3221409,FIMHQ,20
port_calls__20250315T000000Z__20250316T000000Z.json,36,3223370,FIMHQ,20
port_calls__20250315T000000Z__20250316T000000Z.json,37,3223412,FIMHQ,20
port_calls__20250315T000000Z__20250316T000000Z.json,38,3223632,FIOUL,70
port_calls__20250315T000000Z__20250316T000000Z.json,39,3223711,FIHEL,50
port_calls__20250315T000000Z__20250316T000000Z.json,40,3223804,FINLI,80
port_calls__20250315T000000Z__20250316T000000Z.json,41,3224444,FIHKO,40
port_calls__20250315T000000Z__20250316T000000Z.json,42,3224817,FIHKO,40
port_calls__20250315T000000Z__20250316T000000Z.json,43,3225311,FIPOH,70
port_calls__20250315T000000Z__20250316T000000Z.json,44,3225332,FIRAA,60
port_calls__20250315T000000Z__20250316T000000Z.json,45,3225350,FIKEM,40
port_calls__20250315T000000Z__20250316T000000Z.json,46,3225635,FIKOK,70
port_calls__20250315T000000Z__20250316T000000Z.json,47,3225748,FIRAU,70
port_calls__20250315T000000Z__20250316T000000Z.json,48,3226030,FIUKI,70
port_calls__20250315T000000Z__20250316T000000Z.json,49,3226044,FIPRS,60
port_calls__20250315T000000Z__20250316T000000Z.json,50,3226136,FIANK,81
port_calls__20250315T000000Z__20250316T000000Z.json,51,3226148,FIANK,50
port_calls__20250315T000000Z__20250316T000000Z.json,52,3226578,FIVAA,20
port_calls__20250315T000000Z__20250316T000000Z.json,53,3226580,FINLI,70
port_calls__20250315T000000Z__20250316T000000Z.json,54,3226900,FIKTK,81
port_calls__20250315T000000Z__20250316T000000Z.json,55,3226970,FIHEL,70
port_calls__20250315T000000Z__20250316T000000Z.json,56,3226974,FIPAR,70
port_calls__20250315T000000Z__20250316T000000Z.json,57,3226996,FIKTK,81
port_calls__20250315T000000Z__20250316T000000Z.json,58,3227289,FIVEI,90
port_calls__20250315T000000Z__20250316T000000Z.json,59,3227290,FIVEI,90
port_calls__20250315T000000Z__20250316T000000Z.json,60,3227398,FIANK,83
port_calls__20250315T000000Z__20250316T000000Z.json,61,3227415,FIVEI,10
port_calls__20250316T000000Z__20250317T000000Z.json,1,3181806,FIHKO,40
port_calls__20250316T000000Z__20250317T000000Z.json,2,3190844,FITKU,20
port_calls__20250316T000000Z__20250317T000000Z.json,3,3190995,FITKU,20
port_calls__20250316T000000Z__20250317T000000Z.json,4,3193765,FIECK,20
port_calls__20250316T000000Z__20250317T000000Z.json,5,3193796,FIECK,20
port_calls__20250316T000000Z__20250317T000000Z.json,6,3193831,FIECK,20
port_calls__20250316T000000Z__20250317T000000Z.json,7,3196050,FIHEL,20
port_calls__20250316T000000Z__20250317T000000Z.json,8,3209942,FIHKO,40
port_calls__20250316T000000Z__20250317T000000Z.json,9,3214249,FIHEL,40
port_calls__20250316T000000Z__20250317T000000Z.json,10,3214320,FIHEL,20
port_calls__20250316T000000Z__20250317T000000Z.json,11,3214379,FIHEL,20
port_calls__20250316T000000Z__20250317T000000Z.json,12,3217976,FINLI,20
port_calls__20250316T000000Z__20250317T000000Z.json,13,3217983,FILAN,20
port_calls__20250316T000000Z__20250317T000000Z.json,14,3218017,FILAN,20
port_calls__20250316T000000Z__20250317T000000Z.json,15,3218655,FILAN,20
port_calls__20250316T000000Z__20250317T000000Z.json,16,3218661,FILAN,20
port_calls__20250316T000000Z__20250317T000000Z.json,17,3218682,FIMHQ,20
port_calls__20250316T000000Z__20250317T000000Z.json,18,3218885,FIMHQ,20
port_calls__20250316T000000Z__20250317T000000Z.json,19,3218896,FIMHQ,20
port_calls__20250316T000000Z__20250317T000000Z.json,20,3218904,FIMHQ,10
port_calls__20250316T000000Z__20250317T000000Z.json,21,3218912,FIMHQ,20
port_calls__20250316T000000Z__20250317T000000Z.json,22,3219611,FIHEL,20
port_calls__20250316T000000Z__20250317T000000Z.json,23,3220181,FIHEL,20
port_calls__20250316T000000Z__20250317T000000Z.json,24,3220232,FIHEL,20
port_calls__20250316T000000Z__20250317T000000Z.json,25,3220237,FIHEL,20
port_calls__20250316T000000Z__20250317T000000Z.json,26,3221258,FIHEL,20
port_calls__20250316T000000Z__20250317T000000Z.json,27,3221279,FIHEL,20
port_calls__20250316T000000Z__20250317T000000Z.json,28,3221291,FIHEL,20
port_calls__20250316T000000Z__20250317T000000Z.json,29,3221292,FIHEL,20
port_calls__20250316T000000Z__20250317T000000Z.json,30,3221296,FIHEL,20
port_calls__20250316T000000Z__20250317T000000Z.json,31,3221303,FIHEL,20
port_calls__20250316T000000Z__20250317T000000Z.json,32,3221353,FIMHQ,20
port_calls__20250316T000000Z__20250317T000000Z.json,33,3221358,FIHEL,20
port_calls__20250316T000000Z__20250317T000000Z.json,34,3221383,FIMHQ,20
port_calls__20250316T000000Z__20250317T000000Z.json,35,3221387,FIHEL,20
port_calls__20250316T000000Z__20250317T000000Z.json,36,3223921,FIRAU,50
port_calls__20250316T000000Z__20250317T000000Z.json,37,3224333,FITOR,70
port_calls__20250316T000000Z__20250317T000000Z.json,38,3224378,FIHEL,50
port_calls__20250316T000000Z__20250317T000000Z.json,39,3224537,FIHEL,50
port_calls__20250316T000000Z__20250317T000000Z.json,40,3224818,FIHKO,40
port_calls__20250316T000000Z__20250317T000000Z.json,41,3225299,FIHKO,40
port_calls__20250316T000000Z__20250317T000000Z.json,42,3225301,FIINK,70
port_calls__20250316T000000Z__20250317T000000Z.json,43,3225413,FIRAU,70
port_calls__20250316T000000Z__20250317T000000Z.json,44,3225461,FIRAU,70
port_calls__20250316T000000Z__20250317T000000Z.json,45,3225617,FIOUL,70
port_calls__20250316T000000Z__20250317T000000Z.json,46,3225751,FIKTK,70
port_calls__20250316T000000Z__20250317T000000Z.json,47,3225780,FIPOR,70
port_calls__20250316T000000Z__20250317T000000Z.json,48,3225808,FIKTK,83
port_calls__20250316T000000Z__20250317T000000Z.json,49,3226081,FISKV,81
port_calls__20250316T000000Z__20250317T000000Z.json,50,3226142,FISKV,81
port_calls__20250316T000000Z__20250317T000000Z.json,51,3226579,FIVAA,20
port_calls__20250316T000000Z__20250317T000000Z.json,52,3226834,FIKOK,70
port_calls__20250316T000000Z__20250317T000000Z.json,53,3226954,FIKEM,90
port_calls__20250316T000000Z__20250317T000000Z.json,54,3226977,FIHEL,70
port_calls__20250316T000000Z__20250317T000000Z.json,55,3226981,FIKTK,70
port_calls__20250316T000000Z__20250317T000000Z.json,56,3228026,FISKV,83
port_calls__20250316T000000Z__20250317T000000Z.json,57,3228068,FIANK,70
port_calls__20250316T000000Z__20250317T000000Z.json,58,3228133,FIHEL,20
port_calls__20250316T000000Z__20250317T000000Z.json,59,3228147,FIOUL,91
port_calls__20250316T000000Z__20250317T000000Z.json,60,3228300,FIANK,80
port_calls__20250317T000000Z__20250318T000000Z.json,1,3178495,FIHEL,40
port_calls__20250317T000000Z__20250318T000000Z.json,2,3190845,FITKU,20
port_calls__20250317T000000Z__20250318T000000Z.json,3,3190996,FITKU,20
port_calls__20250317T000000Z__20250318T000000Z.json,4,3193766,FIECK,20
port_calls__20250317T000000Z__20250318T000000Z.json,5,3193797,FIECK,20
port_calls__20250317T000000Z__20250318T000000Z.json,6,3193832,FIECK,20
port_calls__20250317T000000Z__20250318T000000Z.json,7,3210335,FIHEL,20
port_calls__20250317T000000Z__20250318T000000Z.json,8,3214005,FIHEL,40
port_calls__20250317T000000Z__20250318T000000Z.json,9,3214250,FIHEL,40
port_calls__20250317T000000Z__20250318T000000Z.json,10,3214265,FIHEL,40
port_calls__20250317T000000Z__20250318T000000Z.json,11,3214270,FIHEL,40
port_calls__20250317T000000Z__20250318T000000Z.json,12,3214321,FIHEL,20
port_calls__20250317T000000Z__20250318T000000Z.json,13,3214354,FIHEL,20
port_calls__20250317T000000Z__20250318T000000Z.json,14,3214380,FIHEL,20
port_calls__20250317T000000Z__20250318T000000Z.json,15,3217242,FIHKO,40
port_calls__20250317T000000Z__20250318T000000Z.json,16,3218022,FILAN,20
port_calls__20250317T000000Z__20250318T000000Z.json,17,3218662,FILAN,20
port_calls__20250317T000000Z__20250318T000000Z.json,18,3218674,FIMHQ,20
port_calls__20250317T000000Z__20250318T000000Z.json,19,3218886,FIMHQ,20
port_calls__20250317T000000Z__20250318T000000Z.json,20,3218897,FIMHQ,20
port_calls__20250317T000000Z__20250318T000000Z.json,21,3218905,FIMHQ,10
port_calls__20250317T000000Z__20250318T000000Z.json,22,3218909,FIMHQ,20
port_calls__20250317T000000Z__20250318T000000Z.json,23,3219277,FILAN,20
port_calls__20250317T000000Z__20250318T000000Z.json,24,3219528,FIHEL,20
port_calls__20250317T000000Z__20250318T000000Z.json,25,3220182,FIHEL,20
port_calls__20250317T000000Z__20250318T000000Z.json,26,3220206,FIHEL,20
port_calls__20250317T000000Z__20250318T000000Z.json,27,3221228,FINLI,40
port_calls__20250317T000000Z__20250318T000000Z.json,28,3221347,FIMHQ,20
port_calls__20250317T000000Z__20250318T000000Z.json,29,3221374,FIHEL,20
port_calls__20250317T000000Z__20250318T000000Z.json,30,3222956,FIHEL,20
port_calls__20250317T000000Z__20250318T000000Z.json,31,3222959,FIHEL,20
port_calls__20250317T000000Z__20250318T000000Z.json,32,3222978,FIHEL,20
port_calls__20250317T000000Z__20250318T000000Z.json,33,3222995,FIHEL,20
port_calls__20250317T000000Z__20250318T000000Z.json,34,3222997,FIHEL,20
port_calls__20250317T000000Z__20250318T000000Z.json,35,3223002,FIHEL,20
port_calls__20250317T000000Z__20250318T000000Z.json,36,3223076,FIMHQ,20
port_calls__20250317T000000Z__20250318T000000Z.json,37,3223080,FIHEL,20
port_calls__20250317T000000Z__20250318T000000Z.json,38,3223372,FIMHQ,20
port_calls__20250317T000000Z__20250318T000000Z.json,39,3223396,FIMHQ,20
port_calls__20250317T000000Z__20250318T000000Z.json,40,3223518,FIKOK,60
port_calls__20250317T000000Z__20250318T000000Z.json,41,3223731,FIHEL,50
port_calls__20250317T000000Z__20250318T000000Z.json,42,3223914,FIHEL,50
port_calls__20250317T000000Z__20250318T000000Z.json,43,3223916,FIHEL,70
port_calls__20250317T000000Z__20250318T000000Z.json,44,3223962,FISKV,80
port_calls__20250317T000000Z__20250318T000000Z.json,45,3224379,FIKTK,50
port_calls__20250317T000000Z__20250318T000000Z.json,46,3224539,FITOR,82
port_calls__20250317T000000Z__20250318T000000Z.json,47,3224540,FIKTK,50
port_calls__20250317T000000Z__20250318T000000Z.json,48,3224813,FIKTK,40
port_calls__20250317T000000Z__20250318T000000Z.json,49,3224814,FIHKO,40
port_calls__20250317T000000Z__20250318T000000Z.json,50,3224816,FIHKO,40
port_calls__20250317T000000Z__20250318T000000Z.json,51,3225247,FIVAA,83
port_calls__20250317T000000Z__20250318T000000Z.json,52,3225287,FIOUL,50
port_calls__20250317T000000Z__20250318T000000Z.json,53,3225297,FIINK,70
port_calls__20250317T000000Z__20250318T000000Z.json,54,3225372,FIOUL,80
port_calls__20250317T000000Z__20250318T000000Z.json,55,3225381,FIKEM,70
port_calls__20250317T000000Z__20250318T000000Z.json,56,3225519,FIRAU,70
port_calls__20250317T000000Z__20250318T000000Z.json,57,3225533,FIKJO,70
port_calls__20250317T000000Z__20250318T000000Z.json,58,3225547,FITOR,70
port_calls__20250317T000000Z__20250318T000000Z.json,59,3225553,FINLI,70
port_calls__20250317T000000Z__20250318T000000Z.json,60,3225569,FIKEM,80
port_calls__20250317T000000Z__20250318T000000Z.json,61,3225573,FIVAA,70
port_calls__20250317T000000Z__20250318T000000Z.json,62,3225582,FITOR,70
port_calls__20250317T000000Z__20250318T000000Z.json,63,3225764,FIHEL,70
port_calls__20250317T000000Z__20250318T000000Z.json,64,3225773,FIKTK,50
port_calls__20250317T000000Z__20250318T000000Z.json,65,3225794,FIOUL,90
port_calls__20250317T000000Z__20250318T000000Z.json,66,3225825,FIKTK,70
port_calls__20250317T000000Z__20250318T000000Z.json,67,3226031,FIKTK,60
port_calls__20250317T000000Z__20250318T000000Z.json,68,3226045,FIUKI,83
port_calls__20250317T000000Z__20250318T000000Z.json,69,3226063,FIRAA,95
port_calls__20250317T000000Z__20250318T000000Z.json,70,3226064,FIRAA,94
port_calls__20250317T000000Z__20250318T000000Z.json,71,3226080,FIKOK,80
port_calls__20250317T000000Z__20250318T000000Z.json,72,3226593,FIVAA,20
port_calls__20250317T000000Z__20250318T000000Z.json,73,3226764,FIRAU,70
port_calls__20250317T000000Z__20250318T000000Z.json,74,3226960,FIRAU,60
port_calls__20250317T000000Z__20250318T000000Z.json,75,3227037,FIKTK,70
port_calls__20250317T000000Z__20250318T000000Z.json,76,3227042,FIPRS,40
port_calls__20250317T000000Z__20250318T000000Z.json,77,3227050,FISKV,81
port_calls__20250317T000000Z__20250318T000000Z.json,78,3227179,FITKU,20
port_calls__20250317T000000Z__20250318T000000Z.json,79,3227310,FISKV,80
port_calls__20250317T000000Z__20250318T000000Z.json,80,3227977,FIVEI,90
port_calls__20250317T000000Z__20250318T000000Z.json,81,3228025,FISKV,81
port_calls__20250317T000000Z__20250318T000000Z.json,82,3228199,FITKU,91
port_calls__20250317T000000Z__20250318T000000Z.json,83,3228339,FIVEI,90
port_calls__20250317T000000Z__20250318T000000Z.json,84,3228379,FIVEI,10
port_calls__20250317T000000Z__20250318T000000Z.json,85,3228547,FIKOK,70
port_calls__20250317T000000Z__20250318T000000Z.json,86,3228653,FIPAR,91
port_calls__20250318T000000Z__20250319T000000Z.json,1,3181808,FIHKO,40
port_calls__20250318T000000Z__20250319T000000Z.json,2,3190846,FITKU,20
port_calls__20250318T000000Z__20250319T000000Z.json,3,3190997,FITKU,20
port_calls__20250318T000000Z__20250319T000000Z.json,4,3193767,FIECK,20
port_calls__20250318T000000Z__20250319T000000Z.json,5,3193798,FIECK,20
port_calls__20250318T000000Z__20250319T000000Z.json,6,3193833,FIECK,20
port_calls__20250318T000000Z__20250319T000000Z.json,7,3196051,FIHEL,20
port_calls__20250318T000000Z__20250319T000000Z.json,8,3214251,FIHEL,40
port_calls__20250318T000000Z__20250319T000000Z.json,9,3214281,FIHEL,40
port_calls__20250318T000000Z__20250319T000000Z.json,10,3214297,FIHEL,40
port_calls__20250318T000000Z__20250319T000000Z.json,11,3214322,FIHEL,20
port_calls__20250318T000000Z__20250319T000000Z.json,12,3214355,FIHEL,20
port_calls__20250318T000000Z__20250319T000000Z.json,13,3214381,FIHEL,20
port_calls__20250318T000000Z__20250319T000000Z.json,14,3217847,FILAN,20
port_calls__20250318T000000Z__20250319T000000Z.json,15,3217854,FILAN,20
port_calls__20250318T000000Z__20250319T000000Z.json,16,3217865,FINLI,20
port_calls__20250318T000000Z__20250319T000000Z.json,17,3218174,FILAN,20
port_calls__20250318T000000Z__20250319T000000Z.json,18,3218196,FINLI,20
port_calls__20250318T000000Z__20250319T000000Z.json,19,3218227,FILAN,20
port_calls__20250318T000000Z__20250319T000000Z.json,20,3219278,FILAN,20
port_calls__20250318T000000Z__20250319T000000Z.json,21,3219284,FILAN,20
port_calls__20250318T000000Z__20250319T000000Z.json,22,3219291,FIMHQ,20
port_calls__20250318T000000Z__20250319T000000Z.json,23,3219300,FIMHQ,20
port_calls__20250318T000000Z__20250319T000000Z.json,24,3219311,FIMHQ,20
port_calls__20250318T000000Z__20250319T000000Z.json,25,3219318,FIMHQ,10
port_calls__20250318T000000Z__20250319T000000Z.json,26,3219325,FIMHQ,20
port_calls__20250318T000000Z__20250319T000000Z.json,27,3219596,FIHEL,20
port_calls__20250318T000000Z__20250319T000000Z.json,28,3220183,FIHEL,20
port_calls__20250318T000000Z__20250319T000000Z.json,29,3220207,FIHEL,20
port_calls__20250318T000000Z__20250319T000000Z.json,30,3221208,FILAN,40
port_calls__20250318T000000Z__20250319T000000Z.json,31,3221229,FINLI,40
port_calls__20250318T000000Z__20250319T000000Z.json,32,3222281,FIHKO,40
port_calls__20250318T000000Z__20250319T000000Z.json,33,3222965,FIHEL,20
port_calls__20250318T000000Z__20250319T000000Z.json,34,3222966,FIMHQ,20
port_calls__20250318T000000Z__20250319T000000Z.json,35,3222974,FIHEL,20
port_calls__20250318T000000Z__20250319T000000Z.json,36,3222981,FIHEL,20
port_calls__20250318T000000Z__20250319T000000Z.json,37,3223001,FIHEL,20
port_calls__20250318T000000Z__20250319T000000Z.json,38,3223003,FIHEL,20
port_calls__20250318T000000Z__20250319T000000Z.json,39,3223028,FIMHQ,20
port_calls__20250318T000000Z__20250319T000000Z.json,40,3223040,FIHEL,20
port_calls__20250318T000000Z__20250319T000000Z.json,41,3223077,FIHEL,20
port_calls__20250318T000000Z__20250319T000000Z.json,42,3223094,FIHEL,20
port_calls__20250318T000000Z__20250319T000000Z.json,43,3223699,FIKTK,70
port_calls__20250318T000000Z__20250319T000000Z.json,44,3224313,FIKTK,70
port_calls__20250318T000000Z__20250319T000000Z.json,45,3224362,FIRAU,50
port_calls__20250318T000000Z__20250319T000000Z.json,46,3224819,FIRAU,40
port_calls__20250318T000000Z__20250319T000000Z.json,47,3225300,FIHKO,40
port_calls__20250318T000000Z__20250319T000000Z.json,48,3225312,FITOK,70
port_calls__20250318T000000Z__20250319T000000Z.json,49,3225385,FIHEL,50
port_calls__20250318T000000Z__20250319T000000Z.json,50,3225558,FIKTK,40
port_calls__20250318T000000Z__20250319T000000Z.json,51,3225596,FISKV,80
port_calls__20250318T000000Z__20250319T000000Z.json,52,3225728,FIHEL,50
port_calls__20250318T000000Z__20250319T000000Z.json,53,3225739,FIHKO,40
port_calls__20250318T000000Z__20250319T000000Z.json,54,3225778,FITOR,70
port_calls__20250318T000000Z__20250319T000000Z.json,55,3225810,FIKTK,50
port_calls__20250318T000000Z__20250319T000000Z.json,56,3225811,FIKTK,50
port_calls__20250318T000000Z__20250319T000000Z.json,57,3225900,FIVAA,60
port_calls__20250318T000000Z__20250319T000000Z.json,58,3225909,FIRAU,70
port_calls__20250318T000000Z__20250319T000000Z.json,59,3226041,FIPAR,70
port_calls__20250318T000000Z__20250319T000000Z.json,60,3226056,FIKTK,40
port_calls__20250318T000000Z__20250319T000000Z.json,61,3226058,FIHEL,50
port_calls__20250318T000000Z__20250319T000000Z.json,62,3226235,FIRAU,50
port_calls__20250318T000000Z__20250319T000000Z.json,63,3226937,FIPOR,60
port_calls__20250318T000000Z__20250319T000000Z.json,64,3227007,FISKV,83
port_calls__20250318T000000Z__20250319T000000Z.json,65,3227016,FIKTK,70
port_calls__20250318T000000Z__20250319T000000Z.json,66,3227043,FIKTK,60
port_calls__20250318T000000Z__20250319T000000Z.json,67,3227071,FIFAR,70
port_calls__20250318T000000Z__20250319T000000Z.json,68,3227167,FISKV,80
port_calls__20250318T000000Z__20250319T000000Z.json,69,3227834,FIRAU,80
port_calls__20250318T000000Z__20250319T000000Z.json,70,3228019,FIKOK,60
port_calls__20250318T000000Z__20250319T000000Z.json,71,3228056,FIRAA,90
port_calls__20250318T000000Z__20250319T000000Z.json,72,3228065,FIHKO,60
port_calls__20250318T000000Z__20250319T000000Z.json,73,3228080,FIPRS,70
port_calls__20250318T000000Z__20250319T000000Z.json,74,3228097,FIKTK,80
port_calls__20250318T000000Z__20250319T000000Z.json,75,3228098,FIKTK,80
port_calls__20250318T000000Z__20250319T000000Z.json,76,3228130,FIVAA,70
port_calls__20250318T000000Z__20250319T000000Z.json,77,3228222,FIINK,70
port_calls__20250318T000000Z__20250319T000000Z.json,78,3228399,FIVEI,10
port_calls__20250318T000000Z__20250319T000000Z.json,79,3228670,FIVEI,90
port_calls__20250318T000000Z__20250319T000000Z.json,80,3228717,FIOUL,91
port_calls__20250318T000000Z__20250319T000000Z.json,81,3228747,FIANK,81
port_calls__20250318T000000Z__20250319T000000Z.json,82,3228755,FIVEI,90
port_calls__20250318T000000Z__20250319T000000Z.json,83,3228791,FIVAA,20
port_calls__20250318T000000Z__20250319T000000Z.json,84,3228792,FITKU,90
port_calls__20250318T000000Z__20250319T000000Z.json,85,3228814,FIVAA,20
port_calls__20250319T000000Z__20250320T000000Z.json,1,3190847,FITKU,20
port_calls__20250319T000000Z__20250320T000000Z.json,2,3190998,FITKU,20
port_calls__20250319T000000Z__20250320T000000Z.json,3,3193768,FIECK,20
port_calls__20250319T000000Z__20250320T000000Z.json,4,3193799,FIECK,20
port_calls__20250319T000000Z__20250320T000000Z.json,5,3193834,FIECK,20
port_calls__20250319T000000Z__20250320T000000Z.json,6,3193899,FILAN,20
port_calls__20250319T000000Z__20250320T000000Z.json,7,3210336,FIHEL,20
port_calls__20250319T000000Z__20250320T000000Z.json,8,3214010,FIHKO,40
port_calls__20250319T000000Z__20250320T000000Z.json,9,3214252,FIHEL,40
port_calls__20250319T000000Z__20250320T000000Z.json,10,3214282,FIHEL,40
port_calls__20250319T000000Z__20250320T000000Z.json,11,3214298,FIHEL,40
port_calls__20250319T000000Z__20250320T000000Z.json,12,3214323,FIHEL,20
port_calls__20250319T000000Z__20250320T000000Z.json,13,3214356,FIHEL,20
port_calls__20250319T000000Z__20250320T000000Z.json,14,3214382,FIHEL,20
port_calls__20250319T000000Z__20250320T000000Z.json,15,3217848,FILAN,20
port_calls__20250319T000000Z__20250320T000000Z.json,16,3217852,FINLI,20
port_calls__20250319T000000Z__20250320T000000Z.json,17,3217883,FILAN,20
port_calls__20250319T000000Z__20250320T000000Z.json,18,3218119,FINLI,20
port_calls__20250319T000000Z__20250320T000000Z.json,19,3218152,FILAN,20
port_calls__20250319T000000Z__20250320T000000Z.json,20,3218180,FILAN,20
port_calls__20250319T000000Z__20250320T000000Z.json,21,3219279,FILAN,20
port_calls__20250319T000000Z__20250320T000000Z.json,22,3219285,FILAN,20
port_calls__20250319T000000Z__20250320T000000Z.json,23,3219297,FIMHQ,20
port_calls__20250319T000000Z__20250320T000000Z.json,24,3219301,FIMHQ,20
port_calls__20250319T000000Z__20250320T000000Z.json,25,3219312,FIMHQ,20
port_calls__20250319T000000Z__20250320T000000Z.json,26,3219319,FIMHQ,10
port_calls__20250319T000000Z__20250320T000000Z.json,27,3219329,FIMHQ,20
port_calls__20250319T000000Z__20250320T000000Z.json,28,3219605,FIHEL,20
port_calls__20250319T000000Z__20250320T000000Z.json,29,3220184,FIHEL,20
port_calls__20250319T000000Z__20250320T000000Z.json,30,3220208,FIHEL,20
port_calls__20250319T000000Z__20250320T000000Z.json,31,3221209,FILAN,40
port_calls__20250319T000000Z__20250320T000000Z.json,32,3221230,FINLI,40
port_calls__20250319T000000Z__20250320T000000Z.json,33,3222957,FIHEL,20
port_calls__20250319T000000Z__20250320T000000Z.json,34,3222970,FIHEL,20
port_calls__20250319T000000Z__20250320T000000Z.json,35,3222971,FIHEL,20
port_calls__20250319T000000Z__20250320T000000Z.json,36,3222973,FIHEL,20
port_calls__20250319T000000Z__20250320T000000Z.json,37,3222982,FIHEL,20
port_calls__20250319T000000Z__20250320T000000Z.json,38,3223000,FIHEL,20
port_calls__20250319T000000Z__20250320T000000Z.json,39,3223038,FIHEL,20
port_calls__20250319T000000Z__20250320T000000Z.json,40,3223061,FIMHQ,20
port_calls__20250319T000000Z__20250320T000000Z.json,41,3223063,FIHEL,20
port_calls__20250319T000000Z__20250320T000000Z.json,42,3223071,FIMHQ,20
port_calls__20250319T000000Z__20250320T000000Z.json,43,3223361,FIMHQ,20
port_calls__20250319T000000Z__20250320T000000Z.json,44,3223371,FIMHQ,20
port_calls__20250319T000000Z__20250320T000000Z.json,45,3223915,FIKTK,50
port_calls__20250319T000000Z__20250320T000000Z.json,46,3224380,FIHEL,50
port_calls__20250319T000000Z__20250320T000000Z.json,47,3224543,FITOR,50
port_calls__20250319T000000Z__20250320T000000Z.json,48,3224815,FIHKO,40
port_calls__20250319T000000Z__20250320T000000Z.json,49,3224820,FIKTK,40
port_calls__20250319T000000Z__20250320T000000Z.json,50,3225525,FIVAA,70
port_calls__20250319T000000Z__20250320T000000Z.json,51,3225570,FISKV,83
port_calls__20250319T000000Z__20250320T000000Z.json,52,3225666,FIKOK,83
port_calls__20250319T000000Z__20250320T000000Z.json,53,3225743,FIHKO,40
port_calls__20250319T000000Z__20250320T000000Z.json,54,3225744,FIHKO,40
port_calls__20250319T000000Z__20250320T000000Z.json,55,3225774,FIHEL,50
port_calls__20250319T000000Z__20250320T000000Z.json,56,3225776,FIKTK,50
port_calls__20250319T000000Z__20250320T000000Z.json,57,3225779,FITOR,70
port_calls__20250319T000000Z__20250320T000000Z.json,58,3225815,FIHEL,50
port_calls__20250319T000000Z__20250320T000000Z.json,59,3225827,FITKU,70
port_calls__20250319T000000Z__20250320T000000Z.json,60,3226027,FIINK,80
port_calls__20250319T000000Z__20250320T000000Z.json,61,3226032,FIUKI,70
port_calls__20250319T000000Z__20250320T000000Z.json,62,3226052,FIRAA,70
port_calls__20250319T000000Z__20250320T000000Z.json,63,3226057,FIKTK,40
port_calls__20250319T000000Z__20250320T000000Z.json,64,3226149,FIUKI,70
port_calls__20250319T000000Z__20250320T000000Z.json,65,3226622,FIKAS,70
port_calls__20250319T000000Z__20250320T000000Z.json,66,3226963,FIRAA,70
port_calls__20250319T000000Z__20250320T000000Z.json,67,3226973,FIRAA,70
port_calls__20250319T000000Z__20250320T000000Z.json,68,3226978,FIRAU,70
port_calls__20250319T000000Z__20250320T000000Z.json,69,3226997,FIPOR,70
port_calls__20250319T000000Z__20250320T000000Z.json,70,3227008,FIINK,70
port_calls__20250319T000000Z__20250320T000000Z.json,71,3227028,FIKTK,70
port_calls__20250319T000000Z__20250320T000000Z.json,72,3227051,FIHKO,44
port_calls__20250319T000000Z__20250320T000000Z.json,73,3227053,FIKOK,81
port_calls__20250319T000000Z__20250320T000000Z.json,74,3227309,FIINK,70
port_calls__20250319T000000Z__20250320T000000Z.json,75,3228067,FIANK,60
port_calls__20250319T000000Z__20250320T000000Z.json,76,3228075,FIKOK,70
port_calls__20250319T000000Z__20250320T000000Z.json,77,3228196,FITKU,70
port_calls__20250319T000000Z__20250320T000000Z.json,78,3228198,FINLI,70
port_calls__20250319T000000Z__20250320T000000Z.json,79,3228200,FIUKI,82
port_calls__20250319T000000Z__20250320T000000Z.json,80,3228271,FITKU,70
port_calls__20250319T000000Z__20250320T000000Z.json,81,3228369,FIRAU,70
port_calls__20250319T000000Z__20250320T000000Z.json,82,3228585,FIKTK,70
port_calls__20250319T000000Z__20250320T000000Z.json,83,3228638,FIPOR,70
port_calls__20250319T000000Z__20250320T000000Z.json,84,3228671,FIKOK,70
port_calls__20250319T000000Z__20250320T000000Z.json,85,3228731,FIEJO,91
port_calls__20250319T000000Z__20250320T000000Z.json,86,3228734,FIEJO,93
port_calls__20250319T000000Z__20250320T000000Z.json,87,3228737,FIRAA,94
port_calls__20250319T000000Z__20250320T000000Z.json,88,3228740,FIANK,81
port_calls__20250319T000000Z__20250320T000000Z.json,89,3228748,FIRAA,95
port_calls__20250319T000000Z__20250320T000000Z.json,90,3228753,FIVEI,10
port_calls__20250319T000000Z__20250320T000000Z.json,91,3228774,FIHEL,70
port_calls__20250319T000000Z__20250320T000000Z.json,92,3228779,FIANK,70
port_calls__20250319T000000Z__20250320T000000Z.json,93,3228802,FISKV,80
port_calls__20250319T000000Z__20250320T000000Z.json,94,3228815,FIVAA,20
port_calls__20250319T000000Z__20250320T000000Z.json,95,3228862,FIMHQ,70
port_calls__20250319T000000Z__20250320T000000Z.json,96,3228988,FIVEI,90
port_calls__20250319T000000Z__20250320T000000Z.json,97,3228989,FIVEI,90
port_calls__20250319T000000Z__20250320T000000Z.json,98,3229032,FIVEI,10
port_calls__20250319T000000Z__20250320T000000Z.json,99,3229050,FIANK,50
port_calls__20250319T000000Z__20250320T000000Z.json,100,3229125,FIVAA,20
port_calls__20250319T000000Z__20250320T000000Z.json,101,3229528,FIANK,60
port_calls__20250319T000000Z__20250320T000000Z.json,102,3229541,FIANK,70
port_calls__20250319T000000Z__20250320T000000Z.json,103,3229772,FIANK,50
port_calls__20250320T000000Z__20250321T000000Z.json,1,3190848,FITKU,20
port_calls__20250320T000000Z__20250321T000000Z.json,2,3190999,FITKU,20
port_calls__20250320T000000Z__20250321T000000Z.json,3,3193769,FIECK,20
port_calls__20250320T000000Z__20250321T000000Z.json,4,3193800,FIECK,20
port_calls__20250320T000000Z__20250321T000000Z.json,5,3193835,FIECK,20
port_calls__20250320T000000Z__20250321T000000Z.json,6,3193990,FILAN,20
port_calls__20250320T000000Z__20250321T000000Z.json,7,3194006,FITKU,20
port_calls__20250320T000000Z__20250321T000000Z.json,8,3194038,FIMHQ,20
port_calls__20250320T000000Z__20250321T000000Z.json,9,3196052,FIHEL,20
port_calls__20250320T000000Z__20250321T000000Z.json,10,3214253,FIHEL,40
port_calls__20250320T000000Z__20250321T000000Z.json,11,3214283,FIHEL,40
port_calls__20250320T000000Z__20250321T000000Z.json,12,3214299,FIHEL,40
port_calls__20250320T000000Z__20250321T000000Z.json,13,3214324,FIHEL,20
port_calls__20250320T000000Z__20250321T000000Z.json,14,3214357,FIHEL,20
port_calls__20250320T000000Z__20250321T000000Z.json,15,3214383,FIHEL,20
port_calls__20250320T000000Z__20250321T000000Z.json,16,3217859,FINLI,20
port_calls__20250320T000000Z__20250321T000000Z.json,17,3217874,FILAN,20
port_calls__20250320T000000Z__20250321T000000Z.json,18,3217921,FILAN,20
port_calls__20250320T000000Z__20250321T000000Z.json,19,3218130,FILAN,20
port_calls__20250320T000000Z__20250321T000000Z.json,20,3218135,FINLI,20
port_calls__20250320T000000Z__20250321T000000Z.json,21,3218136,FILAN,20
port_calls__20250320T000000Z__20250321T000000Z.json,22,3219280,FILAN,20
port_calls__20250320T000000Z__20250321T000000Z.json,23,3219286,FILAN,20
port_calls__20250320T000000Z__20250321T000000Z.json,24,3219292,FIMHQ,20
port_calls__20250320T000000Z__20250321T000000Z.json,25,3219302,FIMHQ,20
port_calls__20250320T000000Z__20250321T000000Z.json,26,3219313,FIMHQ,20
port_calls__20250320T000000Z__20250321T000000Z.json,27,3219320,FIMHQ,10
port_calls__20250320T000000Z__20250321T000000Z.json,28,3219326,FIMHQ,20
port_calls__20250320T000000Z__20250321T000000Z.json,29,3219519,FIHEL,20
port_calls__20250320T000000Z__20250321T000000Z.json,30,3220185,FIHEL,20
port_calls__20250320T000000Z__20250321T000000Z.json,31,3220209,FIHEL,20
port_calls__20250320T000000Z__20250321T000000Z.json,32,3221210,FILAN,40
port_calls__20250320T000000Z__20250321T000000Z.json,33,3221231,FINLI,40
port_calls__20250320T000000Z__20250321T000000Z.json,34,3222277,FIHKO,40
port_calls__20250320T000000Z__20250321T000000Z.json,35,3222953,FIHEL,20
port_calls__20250320T000000Z__20250321T000000Z.json,36,3222960,FIHEL,20
port_calls__20250320T000000Z__20250321T000000Z.json,37,3222968,FIMHQ,20
port_calls__20250320T000000Z__20250321T000000Z.json,38,3222969,FIHEL,20
port_calls__20250320T000000Z__20250321T000000Z.json,39,3222977,FIMHQ,20
port_calls__20250320T000000Z__20250321T000000Z.json,40,3222979,FIHEL,20
port_calls__20250320T000000Z__20250321T000000Z.json,41,3222987,FIHEL,20
port_calls__20250320T000000Z__20250321T000000Z.json,42,3222988,FIHEL,20
port_calls__20250320T000000Z__20250321T000000Z.json,43,3223062,FIHEL,20
port_calls__20250320T000000Z__20250321T000000Z.json,44,3223066,FIHEL,20
port_calls__20250320T000000Z__20250321T000000Z.json,45,3225386,FIKTK,50
port_calls__20250320T000000Z__20250321T000000Z.json,46,3225583,FITOR,60
port_calls__20250320T000000Z__20250321T000000Z.json,47,3225736,FIHKO,40
port_calls__20250320T000000Z__20250321T000000Z.json,48,3225775,FIKTK,50
port_calls__20250320T000000Z__20250321T000000Z.json,49,3225777,FIHEL,50
port_calls__20250320T000000Z__20250321T000000Z.json,50,3225816,FIHEL,50
port_calls__20250320T000000Z__20250321T000000Z.json,51,3225818,FIRAU,50
port_calls__20250320T000000Z__20250321T000000Z.json,52,3225844,FIKJO,70
port_calls__20250320T000000Z__20250321T000000Z.json,53,3225845,FIEJO,70
port_calls__20250320T000000Z__20250321T000000Z.json,54,3226586,FIPOR,80
port_calls__20250320T000000Z__20250321T000000Z.json,55,3226757,FIKTK,50
port_calls__20250320T000000Z__20250321T000000Z.json,56,3226962,FIHKO,40
port_calls__20250320T000000Z__20250321T000000Z.json,57,3227036,FIKTK,80
port_calls__20250320T000000Z__20250321T000000Z.json,58,3227047,FISKV,82
port_calls__20250320T000000Z__20250321T000000Z.json,59,3227065,FITOR,70
port_calls__20250320T000000Z__20250321T000000Z.json,60,3227073,FIDLS,70
port_calls__20250320T000000Z__20250321T000000Z.json,61,3227074,FIKEM,81
port_calls__20250320T000000Z__20250321T000000Z.json,62,3227287,FIPOH,70
port_calls__20250320T000000Z__20250321T000000Z.json,63,3227331,FIPOR,60
port_calls__20250320T000000Z__20250321T000000Z.json,64,3228154,FIPRS,70
port_calls__20250320T000000Z__20250321T000000Z.json,65,3228223,FIPAR,70
port_calls__20250320T000000Z__20250321T000000Z.json,66,3228272,FIRAA,70
port_calls__20250320T000000Z__20250321T000000Z.json,67,3228338,FIRAU,50
port_calls__20250320T000000Z__20250321T000000Z.json,68,3228401,FIKOK,70
port_calls__20250320T000000Z__20250321T000000Z.json,69,3228413,FISKV,81
port_calls__20250320T000000Z__20250321T000000Z.json,70,3228620,FIKTK,70
port_calls__20250320T000000Z__20250321T000000Z.json,71,3228636,FIRAU,70
port_calls__20250320T000000Z__20250321T000000Z.json,72,3228668,FIKTK,70
port_calls__20250320T000000Z__20250321T000000Z.json,73,3228754,FIHEL,70
port_calls__20250320T000000Z__20250321T000000Z.json,74,3228803,FIKTK,70
port_calls__20250320T000000Z__20250321T000000Z.json,75,3228805,FIRAU,70
port_calls__20250320T000000Z__20250321T000000Z.json,76,3228839,FIINK,70
port_calls__20250320T000000Z__20250321T000000Z.json,77,3228956,FIKRS,60
port_calls__20250320T000000Z__20250321T000000Z.json,78,3228986,FIUKI,70
port_calls__20250320T000000Z__20250321T000000Z.json,79,3229077,FIANK,81
port_calls__20250320T000000Z__20250321T000000Z.json,80,3229078,FIVEI,10
port_calls__20250320T000000Z__20250321T000000Z.json,81,3229102,FIRAA,70
port_calls__20250320T000000Z__20250321T000000Z.json,82,3229434,FIVEI,90
port_calls__20250320T000000Z__20250321T000000Z.json,83,3229435,FIVEI,90
port_calls__20250320T000000Z__20250321T000000Z.json,84,3229517,FIVAA,20
port_calls__20250320T000000Z__20250321T000000Z.json,85,3229549,FIANK,70
port_calls__20250320T000000Z__20250321T000000Z.json,86,3229557,FINLI,70
port_calls__20250320T000000Z__20250321T000000Z.json,87,3229560,FIOUL,91
port_calls__20250321T000000Z__20250322T000000Z.json,1,3181803,FIHKO,40
port_calls__20250321T000000Z__20250322T000000Z.json,2,3190849,FITKU,20
port_calls__20250321T000000Z__20250322T000000Z.json,3,3191000,FITKU,20
port_calls__20250321T000000Z__20250322T000000Z.json,4,3193770,FIECK,20
port_calls__20250321T000000Z__20250322T000000Z.json,5,3193801,FIECK,20
port_calls__20250321T000000Z__20250322T000000Z.json,6,3193836,FIECK,20
port_calls__20250321T000000Z__20250322T000000Z.json,7,3194062,FILAN,20
port_calls__20250321T000000Z__20250322T000000Z.json,8,3194086,FIMHQ,20
port_calls__20250321T000000Z__20250322T000000Z.json,9,3194091,FITKU,20
port_calls__20250321T000000Z__20250322T000000Z.json,10,3210337,FIHEL,20
port_calls__20250321T000000Z__20250322T000000Z.json,11,3214064,FIHEL,40
port_calls__20250321T000000Z__20250322T000000Z.json,12,3214254,FIHEL,40
port_calls__20250321T000000Z__20250322T000000Z.json,13,3214284,FIHEL,40
port_calls__20250321T000000Z__20250322T000000Z.json,14,3214300,FIHEL,40
port_calls__20250321T000000Z__20250322T000000Z.json,15,3214325,FIHEL,20
port_calls__20250321T000000Z__20250322T000000Z.json,16,3214358,FIHEL,20
port_calls__20250321T000000Z__20250322T000000Z.json,17,3214384,FIHEL,20
port_calls__20250321T000000Z__20250322T000000Z.json,18,3217934,FILAN,20
port_calls__20250321T000000Z__20250322T000000Z.json,19,3217937,FINLI,20
port_calls__20250321T000000Z__20250322T000000Z.json,20,3217947,FILAN,20
port_calls__20250321T000000Z__20250322T000000Z.json,21,3218125,FILAN,20
port_calls__20250321T000000Z__20250322T000000Z.json,22,3218147,FILAN,20
port_calls__20250321T000000Z__20250322T000000Z.json,23,3218178,FINLI,20
port_calls__20250321T000000Z__20250322T000000Z.json,24,3219281,FILAN,20
port_calls__20250321T000000Z__20250322T000000Z.json,25,3219287,FILAN,20
port_calls__20250321T000000Z__20250322T000000Z.json,26,3219298,FIMHQ,20
port_calls__20250321T000000Z__20250322T000000Z.json,27,3219303,FIMHQ,20
port_calls__20250321T000000Z__20250322T000000Z.json,28,3219314,FIMHQ,20
port_calls__20250321T000000Z__20250322T000000Z.json,29,3219321,FIMHQ,10
port_calls__20250321T000000Z__20250322T000000Z.json,30,3219330,FIMHQ,20
port_calls__20250321T000000Z__20250322T000000Z.json,31,3219602,FIHEL,20
port_calls__20250321T000000Z__20250322T000000Z.json,32,3220220,FIHEL,20
port_calls__20250321T000000Z__20250322T000000Z.json,33,3220224,FIHEL,20
port_calls__20250321T000000Z__20250322T000000Z.json,34,3220228,FIHEL,20
port_calls__20250321T000000Z__20250322T000000Z.json,35,3221211,FILAN,40
port_calls__20250321T000000Z__20250322T000000Z.json,36,3221232,FINLI,40
port_calls__20250321T000000Z__20250322T000000Z.json,37,3222278,FIHKO,40
port_calls__20250321T000000Z__20250322T000000Z.json,38,3222952,FIHEL,20
port_calls__20250321T000000Z__20250322T000000Z.json,39,3222955,FIHEL,20
port_calls__20250321T000000Z__20250322T000000Z.json,40,3222958,FIHEL,20
port_calls__20250321T000000Z__20250322T000000Z.json,41,3222972,FIHEL,20
port_calls__20250321T000000Z__20250322T000000Z.json,42,3222993,FIHEL,20
port_calls__20250321T000000Z__20250322T000000Z.json,43,3223023,FIHEL,20
port_calls__20250321T000000Z__20250322T000000Z.json,44,3223034,FIHEL,20
port_calls__20250321T000000Z__20250322T000000Z.json,45,3223060,FIHEL,20
port_calls__20250321T000000Z__20250322T000000Z.json,46,3223064,FIMHQ,20
port_calls__20250321T000000Z__20250322T000000Z.json,47,3223082,FIMHQ,20
port_calls__20250321T000000Z__20250322T000000Z.json,48,3223367,FIMHQ,20
port_calls__20250321T000000Z__20250322T000000Z.json,49,3223375,FIMHQ,20
port_calls__20250321T000000Z__20250322T000000Z.json,50,3224325,FIKTK,70
port_calls__20250321T000000Z__20250322T000000Z.json,51,3224452,FIKEM,70
port_calls__20250321T000000Z__20250322T000000Z.json,52,3225826,FITKU,40
port_calls__20250321T000000Z__20250322T000000Z.json,53,3225856,FIPOR,80
port_calls__20250321T000000Z__20250322T000000Z.json,54,3225950,FIOUL,83
port_calls__20250321T000000Z__20250322T000000Z.json,55,3226048,FIHKO,40
port_calls__20250321T000000Z__20250322T000000Z.json,56,3226363,FISKV,80
port_calls__20250321T000000Z__20250322T000000Z.json,57,3226980,FISKV,81
port_calls__20250321T000000Z__20250322T000000Z.json,58,3227044,FIKOK,70
port_calls__20250321T000000Z__20250322T000000Z.json,59,3227187,FIKTK,60
port_calls__20250321T000000Z__20250322T000000Z.json,60,3227973,FIRAA,70
port_calls__20250321T000000Z__20250322T000000Z.json,61,3228004,FIOUL,40
port_calls__20250321T000000Z__20250322T000000Z.json,62,3228197,FIKAS,60
port_calls__20250321T000000Z__20250322T000000Z.json,63,3228205,FIKEM,40
port_calls__20250321T000000Z__20250322T000000Z.json,64,3228245,FIKTK,70
port_calls__20250321T000000Z__20250322T000000Z.json,65,3228333,FIHEL,70
port_calls__20250321T000000Z__20250322T000000Z.json,66,3228363,FIKOK,70
port_calls__20250321T000000Z__20250322T000000Z.json,67,3228380,FIKOK,82
port_calls__20250321T000000Z__20250322T000000Z.json,68,3228400,FIKTK,80
port_calls__20250321T000000Z__20250322T000000Z.json,69,3228411,FIHEL,50
port_calls__20250321T000000Z__20250322T000000Z.json,70,3228414,FISKV,80
port_calls__20250321T000000Z__20250322T000000Z.json,71,3228634,FIKOK,70
port_calls__20250321T000000Z__20250322T000000Z.json,72,3228637,FIRAU,40
port_calls__20250321T000000Z__20250322T000000Z.json,73,3228645,FIKTK,70
port_calls__20250321T000000Z__20250322T000000Z.json,74,3228664,FIRAU,70
port_calls__20250321T000000Z__20250322T000000Z.json,75,3228721,FIKTK,70
port_calls__20250321T000000Z__20250322T000000Z.json,76,3228728,FISKV,82
port_calls__20250321T000000Z__20250322T000000Z.json,77,3228730,FIPOR,60
port_calls__20250321T000000Z__20250322T000000Z.json,78,3228732,FIKTK,99
port_calls__20250321T000000Z__20250322T000000Z.json,79,3228750,FISKV,81
port_calls__20250321T000000Z__20250322T000000Z.json,80,3228840,FIINK,70
port_calls__20250321T000000Z__20250322T000000Z.json,81,3228958,FIPAR,70
port_calls__20250321T000000Z__20250322T000000Z.json,82,3228990,FIPRS,70
port_calls__20250321T000000Z__20250322T000000Z.json,83,3229000,FIHEL,70
port_calls__20250321T000000Z__20250322T000000Z.json,84,3229023,FIKTK,70
port_calls__20250321T000000Z__20250322T000000Z.json,85,3229518,FIVAA,20
port_calls__20250321T000000Z__20250322T000000Z.json,86,3229519,FIVAA,20
port_calls__20250321T000000Z__20250322T000000Z.json,87,3229535,FIRAA,94
port_calls__20250321T000000Z__20250322T000000Z.json,88,3229536,FIRAA,95
port_calls__20250321T000000Z__20250322T000000Z.json,89,3229547,FIPRS,70
port_calls__20250321T000000Z__20250322T000000Z.json,90,3229551,FIVEI,10
port_calls__20250321T000000Z__20250322T000000Z.json,91,3230142,FIVEI,90
port_calls__20250321T000000Z__20250322T000000Z.json,92,3230206,FIANK,50
port_calls__20250321T000000Z__20250322T000000Z.json,93,3230336,FIANK,70
port_calls__20250321T000000Z__20250322T000000Z.json,94,3230897,FIANK,60
port_calls__20250321T000000Z__20250322T000000Z.json,95,3345825,FIRAU,91
port_calls__20250322T000000Z__20250323T000000Z.json,1,3190850,FITKU,20
port_calls__20250322T000000Z__20250323T000000Z.json,2,3191001,FITKU,20
port_calls__20250322T000000Z__20250323T000000Z.json,3,3193771,FIECK,20
port_calls__20250322T000000Z__20250323T000000Z.json,4,3193802,FIECK,20
port_calls__20250322T000000Z__20250323T000000Z.json,5,3193837,FIECK,20
port_calls__20250322T000000Z__20250323T000000Z.json,6,3194054,FILAN,20
port_calls__20250322T000000Z__20250323T000000Z.json,7,3194115,FILAN,20
port_calls__20250322T000000Z__20250323T000000Z.json,8,3194141,FITKU,20
port_calls__20250322T000000Z__20250323T000000Z.json,9,3196053,FIHEL,20
port_calls__20250322T000000Z__20250323T000000Z.json,10,3214124,FIHKO,40
port_calls__20250322T000000Z__20250323T000000Z.json,11,3214326,FIHEL,20
port_calls__20250322T000000Z__20250323T000000Z.json,12,3214339,FIHEL,20
port_calls__20250322T000000Z__20250323T000000Z.json,13,3214359,FIHEL,20
port_calls__20250322T000000Z__20250323T000000Z.json,14,3217860,FINLI,20
port_calls__20250322T000000Z__20250323T000000Z.json,15,3217864,FILAN,20
port_calls__20250322T000000Z__20250323T000000Z.json,16,3217891,FILAN,20
port_calls__20250322T000000Z__20250323T000000Z.json,17,3218160,FINLI,20
port_calls__20250322T000000Z__20250323T000000Z.json,18,3218186,FILAN,20
port_calls__20250322T000000Z__20250323T000000Z.json,19,3219282,FILAN,20
port_calls__20250322T000000Z__20250323T000000Z.json,20,3219288,FILAN,20
port_calls__20250322T000000Z__20250323T000000Z.json,21,3219293,FIMHQ,20
port_calls__20250322T000000Z__20250323T000000Z.json,22,3219304,FIMHQ,20
port_calls__20250322T000000Z__20250323T000000Z.json,23,3219315,FIMHQ,20
port_calls__20250322T000000Z__20250323T000000Z.json,24,3219322,FIMHQ,10
port_calls__20250322T000000Z__20250323T000000Z.json,25,3219327,FIMHQ,20
port_calls__20250322T000000Z__20250323T000000Z.json,26,3219626,FIHEL,20
port_calls__20250322T000000Z__20250323T000000Z.json,27,3220186,FIHEL,20
port_calls__20250322T000000Z__20250323T000000Z.json,28,3220210,FIHEL,20
port_calls__20250322T000000Z__20250323T000000Z.json,29,3221212,FILAN,40
port_calls__20250322T000000Z__20250323T000000Z.json,30,3222961,FIHEL,20
port_calls__20250322T000000Z__20250323T000000Z.json,31,3222967,FIHEL,20
port_calls__20250322T000000Z__20250323T000000Z.json,32,3222976,FIMHQ,20
port_calls__20250322T000000Z__20250323T000000Z.json,33,3222983,FIMHQ,20
port_calls__20250322T000000Z__20250323T000000Z.json,34,3222986,FIHEL,20
port_calls__20250322T000000Z__20250323T000000Z.json,35,3222992,FIHEL,20
port_calls__20250322T000000Z__20250323T000000Z.json,36,3223020,FIHEL,20
port_calls__20250322T000000Z__20250323T000000Z.json,37,3223065,FIHEL,20
port_calls__20250322T000000Z__20250323T000000Z.json,38,3223085,FIHEL,20
port_calls__20250322T000000Z__20250323T000000Z.json,39,3225584,FITOK,70
port_calls__20250322T000000Z__20250323T000000Z.json,40,3226060,FIKTK,70
port_calls__20250322T000000Z__20250323T000000Z.json,41,3226061,FIKTK,70
port_calls__20250322T000000Z__20250323T000000Z.json,42,3226961,FIHKO,40
port_calls__20250322T000000Z__20250323T000000Z.json,43,3227006,FISKV,81
port_calls__20250322T000000Z__20250323T000000Z.json,44,3227046,FIKOK,70
port_calls__20250322T000000Z__20250323T000000Z.json,45,3227049,FIVAA,70
port_calls__20250322T000000Z__20250323T000000Z.json,46,3228062,FIHKO,40
port_calls__20250322T000000Z__20250323T000000Z.json,47,3228232,FIVEI,70
port_calls__20250322T000000Z__20250323T000000Z.json,48,3228669,FIKTK,60
port_calls__20250322T000000Z__20250323T000000Z.json,49,3228733,FIHEL,50
port_calls__20250322T000000Z__20250323T000000Z.json,50,3228982,FISKV,83
port_calls__20250322T000000Z__20250323T000000Z.json,51,3228984,FIKTK,60
port_calls__20250322T000000Z__20250323T000000Z.json,52,3229062,FINLI,70
port_calls__20250322T000000Z__20250323T000000Z.json,53,3229099,FIUKI,83
port_calls__20250322T000000Z__20250323T000000Z.json,54,3229121,FIKOK,70
port_calls__20250322T000000Z__20250323T000000Z.json,55,3229127,FIINK,70
port_calls__20250322T000000Z__20250323T000000Z.json,56,3229552,FIKTK,70
port_calls__20250322T000000Z__20250323T000000Z.json,57,3229840,FIVAA,20
port_calls__20250322T000000Z__20250323T000000Z.json,58,3229857,FITOK,70
port_calls__20250322T000000Z__20250323T000000Z.json,59,3229868,FIKTK,70
port_calls__20250322T000000Z__20250323T000000Z.json,60,3229939,FIPRS,70
port_calls__20250322T000000Z__20250323T000000Z.json,61,3229996,FIANK,81
port_calls__20250322T000000Z__20250323T000000Z.json,62,3230085,FIUKI,70
port_calls__20250322T000000Z__20250323T000000Z.json,63,3230127,FIOUL,91
port_calls__20250322T000000Z__20250323T000000Z.json,64,3230143,FIVEI,90
port_calls__20250322T000000Z__20250323T000000Z.json,65,3230145,FIVEI,90
port_calls__20250322T000000Z__20250323T000000Z.json,66,3230876,FIANK,81
port_calls__20250322T000000Z__20250323T000000Z.json,67,3230877,FISKV,81
port_calls__20250322T000000Z__20250323T000000Z.json,68,3231507,FIANK,82
port_calls__20250323T000000Z__20250324T000000Z.json,1,3181790,FIHKO,40
port_calls__20250323T000000Z__20250324T000000Z.json,2,3190851,FITKU,20
port_calls__20250323T000000Z__20250324T000000Z.json,3,3191002,FITKU,20
port_calls__20250323T000000Z__20250324T000000Z.json,4,3193772,FIECK,20
port_calls__20250323T000000Z__20250324T000000Z.json,5,3193803,FIECK,20
port_calls__20250323T000000Z__20250324T000000Z.json,6,3193838,FIECK,20
port_calls__20250323T000000Z__20250324T000000Z.json,7,3194033,FILAN,20
port_calls__20250323T000000Z__20250324T000000Z.json,8,3194050,FITKU,20
port_calls__20250323T000000Z__20250324T000000Z.json,9,3194057,FILAN,20
port_calls__20250323T000000Z__20250324T000000Z.json,10,3210338,FIHEL,20
port_calls__20250323T000000Z__20250324T000000Z.json,11,3214255,FIHEL,40
port_calls__20250323T000000Z__20250324T000000Z.json,12,3214327,FIHEL,20
port_calls__20250323T000000Z__20250324T000000Z.json,13,3214385,FIHEL,20
port_calls__20250323T000000Z__20250324T000000Z.json,14,3217851,FILAN,20
port_calls__20250323T000000Z__20250324T000000Z.json,15,3217862,FILAN,20
port_calls__20250323T000000Z__20250324T000000Z.json,16,3217890,FINLI,20
port_calls__20250323T000000Z__20250324T000000Z.json,17,3219283,FILAN,20
port_calls__20250323T000000Z__20250324T000000Z.json,18,3219289,FILAN,20
port_calls__20250323T000000Z__20250324T000000Z.json,19,3219299,FIMHQ,20
port_calls__20250323T000000Z__20250324T000000Z.json,20,3219305,FIMHQ,20
port_calls__20250323T000000Z__20250324T000000Z.json,21,3219316,FIMHQ,20
port_calls__20250323T000000Z__20250324T000000Z.json,22,3219323,FIMHQ,10
port_calls__20250323T000000Z__20250324T000000Z.json,23,3219331,FIMHQ,20
port_calls__20250323T000000Z__20250324T000000Z.json,24,3219523,FIHEL,20
port_calls__20250323T000000Z__20250324T000000Z.json,25,3220187,FIHEL,20
port_calls__20250323T000000Z__20250324T000000Z.json,26,3220233,FIHEL,20
port_calls__20250323T000000Z__20250324T000000Z.json,27,3220238,FIHEL,20
port_calls__20250323T000000Z__20250324T000000Z.json,28,3222962,FIHEL,20
port_calls__20250323T000000Z__20250324T000000Z.json,29,3222964,FIHEL,20
port_calls__20250323T000000Z__20250324T000000Z.json,30,3222998,FIHEL,20
port_calls__20250323T000000Z__20250324T000000Z.json,31,3223012,FIHEL,20
port_calls__20250323T000000Z__20250324T000000Z.json,32,3223022,FIHEL,20
port_calls__20250323T000000Z__20250324T000000Z.json,33,3223025,FIHEL,20
port_calls__20250323T000000Z__20250324T000000Z.json,34,3223044,FIHEL,20
port_calls__20250323T000000Z__20250324T000000Z.json,35,3223073,FIHEL,20
port_calls__20250323T000000Z__20250324T000000Z.json,36,3223078,FIMHQ,20
port_calls__20250323T000000Z__20250324T000000Z.json,37,3223079,FIMHQ,20
port_calls__20250323T000000Z__20250324T000000Z.json,38,3223103,FIMHQ,20
port_calls__20250323T000000Z__20250324T000000Z.json,39,3223382,FIMHQ,20
port_calls__20250323T000000Z__20250324T000000Z.json,40,3223413,FIMHQ,20
port_calls__20250323T000000Z__20250324T000000Z.json,41,3223944,FITKU,91
port_calls__20250323T000000Z__20250324T000000Z.json,42,3223955,FITKU,93
port_calls__20250323T000000Z__20250324T000000Z.json,43,3225800,FIHEL,50
port_calls__20250323T000000Z__20250324T000000Z.json,44,3225804,FIKTK,50
port_calls__20250323T000000Z__20250324T000000Z.json,45,3226046,FIHKO,40
port_calls__20250323T000000Z__20250324T000000Z.json,46,3226047,FIKTK,40
port_calls__20250323T000000Z__20250324T000000Z.json,47,3227206,FIKTK,70
port_calls__20250323T000000Z__20250324T000000Z.json,48,3227401,FIKOK,83
port_calls__20250323T000000Z__20250324T000000Z.json,49,3228066,FIHKO,40
port_calls__20250323T000000Z__20250324T000000Z.json,50,3228201,FIHKO,40
port_calls__20250323T000000Z__20250324T000000Z.json,51,3228299,FIKTK,70
port_calls__20250323T000000Z__20250324T000000Z.json,52,3228584,FITKU,70
port_calls__20250323T000000Z__20250324T000000Z.json,53,3228665,FIKTK,70
port_calls__20250323T000000Z__20250324T000000Z.json,54,3228780,FIKTK,50
port_calls__20250323T000000Z__20250324T000000Z.json,55,3228967,FIHEL,50
port_calls__20250323T000000Z__20250324T000000Z.json,56,3228976,FIKTK,70
port_calls__20250323T000000Z__20250324T000000Z.json,57,3228981,FIKNT,70
port_calls__20250323T000000Z__20250324T000000Z.json,58,3228999,FIKTK,70
port_calls__20250323T000000Z__20250324T000000Z.json,59,3229052,FIPOR,70
port_calls__20250323T000000Z__20250324T000000Z.json,60,3229063,FIUKI,70
port_calls__20250323T000000Z__20250324T000000Z.json,61,3229101,FIHEL,70
port_calls__20250323T000000Z__20250324T000000Z.json,62,3229112,FIKOK,70
port_calls__20250323T000000Z__20250324T000000Z.json,63,3229126,FITOR,60
port_calls__20250323T000000Z__20250324T000000Z.json,64,3229135,FIINK,70
port_calls__20250323T000000Z__20250324T000000Z.json,65,3229550,FIKEM,60
port_calls__20250323T000000Z__20250324T000000Z.json,66,3229555,FIKTK,60
port_calls__20250323T000000Z__20250324T000000Z.json,67,3229559,FISKV,82
port_calls__20250323T000000Z__20250324T000000Z.json,68,3229841,FIVAA,20
port_calls__20250323T000000Z__20250324T000000Z.json,69,3229990,FIKTK,70
port_calls__20250323T000000Z__20250324T000000Z.json,70,3229991,FIRAU,91
port_calls__20250323T000000Z__20250324T000000Z.json,71,3229992,FIRAU,91
port_calls__20250323T000000Z__20250324T000000Z.json,72,3230652,FIRAU,70
port_calls__20250323T000000Z__20250324T000000Z.json,73,3230795,FIRAA,70
port_calls__20250323T000000Z__20250324T000000Z.json,74,3230861,FIKEM,90
port_calls__20250323T000000Z__20250324T000000Z.json,75,3231534,FIANK,81
port_calls__20250323T000000Z__20250324T000000Z.json,76,3231785,FIRAU,50
port_calls__20250324T000000Z__20250325T000000Z.json,1,3178465,FIHEL,40
port_calls__20250324T000000Z__20250325T000000Z.json,2,3190852,FITKU,20
port_calls__20250324T000000Z__20250325T000000Z.json,3,3191003,FITKU,20
port_calls__20250324T000000Z__20250325T000000Z.json,4,3193773,FIECK,20
port_calls__20250324T000000Z__20250325T000000Z.json,5,3193804,FIECK,20
port_calls__20250324T000000Z__20250325T000000Z.json,6,3193839,FIECK,20
port_calls__20250324T000000Z__20250325T000000Z.json,7,3194036,FIMHQ,20
port_calls__20250324T000000Z__20250325T000000Z.json,8,3194039,FILAN,20
port_calls__20250324T000000Z__20250325T000000Z.json,9,3194227,FITKU,20
port_calls__20250324T000000Z__20250325T000000Z.json,10,3196054,FIHEL,20
port_calls__20250324T000000Z__20250325T000000Z.json,11,3214009,FIHEL,40
port_calls__20250324T000000Z__20250325T000000Z.json,12,3214256,FIHEL,40
port_calls__20250324T000000Z__20250325T000000Z.json,13,3214266,FIHEL,40
port_calls__20250324T000000Z__20250325T000000Z.json,14,3214271,FIHEL,40
port_calls__20250324T000000Z__20250325T000000Z.json,15,3214328,FIHEL,20
port_calls__20250324T000000Z__20250325T000000Z.json,16,3214360,FIHEL,20
port_calls__20250324T000000Z__20250325T000000Z.json,17,3214386,FIHEL,20
port_calls__20250324T000000Z__20250325T000000Z.json,18,3217856,FILAN,20
port_calls__20250324T000000Z__20250325T000000Z.json,19,3219290,FILAN,20
port_calls__20250324T000000Z__20250325T000000Z.json,20,3219294,FIMHQ,20
port_calls__20250324T000000Z__20250325T000000Z.json,21,3219306,FIMHQ,20
port_calls__20250324T000000Z__20250325T000000Z.json,22,3219317,FIMHQ,20
port_calls__20250324T000000Z__20250325T000000Z.json,23,3219324,FIMHQ,10
port_calls__20250324T000000Z__20250325T000000Z.json,24,3219328,FIMHQ,20
port_calls__20250324T000000Z__20250325T000000Z.json,25,3220188,FIHEL,20
port_calls__20250324T000000Z__20250325T000000Z.json,26,3220211,FIHEL,20
port_calls__20250324T000000Z__20250325T000000Z.json,27,3221233,FINLI,40
port_calls__20250324T000000Z__20250325T000000Z.json,28,3223089,FIHEL,20
port_calls__20250324T000000Z__20250325T000000Z.json,29,3224010,FIHEL,20
port_calls__20250324T000000Z__20250325T000000Z.json,30,3224557,FIHKO,40
port_calls__20250324T000000Z__20250325T000000Z.json,31,3224711,FILAN,20
port_calls__20250324T000000Z__20250325T000000Z.json,32,3224871,FIHEL,20
port_calls__20250324T000000Z__20250325T000000Z.json,33,3224898,FIHEL,20
port_calls__20250324T000000Z__20250325T000000Z.json,34,3224907,FIMHQ,20
port_calls__20250324T000000Z__20250325T000000Z.json,35,3224921,FIHEL,20
port_calls__20250324T000000Z__20250325T000000Z.json,36,3224954,FIHEL,20
port_calls__20250324T000000Z__20250325T000000Z.json,37,3224987,FIHEL,20
port_calls__20250324T000000Z__20250325T000000Z.json,38,3225008,FIHEL,20
port_calls__20250324T000000Z__20250325T000000Z.json,39,3225047,FIHEL,20
port_calls__20250324T000000Z__20250325T000000Z.json,40,3227014,FIHEL,50
port_calls__20250324T000000Z__20250325T000000Z.json,41,3227052,FIHEL,50
port_calls__20250324T000000Z__20250325T000000Z.json,42,3228058,FIKTK,40
port_calls__20250324T000000Z__20250325T000000Z.json,43,3228059,FIHKO,40
port_calls__20250324T000000Z__20250325T000000Z.json,44,3228352,FIPOR,70
port_calls__20250324T000000Z__20250325T000000Z.json,45,3228412,FIKTK,50
port_calls__20250324T000000Z__20250325T000000Z.json,46,3228773,FIUKI,70
port_calls__20250324T000000Z__20250325T000000Z.json,47,3228863,FIOUL,60
port_calls__20250324T000000Z__20250325T000000Z.json,48,3229330,FIKOK,70
port_calls__20250324T000000Z__20250325T000000Z.json,49,3229331,FIKAS,70
port_calls__20250324T000000Z__20250325T000000Z.json,50,3229527,FIKEM,70
port_calls__20250324T000000Z__20250325T000000Z.json,51,3229540,FIKOK,40
port_calls__20250324T000000Z__20250325T000000Z.json,52,3229544,FIRAU,70
port_calls__20250324T000000Z__20250325T000000Z.json,53,3229815,FIRAA,60
port_calls__20250324T000000Z__20250325T000000Z.json,54,3229842,FIVAA,20
port_calls__20250324T000000Z__20250325T000000Z.json,55,3229950,FIPOR,70
port_calls__20250324T000000Z__20250325T000000Z.json,56,3229999,FISKV,81
port_calls__20250324T000000Z__20250325T000000Z.json,57,3230086,FISKV,83
port_calls__20250324T000000Z__20250325T000000Z.json,58,3230823,FIOUL,80
port_calls__20250324T000000Z__20250325T000000Z.json,59,3231107,FIRAA,95
port_calls__20250324T000000Z__20250325T000000Z.json,60,3231108,FIRAA,94
port_calls__20250324T000000Z__20250325T000000Z.json,61,3231435,FIANK,70
port_calls__20250324T000000Z__20250325T000000Z.json,62,3231612,FISKV,82
port_calls__20250324T000000Z__20250325T000000Z.json,63,3231633,FIMHQ,20
port_calls__20250324T000000Z__20250325T000000Z.json,64,3231646,FIVEI,10
port_calls__20250324T000000Z__20250325T000000Z.json,65,3231647,FIVEI,10
port_calls__20250324T000000Z__20250325T000000Z.json,66,3231656,FIMHQ,91
port_calls__20250324T000000Z__20250325T000000Z.json,67,3231684,FIANK,50
port_calls__20250324T000000Z__20250325T000000Z.json,68,3231740,FIANK,70
port_calls__20250324T000000Z__20250325T000000Z.json,69,3231742,FIUKI,70
port_calls__20250324T000000Z__20250325T000000Z.json,70,3231755,FIVEI,90
port_calls__20250324T000000Z__20250325T000000Z.json,71,3231771,FIHOU,93
port_calls__20250324T000000Z__20250325T000000Z.json,72,3231772,FIHOU,91
port_calls__20250325T000000Z__20250326T000000Z.json,1,3181783,FIHKO,40
port_calls__20250325T000000Z__20250326T000000Z.json,2,3190853,FITKU,20
port_calls__20250325T000000Z__20250326T000000Z.json,3,3191004,FITKU,20
port_calls__20250325T000000Z__20250326T000000Z.json,4,3193774,FIECK,20
port_calls__20250325T000000Z__20250326T000000Z.json,5,3193805,FIECK,20
port_calls__20250325T000000Z__20250326T000000Z.json,6,3193840,FIECK,20
port_calls__20250325T000000Z__20250326T000000Z.json,7,3210339,FIHEL,20
port_calls__20250325T000000Z__20250326T000000Z.json,8,3214257,FIHEL,40
port_calls__20250325T000000Z__20250326T000000Z.json,9,3214285,FIHEL,40
port_calls__20250325T000000Z__20250326T000000Z.json,10,3214301,FIHEL,40
port_calls__20250325T000000Z__20250326T000000Z.json,11,3214329,FIHEL,20
port_calls__20250325T000000Z__20250326T000000Z.json,12,3214361,FIHEL,20
port_calls__20250325T000000Z__20250326T000000Z.json,13,3214387,FIHEL,20
port_calls__20250325T000000Z__20250326T000000Z.json,14,3217913,FILAN,20
port_calls__20250325T000000Z__20250326T000000Z.json,15,3217923,FILAN,20
port_calls__20250325T000000Z__20250326T000000Z.json,16,3217933,FINLI,20
port_calls__20250325T000000Z__20250326T000000Z.json,17,3218123,FINLI,20
port_calls__20250325T000000Z__20250326T000000Z.json,18,3218156,FILAN,20
port_calls__20250325T000000Z__20250326T000000Z.json,19,3218184,FILAN,20
port_calls__20250325T000000Z__20250326T000000Z.json,20,3220189,FIHEL,20
port_calls__20250325T000000Z__20250326T000000Z.json,21,3220212,FIHEL,20
port_calls__20250325T000000Z__20250326T000000Z.json,22,3221213,FILAN,40
port_calls__20250325T000000Z__20250326T000000Z.json,23,3221234,FINLI,40
port_calls__20250325T000000Z__20250326T000000Z.json,24,3222321,FIHKO,40
port_calls__20250325T000000Z__20250326T000000Z.json,25,3223362,FIMHQ,20
port_calls__20250325T000000Z__20250326T000000Z.json,26,3223376,FIMHQ,20
port_calls__20250325T000000Z__20250326T000000Z.json,27,3224030,FIHEL,20
port_calls__20250325T000000Z__20250326T000000Z.json,28,3224712,FILAN,20
port_calls__20250325T000000Z__20250326T000000Z.json,29,3224718,FILAN,20
port_calls__20250325T000000Z__20250326T000000Z.json,30,3224734,FIMHQ,20
port_calls__20250325T000000Z__20250326T000000Z.json,31,3224875,FIHEL,20
port_calls__20250325T000000Z__20250326T000000Z.json,32,3224877,FIMHQ,20
port_calls__20250325T000000Z__20250326T000000Z.json,33,3224882,FIMHQ,20
port_calls__20250325T000000Z__20250326T000000Z.json,34,3224883,FIHEL,20
port_calls__20250325T000000Z__20250326T000000Z.json,35,3224899,FIHEL,20
port_calls__20250325T000000Z__20250326T000000Z.json,36,3224929,FIHEL,20
port_calls__20250325T000000Z__20250326T000000Z.json,37,3224932,FIHEL,20
port_calls__20250325T000000Z__20250326T000000Z.json,38,3224937,FIHEL,20
port_calls__20250325T000000Z__20250326T000000Z.json,39,3224957,FIHEL,20
port_calls__20250325T000000Z__20250326T000000Z.json,40,3225011,FIHEL,20
port_calls__20250325T000000Z__20250326T000000Z.json,41,3225179,FIMHQ,20
port_calls__20250325T000000Z__20250326T000000Z.json,42,3225186,FIMHQ,20
port_calls__20250325T000000Z__20250326T000000Z.json,43,3225193,FIMHQ,20
port_calls__20250325T000000Z__20250326T000000Z.json,44,3225200,FIMHQ,10
port_calls__20250325T000000Z__20250326T000000Z.json,45,3226042,FIKTK,50
port_calls__20250325T000000Z__20250326T000000Z.json,46,3226137,FIKTK,50
port_calls__20250325T000000Z__20250326T000000Z.json,47,3228202,FIHKO,40
port_calls__20250325T000000Z__20250326T000000Z.json,48,3228729,FIPOR,70
port_calls__20250325T000000Z__20250326T000000Z.json,49,3228735,FIKTK,50
port_calls__20250325T000000Z__20250326T000000Z.json,50,3228782,FIHEL,50
port_calls__20250325T000000Z__20250326T000000Z.json,51,3228867,FIKOK,70
port_calls__20250325T000000Z__20250326T000000Z.json,52,3228962,FIHKO,40
port_calls__20250325T000000Z__20250326T000000Z.json,53,3229051,FISKV,83
port_calls__20250325T000000Z__20250326T000000Z.json,54,3229122,FIKOK,80
port_calls__20250325T000000Z__20250326T000000Z.json,55,3229123,FIKTK,50
port_calls__20250325T000000Z__20250326T000000Z.json,56,3229522,FIKJO,60
port_calls__20250325T000000Z__20250326T000000Z.json,57,3229537,FIOUL,70
port_calls__20250325T000000Z__20250326T000000Z.json,58,3229545,FIRAU,40
port_calls__20250325T000000Z__20250326T000000Z.json,59,3229553,FIKTK,40
port_calls__20250325T000000Z__20250326T000000Z.json,60,3229554,FIHEL,50
port_calls__20250325T000000Z__20250326T000000Z.json,61,3229556,FIRAU,70
port_calls__20250325T000000Z__20250326T000000Z.json,62,3229558,FISKV,81
port_calls__20250325T000000Z__20250326T000000Z.json,63,3229603,FIUKI,70
port_calls__20250325T000000Z__20250326T000000Z.json,64,3229843,FIVAA,20
port_calls__20250325T000000Z__20250326T000000Z.json,65,3229849,FIVAA,20
port_calls__20250325T000000Z__20250326T000000Z.json,66,3230144,FISKV,81
port_calls__20250325T000000Z__20250326T000000Z.json,67,3230146,FIKTK,70
port_calls__20250325T000000Z__20250326T000000Z.json,68,3230610,FIHEL,70
port_calls__20250325T000000Z__20250326T000000Z.json,69,3230626,FISKV,80
port_calls__20250325T000000Z__20250326T000000Z.json,70,3230817,FIOUL,80
port_calls__20250325T000000Z__20250326T000000Z.json,71,3231539,FIUKI,70
port_calls__20250325T000000Z__20250326T000000Z.json,72,3231540,FIUKI,70
port_calls__20250325T000000Z__20250326T000000Z.json,73,3231617,FIKTK,70
port_calls__20250325T000000Z__20250326T000000Z.json,74,3231642,FIINK,70
port_calls__20250325T000000Z__20250326T000000Z.json,75,3231655,FIHKO,91
port_calls__20250325T000000Z__20250326T000000Z.json,76,3231658,FIHKO,93
port_calls__20250325T000000Z__20250326T000000Z.json,77,3231664,FIMHQ,70
port_calls__20250325T000000Z__20250326T000000Z.json,78,3231672,FIVEI,10
port_calls__20250325T000000Z__20250326T000000Z.json,79,3231729,FIRAU,40
port_calls__20250325T000000Z__20250326T000000Z.json,80,3231741,FIKTK,70
port_calls__20250325T000000Z__20250326T000000Z.json,81,3231777,FIHEL,70
port_calls__20250325T000000Z__20250326T000000Z.json,82,3231819,FIRAA,95
port_calls__20250325T000000Z__20250326T000000Z.json,83,3231820,FIRAA,94
port_calls__20250325T000000Z__20250326T000000Z.json,84,3231824,FIVAA,70
port_calls__20250325T000000Z__20250326T000000Z.json,85,3231949,FIVEI,90
port_calls__20250325T000000Z__20250326T000000Z.json,86,3231951,FIRAU,70
port_calls__20250325T000000Z__20250326T000000Z.json,87,3232099,FIANK,70
port_calls__20250325T000000Z__20250326T000000Z.json,88,3232100,FIANK,70
port_calls__20250325T000000Z__20250326T000000Z.json,89,3232391,FIANK,81
port_calls__20250326T000000Z__20250327T000000Z.json,1,3190854,FITKU,20
port_calls__20250326T000000Z__20250327T000000Z.json,2,3191005,FITKU,20
port_calls__20250326T000000Z__20250327T000000Z.json,3,3193775,FIECK,20
port_calls__20250326T000000Z__20250327T000000Z.json,4,3193806,FIECK,20
port_calls__20250326T000000Z__20250327T000000Z.json,5,3193841,FIECK,20
port_calls__20250326T000000Z__20250327T000000Z.json,6,3194043,FILAN,20
port_calls__20250326T000000Z__20250327T000000Z.json,7,3194155,FILAN,20
port_calls__20250326T000000Z__20250327T000000Z.json,8,3194156,FITKU,20
port_calls__20250326T000000Z__20250327T000000Z.json,9,3196055,FIHEL,20
port_calls__20250326T000000Z__20250327T000000Z.json,10,3214015,FIHKO,40
port_calls__20250326T000000Z__20250327T000000Z.json,11,3214258,FIHEL,40
port_calls__20250326T000000Z__20250327T000000Z.json,12,3214286,FIHEL,40
port_calls__20250326T000000Z__20250327T000000Z.json,13,3214302,FIHEL,40
port_calls__20250326T000000Z__20250327T000000Z.json,14,3214330,FIHEL,20
port_calls__20250326T000000Z__20250327T000000Z.json,15,3214362,FIHEL,20
port_calls__20250326T000000Z__20250327T000000Z.json,16,3214388,FIHEL,20
port_calls__20250326T000000Z__20250327T000000Z.json,17,3217907,FINLI,20
port_calls__20250326T000000Z__20250327T000000Z.json,18,3217912,FILAN,20
port_calls__20250326T000000Z__20250327T000000Z.json,19,3217945,FILAN,20
port_calls__20250326T000000Z__20250327T000000Z.json,20,3218150,FINLI,20
port_calls__20250326T000000Z__20250327T000000Z.json,21,3218179,FILAN,20
port_calls__20250326T000000Z__20250327T000000Z.json,22,3218241,FILAN,20
port_calls__20250326T000000Z__20250327T000000Z.json,23,3220190,FIHEL,20
port_calls__20250326T000000Z__20250327T000000Z.json,24,3220213,FIHEL,20
port_calls__20250326T000000Z__20250327T000000Z.json,25,3221214,FILAN,40
port_calls__20250326T000000Z__20250327T000000Z.json,26,3221235,FINLI,40
port_calls__20250326T000000Z__20250327T000000Z.json,27,3223978,FIHEL,20
port_calls__20250326T000000Z__20250327T000000Z.json,28,3224314,FIKTK,70
port_calls__20250326T000000Z__20250327T000000Z.json,29,3224713,FILAN,20
port_calls__20250326T000000Z__20250327T000000Z.json,30,3224719,FILAN,20
port_calls__20250326T000000Z__20250327T000000Z.json,31,3224865,FIMHQ,20
port_calls__20250326T000000Z__20250327T000000Z.json,32,3224888,FIMHQ,20
port_calls__20250326T000000Z__20250327T000000Z.json,33,3224889,FIHEL,20
port_calls__20250326T000000Z__20250327T000000Z.json,34,3224901,FIHEL,20
port_calls__20250326T000000Z__20250327T000000Z.json,35,3224903,FIHEL,20
port_calls__20250326T000000Z__20250327T000000Z.json,36,3224909,FIHEL,20
port_calls__20250326T000000Z__20250327T000000Z.json,37,3224922,FIHEL,20
port_calls__20250326T000000Z__20250327T000000Z.json,38,3224930,FIHEL,20
port_calls__20250326T000000Z__20250327T000000Z.json,39,3224961,FIHEL,20
port_calls__20250326T000000Z__20250327T000000Z.json,40,3224983,FIHEL,20
port_calls__20250326T000000Z__20250327T000000Z.json,41,3225176,FIMHQ,20
port_calls__20250326T000000Z__20250327T000000Z.json,42,3225180,FIMHQ,20
port_calls__20250326T000000Z__20250327T000000Z.json,43,3225187,FIMHQ,20
port_calls__20250326T000000Z__20250327T000000Z.json,44,3225197,FIMHQ,20
port_calls__20250326T000000Z__20250327T000000Z.json,45,3225201,FIMHQ,10
port_calls__20250326T000000Z__20250327T000000Z.json,46,3225802,FIHEL,50
port_calls__20250326T000000Z__20250327T000000Z.json,47,3225847,FIFOR,80
port_calls__20250326T000000Z__20250327T000000Z.json,48,3228063,FIHKO,40
port_calls__20250326T000000Z__20250327T000000Z.json,49,3228246,FISKV,82
port_calls__20250326T000000Z__20250327T000000Z.json,50,3228370,FIKOK,70
port_calls__20250326T000000Z__20250327T000000Z.json,51,3228613,FITKU,70
port_calls__20250326T000000Z__20250327T000000Z.json,52,3228751,FIRAU,50
port_calls__20250326T000000Z__20250327T000000Z.json,53,3228784,FIKTK,50
port_calls__20250326T000000Z__20250327T000000Z.json,54,3228964,FIHKO,40
port_calls__20250326T000000Z__20250327T000000Z.json,55,3228966,FIHKO,40
port_calls__20250326T000000Z__20250327T000000Z.json,56,3228985,FIKAS,83
port_calls__20250326T000000Z__20250327T000000Z.json,57,3229030,FIHEL,50
port_calls__20250326T000000Z__20250327T000000Z.json,58,3229033,FIKTK,50
port_calls__20250326T000000Z__20250327T000000Z.json,59,3229065,FIKTK,70
port_calls__20250326T000000Z__20250327T000000Z.json,60,3229066,FIKTK,70
port_calls__20250326T000000Z__20250327T000000Z.json,61,3229129,FIHEL,70
port_calls__20250326T000000Z__20250327T000000Z.json,62,3229563,FINLI,70
port_calls__20250326T000000Z__20250327T000000Z.json,63,3229565,FIKEM,70
port_calls__20250326T000000Z__20250327T000000Z.json,64,3229820,FIVAA,70
port_calls__20250326T000000Z__20250327T000000Z.json,65,3229831,FITOR,70
port_calls__20250326T000000Z__20250327T000000Z.json,66,3229832,FITOR,70
port_calls__20250326T000000Z__20250327T000000Z.json,67,3229872,FIRAA,94
port_calls__20250326T000000Z__20250327T000000Z.json,68,3229873,FIRAA,95
port_calls__20250326T000000Z__20250327T000000Z.json,69,3229930,FIKAS,70
port_calls__20250326T000000Z__20250327T000000Z.json,70,3229931,FIUKI,70
port_calls__20250326T000000Z__20250327T000000Z.json,71,3229938,FIINK,70
port_calls__20250326T000000Z__20250327T000000Z.json,72,3229949,FIPOR,80
port_calls__20250326T000000Z__20250327T000000Z.json,73,3229952,FIKTK,60
port_calls__20250326T000000Z__20250327T000000Z.json,74,3229953,FIRAU,70
port_calls__20250326T000000Z__20250327T000000Z.json,75,3230156,FIKTK,40
port_calls__20250326T000000Z__20250327T000000Z.json,76,3230257,FITKU,70
port_calls__20250326T000000Z__20250327T000000Z.json,77,3230753,FIHKO,44
port_calls__20250326T000000Z__20250327T000000Z.json,78,3230772,FIOUL,40
port_calls__20250326T000000Z__20250327T000000Z.json,79,3230878,FIHKO,70
port_calls__20250326T000000Z__20250327T000000Z.json,80,3231199,FIRAA,70
port_calls__20250326T000000Z__20250327T000000Z.json,81,3231541,FIUKI,70
port_calls__20250326T000000Z__20250327T000000Z.json,82,3231634,FIKEM,90
port_calls__20250326T000000Z__20250327T000000Z.json,83,3231657,FIKEM,40
port_calls__20250326T000000Z__20250327T000000Z.json,84,3231670,FIKOK,60
port_calls__20250326T000000Z__20250327T000000Z.json,85,3231690,FIPOR,70
port_calls__20250326T000000Z__20250327T000000Z.json,86,3231725,FIKAS,70
port_calls__20250326T000000Z__20250327T000000Z.json,87,3231728,FIKTK,70
port_calls__20250326T000000Z__20250327T000000Z.json,88,3231732,FIKTK,70
port_calls__20250326T000000Z__20250327T000000Z.json,89,3231748,FIVAA,20
port_calls__20250326T000000Z__20250327T000000Z.json,90,3231876,FIEJO,70
port_calls__20250326T000000Z__20250327T000000Z.json,91,3231887,FIKOK,70
port_calls__20250326T000000Z__20250327T000000Z.json,92,3231957,FIVAA,20
port_calls__20250326T000000Z__20250327T000000Z.json,93,3231992,FIVEI,10
port_calls__20250326T000000Z__20250327T000000Z.json,94,3232101,FIPRS,60
port_calls__20250326T000000Z__20250327T000000Z.json,95,3232125,FIVEI,90
port_calls__20250326T000000Z__20250327T000000Z.json,96,3232278,FIANK,83
port_calls__20250327T000000Z__20250328T000000Z.json,1,3190855,FITKU,20
port_calls__20250327T000000Z__20250328T000000Z.json,2,3191006,FITKU,20
port_calls__20250327T000000Z__20250328T000000Z.json,3,3193776,FIECK,20
port_calls__20250327T000000Z__20250328T000000Z.json,4,3193807,FIECK,20
port_calls__20250327T000000Z__20250328T000000Z.json,5,3193842,FIECK,20
port_calls__20250327T000000Z__20250328T000000Z.json,6,3194076,FIMHQ,20
port_calls__20250327T000000Z__20250328T000000Z.json,7,3194094,FITKU,20
port_calls__20250327T000000Z__20250328T000000Z.json,8,3194098,FILAN,20
port_calls__20250327T000000Z__20250328T000000Z.json,9,3210340,FIHEL,20
port_calls__20250327T000000Z__20250328T000000Z.json,10,3214259,FIHEL,40
port_calls__20250327T000000Z__20250328T000000Z.json,11,3214287,FIHEL,40
port_calls__20250327T000000Z__20250328T000000Z.json,12,3214303,FIHEL,40
port_calls__20250327T000000Z__20250328T000000Z.json,13,3214331,FIHEL,20
port_calls__20250327T000000Z__20250328T000000Z.json,14,3214363,FIHEL,20
port_calls__20250327T000000Z__20250328T000000Z.json,15,3214389,FIHEL,20
port_calls__20250327T000000Z__20250328T000000Z.json,16,3217922,FILAN,20
port_calls__20250327T000000Z__20250328T000000Z.json,17,3217926,FINLI,20
port_calls__20250327T000000Z__20250328T000000Z.json,18,3217927,FILAN,20
port_calls__20250327T000000Z__20250328T000000Z.json,19,3218122,FINLI,20
port_calls__20250327T000000Z__20250328T000000Z.json,20,3218142,FILAN,20
port_calls__20250327T000000Z__20250328T000000Z.json,21,3218244,FILAN,20
port_calls__20250327T000000Z__20250328T000000Z.json,22,3220191,FIHEL,20
port_calls__20250327T000000Z__20250328T000000Z.json,23,3220214,FIHEL,20
port_calls__20250327T000000Z__20250328T000000Z.json,24,3221215,FILAN,40
port_calls__20250327T000000Z__20250328T000000Z.json,25,3221236,FINLI,40
port_calls__20250327T000000Z__20250328T000000Z.json,26,3223365,FIMHQ,20
port_calls__20250327T000000Z__20250328T000000Z.json,27,3223409,FIMHQ,20
port_calls__20250327T000000Z__20250328T000000Z.json,28,3224024,FIHEL,20
port_calls__20250327T000000Z__20250328T000000Z.json,29,3224390,FIPOR,60
port_calls__20250327T000000Z__20250328T000000Z.json,30,3224714,FILAN,20
port_calls__20250327T000000Z__20250328T000000Z.json,31,3224720,FILAN,20
port_calls__20250327T000000Z__20250328T000000Z.json,32,3224735,FIMHQ,20
port_calls__20250327T000000Z__20250328T000000Z.json,33,3224872,FIMHQ,20
port_calls__20250327T000000Z__20250328T000000Z.json,34,3224879,FIHEL,20
port_calls__20250327T000000Z__20250328T000000Z.json,35,3224906,FIMHQ,20
port_calls__20250327T000000Z__20250328T000000Z.json,36,3224910,FIHEL,20
port_calls__20250327T000000Z__20250328T000000Z.json,37,3224912,FIHEL,20
port_calls__20250327T000000Z__20250328T000000Z.json,38,3224915,FIHEL,20
port_calls__20250327T000000Z__20250328T000000Z.json,39,3224938,FIHEL,20
port_calls__20250327T000000Z__20250328T000000Z.json,40,3224969,FIHEL,20
port_calls__20250327T000000Z__20250328T000000Z.json,41,3224974,FIHEL,20
port_calls__20250327T000000Z__20250328T000000Z.json,42,3225001,FIHEL,20
port_calls__20250327T000000Z__20250328T000000Z.json,43,3225181,FIMHQ,20
port_calls__20250327T000000Z__20250328T000000Z.json,44,3225188,FIMHQ,20
port_calls__20250327T000000Z__20250328T000000Z.json,45,3225194,FIMHQ,20
port_calls__20250327T000000Z__20250328T000000Z.json,46,3225202,FIMHQ,10
port_calls__20250327T000000Z__20250328T000000Z.json,47,3225795,FIRAU,50
port_calls__20250327T000000Z__20250328T000000Z.json,48,3226971,FIKTK,70
port_calls__20250327T000000Z__20250328T000000Z.json,49,3226972,FIKTK,70
port_calls__20250327T000000Z__20250328T000000Z.json,50,3227029,FIHEL,50
port_calls__20250327T000000Z__20250328T000000Z.json,51,3227075,FIHKO,40
port_calls__20250327T000000Z__20250328T000000Z.json,52,3228749,FIPOR,81
port_calls__20250327T000000Z__20250328T000000Z.json,53,3228783,FIKTK,50
port_calls__20250327T000000Z__20250328T000000Z.json,54,3228810,FIEJO,50
port_calls__20250327T000000Z__20250328T000000Z.json,55,3228886,FIRAA,70
port_calls__20250327T000000Z__20250328T000000Z.json,56,3228961,FISKV,81
port_calls__20250327T000000Z__20250328T000000Z.json,57,3228963,FIHKO,40
port_calls__20250327T000000Z__20250328T000000Z.json,58,3228965,FIRAU,40
port_calls__20250327T000000Z__20250328T000000Z.json,59,3229012,FIKTK,70
port_calls__20250327T000000Z__20250328T000000Z.json,60,3229134,FIINK,70
port_calls__20250327T000000Z__20250328T000000Z.json,61,3229833,FITOR,70
port_calls__20250327T000000Z__20250328T000000Z.json,62,3229850,FINLI,70
port_calls__20250327T000000Z__20250328T000000Z.json,63,3229940,FIHKO,40
port_calls__20250327T000000Z__20250328T000000Z.json,64,3230228,FIHKO,40
port_calls__20250327T000000Z__20250328T000000Z.json,65,3230758,FIUKI,44
port_calls__20250327T000000Z__20250328T000000Z.json,66,3231520,FIKNT,99
port_calls__20250327T000000Z__20250328T000000Z.json,67,3231663,FIOUL,90
port_calls__20250327T000000Z__20250328T000000Z.json,68,3231680,FIFAR,70
port_calls__20250327T000000Z__20250328T000000Z.json,69,3231716,FIRAA,60
port_calls__20250327T000000Z__20250328T000000Z.json,70,3231765,FINLI,80
port_calls__20250327T000000Z__20250328T000000Z.json,71,3231774,FISKV,80
port_calls__20250327T000000Z__20250328T000000Z.json,72,3231877,FISKV,83
port_calls__20250327T000000Z__20250328T000000Z.json,73,3231884,FIUKI,70
port_calls__20250327T000000Z__20250328T000000Z.json,74,3231890,FISKV,81
port_calls__20250327T000000Z__20250328T000000Z.json,75,3232051,FIPAR,70
port_calls__20250327T000000Z__20250328T000000Z.json,76,3232104,FIVAA,20
port_calls__20250327T000000Z__20250328T000000Z.json,77,3232116,FIRAA,60
port_calls__20250327T000000Z__20250328T000000Z.json,78,3232133,FINLI,60
port_calls__20250327T000000Z__20250328T000000Z.json,79,3232166,FIRAU,91
port_calls__20250327T000000Z__20250328T000000Z.json,80,3232167,FIRAU,93
port_calls__20250327T000000Z__20250328T000000Z.json,81,3232239,FIKAS,70
port_calls__20250327T000000Z__20250328T000000Z.json,82,3232265,FIVEI,10
port_calls__20250327T000000Z__20250328T000000Z.json,83,3232428,FIHOU,91
port_calls__20250327T000000Z__20250328T000000Z.json,84,3232429,FIHOU,93
port_calls__20250327T000000Z__20250328T000000Z.json,85,3232469,FIANK,70
port_calls__20250327T000000Z__20250328T000000Z.json,86,3232561,FIANK,70
port_calls__20250328T000000Z__20250329T000000Z.json,1,3181786,FIHKO,40
port_calls__20250328T000000Z__20250329T000000Z.json,2,3190856,FITKU,20
port_calls__20250328T000000Z__20250329T000000Z.json,3,3191007,FITKU,20
port_calls__20250328T000000Z__20250329T000000Z.json,4,3193777,FIECK,20
port_calls__20250328T000000Z__20250329T000000Z.json,5,3193808,FIECK,20
port_calls__20250328T000000Z__20250329T000000Z.json,6,3193843,FIECK,20
port_calls__20250328T000000Z__20250329T000000Z.json,7,3194047,FILAN,20
port_calls__20250328T000000Z__20250329T000000Z.json,8,3194090,FIMHQ,20
port_calls__20250328T000000Z__20250329T000000Z.json,9,3194133,FITKU,20
port_calls__20250328T000000Z__20250329T000000Z.json,10,3196056,FIHEL,20
port_calls__20250328T000000Z__20250329T000000Z.json,11,3214123,FIHEL,40
port_calls__20250328T000000Z__20250329T000000Z.json,12,3214260,FIHEL,40
port_calls__20250328T000000Z__20250329T000000Z.json,13,3214288,FIHEL,40
port_calls__20250328T000000Z__20250329T000000Z.json,14,3214304,FIHEL,40
port_calls__20250328T000000Z__20250329T000000Z.json,15,3214332,FIHEL,20
port_calls__20250328T000000Z__20250329T000000Z.json,16,3214364,FIHEL,20
port_calls__20250328T000000Z__20250329T000000Z.json,17,3214390,FIHEL,20
port_calls__20250328T000000Z__20250329T000000Z.json,18,3217928,FINLI,20
port_calls__20250328T000000Z__20250329T000000Z.json,19,3217950,FILAN,20
port_calls__20250328T000000Z__20250329T000000Z.json,20,3218153,FINLI,20
port_calls__20250328T000000Z__20250329T000000Z.json,21,3218158,FILAN,20
port_calls__20250328T000000Z__20250329T000000Z.json,22,3218199,FILAN,20
port_calls__20250328T000000Z__20250329T000000Z.json,23,3220221,FIHEL,20
port_calls__20250328T000000Z__20250329T000000Z.json,24,3220225,FIHEL,20
port_calls__20250328T000000Z__20250329T000000Z.json,25,3220229,FIHEL,20
port_calls__20250328T000000Z__20250329T000000Z.json,26,3221216,FILAN,40
port_calls__20250328T000000Z__20250329T000000Z.json,27,3221237,FINLI,40
port_calls__20250328T000000Z__20250329T000000Z.json,28,3224011,FIHEL,20
port_calls__20250328T000000Z__20250329T000000Z.json,29,3224715,FILAN,20
port_calls__20250328T000000Z__20250329T000000Z.json,30,3224721,FILAN,20
port_calls__20250328T000000Z__20250329T000000Z.json,31,3224866,FIMHQ,20
port_calls__20250328T000000Z__20250329T000000Z.json,32,3224874,FIMHQ,20
port_calls__20250328T000000Z__20250329T000000Z.json,33,3224886,FIHEL,20
port_calls__20250328T000000Z__20250329T000000Z.json,34,3224887,FIHEL,20
port_calls__20250328T000000Z__20250329T000000Z.json,35,3224892,FIHEL,20
port_calls__20250328T000000Z__20250329T000000Z.json,36,3224914,FIHEL,20
port_calls__20250328T000000Z__20250329T000000Z.json,37,3224918,FIHEL,20
port_calls__20250328T000000Z__20250329T000000Z.json,38,3224931,FIHEL,20
port_calls__20250328T000000Z__20250329T000000Z.json,39,3225003,FIHEL,20
port_calls__20250328T000000Z__20250329T000000Z.json,40,3225029,FIHEL,20
port_calls__20250328T000000Z__20250329T000000Z.json,41,3225177,FIMHQ,20
port_calls__20250328T000000Z__20250329T000000Z.json,42,3225182,FIMHQ,20
port_calls__20250328T000000Z__20250329T000000Z.json,43,3225189,FIMHQ,20
port_calls__20250328T000000Z__20250329T000000Z.json,44,3225198,FIMHQ,20
port_calls__20250328T000000Z__20250329T000000Z.json,45,3225203,FIMHQ,10
port_calls__20250328T000000Z__20250329T000000Z.json,46,3227048,FIKTK,70
port_calls__20250328T000000Z__20250329T000000Z.json,47,3227105,FIHKO,40
port_calls__20250328T000000Z__20250329T000000Z.json,48,3228362,FIKOK,70
port_calls__20250328T000000Z__20250329T000000Z.json,49,3228619,FIHEL,60
port_calls__20250328T000000Z__20250329T000000Z.json,50,3228785,FIHEL,50
port_calls__20250328T000000Z__20250329T000000Z.json,51,3228801,FIKTK,83
port_calls__20250328T000000Z__20250329T000000Z.json,52,3228987,FIVAA,70
port_calls__20250328T000000Z__20250329T000000Z.json,53,3229013,FIKOK,80
port_calls__20250328T000000Z__20250329T000000Z.json,54,3229128,FIOUL,40
port_calls__20250328T000000Z__20250329T000000Z.json,55,3229538,FIHKO,40
port_calls__20250328T000000Z__20250329T000000Z.json,56,3229944,FIPOR,83
port_calls__20250328T000000Z__20250329T000000Z.json,57,3231561,FIRAA,90
port_calls__20250328T000000Z__20250329T000000Z.json,58,3231654,FIKTK,81
port_calls__20250328T000000Z__20250329T000000Z.json,59,3231666,FIKOK,83
port_calls__20250328T000000Z__20250329T000000Z.json,60,3231752,FIKEM,70
port_calls__20250328T000000Z__20250329T000000Z.json,61,3231775,FINLI,80
port_calls__20250328T000000Z__20250329T000000Z.json,62,3231778,FIRAU,60
port_calls__20250328T000000Z__20250329T000000Z.json,63,3231885,FIPRS,40
port_calls__20250328T000000Z__20250329T000000Z.json,64,3231891,FIUKI,70
port_calls__20250328T000000Z__20250329T000000Z.json,65,3231913,FISKV,80
port_calls__20250328T000000Z__20250329T000000Z.json,66,3231950,FIUKI,70
port_calls__20250328T000000Z__20250329T000000Z.json,67,3231953,FIOUL,80
port_calls__20250328T000000Z__20250329T000000Z.json,68,3231982,FIRAU,70
port_calls__20250328T000000Z__20250329T000000Z.json,69,3232016,FITOR,70
port_calls__20250328T000000Z__20250329T000000Z.json,70,3232102,FIHEL,70
port_calls__20250328T000000Z__20250329T000000Z.json,71,3232105,FIVAA,20
port_calls__20250328T000000Z__20250329T000000Z.json,72,3232110,FIVAA,20
port_calls__20250328T000000Z__20250329T000000Z.json,73,3232122,FIRAU,40
port_calls__20250328T000000Z__20250329T000000Z.json,74,3232266,FISKV,80
port_calls__20250328T000000Z__20250329T000000Z.json,75,3232268,FIKTK,70
port_calls__20250328T000000Z__20250329T000000Z.json,76,3232269,FIKTK,70
port_calls__20250328T000000Z__20250329T000000Z.json,77,3232385,FISKV,80
port_calls__20250328T000000Z__20250329T000000Z.json,78,3232511,FIRAA,94
port_calls__20250328T000000Z__20250329T000000Z.json,79,3232512,FIRAA,95
port_calls__20250328T000000Z__20250329T000000Z.json,80,3232727,FIANK,70
port_calls__20250329T000000Z__20250330T000000Z.json,1,3189609,FIKEM,10
port_calls__20250329T000000Z__20250330T000000Z.json,2,3190857,FITKU,20
port_calls__20250329T000000Z__20250330T000000Z.json,3,3191008,FITKU,20
port_calls__20250329T000000Z__20250330T000000Z.json,4,3193778,FIECK,20
port_calls__20250329T000000Z__20250330T000000Z.json,5,3193809,FIECK,20
port_calls__20250329T000000Z__20250330T000000Z.json,6,3193844,FIECK,20
port_calls__20250329T000000Z__20250330T000000Z.json,7,3194045,FITKU,20
port_calls__20250329T000000Z__20250330T000000Z.json,8,3194046,FILAN,20
port_calls__20250329T000000Z__20250330T000000Z.json,9,3194077,FIMHQ,20
port_calls__20250329T000000Z__20250330T000000Z.json,10,3210341,FIHEL,20
port_calls__20250329T000000Z__20250330T000000Z.json,11,3214333,FIHEL,20
port_calls__20250329T000000Z__20250330T000000Z.json,12,3214340,FIHEL,20
port_calls__20250329T000000Z__20250330T000000Z.json,13,3214365,FIHEL,20
port_calls__20250329T000000Z__20250330T000000Z.json,14,3217903,FINLI,20
port_calls__20250329T000000Z__20250330T000000Z.json,15,3217906,FILAN,20
port_calls__20250329T000000Z__20250330T000000Z.json,16,3217916,FILAN,20
port_calls__20250329T000000Z__20250330T000000Z.json,17,3218146,FILAN,20
port_calls__20250329T000000Z__20250330T000000Z.json,18,3218149,FILAN,20
port_calls__20250329T000000Z__20250330T000000Z.json,19,3218275,FINLI,20
port_calls__20250329T000000Z__20250330T000000Z.json,20,3220192,FIHEL,20
port_calls__20250329T000000Z__20250330T000000Z.json,21,3220215,FIHEL,20
port_calls__20250329T000000Z__20250330T000000Z.json,22,3221217,FILAN,40
port_calls__20250329T000000Z__20250330T000000Z.json,23,3223385,FIMHQ,20
port_calls__20250329T000000Z__20250330T000000Z.json,24,3223391,FIMHQ,20
port_calls__20250329T000000Z__20250330T000000Z.json,25,3223980,FIHEL,20
port_calls__20250329T000000Z__20250330T000000Z.json,26,3224716,FILAN,20
port_calls__20250329T000000Z__20250330T000000Z.json,27,3224722,FILAN,20
port_calls__20250329T000000Z__20250330T000000Z.json,28,3224736,FIMHQ,20
port_calls__20250329T000000Z__20250330T000000Z.json,29,3224868,FIHEL,20
port_calls__20250329T000000Z__20250330T000000Z.json,30,3224873,FIHEL,20
port_calls__20250329T000000Z__20250330T000000Z.json,31,3224881,FIHEL,20
port_calls__20250329T000000Z__20250330T000000Z.json,32,3224911,FIMHQ,20
port_calls__20250329T000000Z__20250330T000000Z.json,33,3224916,FIMHQ,20
port_calls__20250329T000000Z__20250330T000000Z.json,34,3224948,FIHEL,20
port_calls__20250329T000000Z__20250330T000000Z.json,35,3224977,FIHEL,20
port_calls__20250329T000000Z__20250330T000000Z.json,36,3224979,FIHEL,20
port_calls__20250329T000000Z__20250330T000000Z.json,37,3224988,FIHEL,20
port_calls__20250329T000000Z__20250330T000000Z.json,38,3225183,FIMHQ,20
port_calls__20250329T000000Z__20250330T000000Z.json,39,3225190,FIMHQ,20
port_calls__20250329T000000Z__20250330T000000Z.json,40,3225195,FIMHQ,20
port_calls__20250329T000000Z__20250330T000000Z.json,41,3225204,FIMHQ,10
port_calls__20250329T000000Z__20250330T000000Z.json,42,3227015,FIKTK,50
port_calls__20250329T000000Z__20250330T000000Z.json,43,3227225,FIHKO,40
port_calls__20250329T000000Z__20250330T000000Z.json,44,3228635,FIEJO,70
port_calls__20250329T000000Z__20250330T000000Z.json,45,3228804,FIKTK,50
port_calls__20250329T000000Z__20250330T000000Z.json,46,3229064,FIRAU,50
port_calls__20250329T000000Z__20250330T000000Z.json,47,3229869,FIPOH,70
port_calls__20250329T000000Z__20250330T000000Z.json,48,3229941,FIHKO,40
port_calls__20250329T000000Z__20250330T000000Z.json,49,3230773,FIOUL,70
port_calls__20250329T000000Z__20250330T000000Z.json,50,3230872,FIHKO,70
port_calls__20250329T000000Z__20250330T000000Z.json,51,3231501,FIHKO,40
port_calls__20250329T000000Z__20250330T000000Z.json,52,3231531,FISKV,83
port_calls__20250329T000000Z__20250330T000000Z.json,53,3231673,FIINK,70
port_calls__20250329T000000Z__20250330T000000Z.json,54,3231674,FIINK,70
port_calls__20250329T000000Z__20250330T000000Z.json,55,3231730,FINLI,70
port_calls__20250329T000000Z__20250330T000000Z.json,56,3231901,FIPAR,70
port_calls__20250329T000000Z__20250330T000000Z.json,57,3231906,FISKV,82
port_calls__20250329T000000Z__20250330T000000Z.json,58,3232111,FIVAA,20
port_calls__20250329T000000Z__20250330T000000Z.json,59,3232113,FIKTK,60
port_calls__20250329T000000Z__20250330T000000Z.json,60,3232115,FIKTK,60
port_calls__20250329T000000Z__20250330T000000Z.json,61,3232263,FISKV,83
port_calls__20250329T000000Z__20250330T000000Z.json,62,3232457,FIKTK,70
port_calls__20250329T000000Z__20250330T000000Z.json,63,3232461,FIKOK,70
port_calls__20250329T000000Z__20250330T000000Z.json,64,3232489,FIHEL,70
port_calls__20250329T000000Z__20250330T000000Z.json,65,3232490,FIVEI,10
port_calls__20250329T000000Z__20250330T000000Z.json,66,3232494,FIHEL,91
port_calls__20250329T000000Z__20250330T000000Z.json,67,3232499,FIHEL,95
port_calls__20250329T000000Z__20250330T000000Z.json,68,3232748,FIANK,70
port_calls__20250329T000000Z__20250330T000000Z.json,69,3232749,FISKV,81
port_calls__20250329T000000Z__20250330T000000Z.json,70,3232886,FIVEI,90
port_calls__20250329T000000Z__20250330T000000Z.json,71,3233241,FIANK,82
port_calls__20250330T000000Z__20250331T000000Z.json,1,3178570,FIHEL,40
port_calls__20250330T000000Z__20250331T000000Z.json,2,3181809,FIHKO,40
port_calls__20250330T000000Z__20250331T000000Z.json,3,3190858,FITKU,20
port_calls__20250330T000000Z__20250331T000000Z.json,4,3191009,FITKU,20
port_calls__20250330T000000Z__20250331T000000Z.json,5,3193779,FIECK,20
port_calls__20250330T000000Z__20250331T000000Z.json,6,3193810,FIECK,20
port_calls__20250330T000000Z__20250331T000000Z.json,7,3193845,FIECK,20
port_calls__20250330T000000Z__20250331T000000Z.json,8,3194035,FIMHQ,20
port_calls__20250330T000000Z__20250331T000000Z.json,9,3194063,FILAN,20
port_calls__20250330T000000Z__20250331T000000Z.json,10,3194117,FITKU,20
port_calls__20250330T000000Z__20250331T000000Z.json,11,3196057,FIHEL,20
port_calls__20250330T000000Z__20250331T000000Z.json,12,3209972,FIHKO,40
port_calls__20250330T000000Z__20250331T000000Z.json,13,3214261,FIHEL,40
port_calls__20250330T000000Z__20250331T000000Z.json,14,3214267,FIHEL,40
port_calls__20250330T000000Z__20250331T000000Z.json,15,3214334,FIHEL,20
port_calls__20250330T000000Z__20250331T000000Z.json,16,3214391,FIHEL,20
port_calls__20250330T000000Z__20250331T000000Z.json,17,3217901,FINLI,20
port_calls__20250330T000000Z__20250331T000000Z.json,18,3217908,FILAN,20
port_calls__20250330T000000Z__20250331T000000Z.json,19,3217940,FILAN,20
port_calls__20250330T000000Z__20250331T000000Z.json,20,3217949,FILAN,20
port_calls__20250330T000000Z__20250331T000000Z.json,21,3218139,FILAN,20
port_calls__20250330T000000Z__20250331T000000Z.json,22,3218225,FILAN,20
port_calls__20250330T000000Z__20250331T000000Z.json,23,3218254,FINLI,20
port_calls__20250330T000000Z__20250331T000000Z.json,24,3220193,FIHEL,20
port_calls__20250330T000000Z__20250331T000000Z.json,25,3220234,FIHEL,20
port_calls__20250330T000000Z__20250331T000000Z.json,26,3220239,FIHEL,20
port_calls__20250330T000000Z__20250331T000000Z.json,27,3224020,FIHEL,20
port_calls__20250330T000000Z__20250331T000000Z.json,28,3224717,FILAN,20
port_calls__20250330T000000Z__20250331T000000Z.json,29,3224723,FILAN,20
port_calls__20250330T000000Z__20250331T000000Z.json,30,3224876,FIHEL,20
port_calls__20250330T000000Z__20250331T000000Z.json,31,3224878,FIHEL,20
port_calls__20250330T000000Z__20250331T000000Z.json,32,3224890,FIMHQ,20
port_calls__20250330T000000Z__20250331T000000Z.json,33,3224893,FIHEL,20
port_calls__20250330T000000Z__20250331T000000Z.json,34,3224902,FIHEL,20
port_calls__20250330T000000Z__20250331T000000Z.json,35,3224919,FIMHQ,20
port_calls__20250330T000000Z__20250331T000000Z.json,36,3224946,FIHEL,20
port_calls__20250330T000000Z__20250331T000000Z.json,37,3224960,FIHEL,20
port_calls__20250330T000000Z__20250331T000000Z.json,38,3225015,FIHEL,20
port_calls__20250330T000000Z__20250331T000000Z.json,39,3225032,FIHEL,20
port_calls__20250330T000000Z__20250331T000000Z.json,40,3225178,FIMHQ,20
port_calls__20250330T000000Z__20250331T000000Z.json,41,3225184,FIMHQ,20
port_calls__20250330T000000Z__20250331T000000Z.json,42,3225191,FIMHQ,20
port_calls__20250330T000000Z__20250331T000000Z.json,43,3225199,FIMHQ,20
port_calls__20250330T000000Z__20250331T000000Z.json,44,3225205,FIMHQ,10
port_calls__20250330T000000Z__20250331T000000Z.json,45,3228736,FIRAU,70
port_calls__20250330T000000Z__20250331T000000Z.json,46,3229029,FIRAU,50
port_calls__20250330T000000Z__20250331T000000Z.json,47,3229548,FIRAU,80
port_calls__20250330T000000Z__20250331T000000Z.json,48,3229562,FIKTK,70
port_calls__20250330T000000Z__20250331T000000Z.json,49,3229836,FITOR,70
port_calls__20250330T000000Z__20250331T000000Z.json,50,3231500,FIHKO,40
port_calls__20250330T000000Z__20250331T000000Z.json,51,3231669,FIPOR,80
port_calls__20250330T000000Z__20250331T000000Z.json,52,3231731,FIKTK,70
port_calls__20250330T000000Z__20250331T000000Z.json,53,3231787,FINLI,70
port_calls__20250330T000000Z__20250331T000000Z.json,54,3231821,FINLI,80
port_calls__20250330T000000Z__20250331T000000Z.json,55,3231889,FINLI,70
port_calls__20250330T000000Z__20250331T000000Z.json,56,3231952,FIUKI,80
port_calls__20250330T000000Z__20250331T000000Z.json,57,3231956,FITKU,80
port_calls__20250330T000000Z__20250331T000000Z.json,58,3232112,FIVAA,20
port_calls__20250330T000000Z__20250331T000000Z.json,59,3232117,FIHEL,50
port_calls__20250330T000000Z__20250331T000000Z.json,60,3232121,FIRAU,70
port_calls__20250330T000000Z__20250331T000000Z.json,61,3232171,FIOUL,70
port_calls__20250330T000000Z__20250331T000000Z.json,62,3232234,FISKV,83
port_calls__20250330T000000Z__20250331T000000Z.json,63,3232283,FIKTK,70
port_calls__20250330T000000Z__20250331T000000Z.json,64,3232285,FITOR,70
port_calls__20250330T000000Z__20250331T000000Z.json,65,3232343,FIOUL,70
port_calls__20250330T000000Z__20250331T000000Z.json,66,3232445,FIPRS,70
port_calls__20250330T000000Z__20250331T000000Z.json,67,3232481,FIRAU,70
port_calls__20250330T000000Z__20250331T000000Z.json,68,3232513,FIRAA,70
port_calls__20250330T000000Z__20250331T000000Z.json,69,3232579,FIHEL,50
port_calls__20250330T000000Z__20250331T000000Z.json,70,3232650,FIPRS,60
port_calls__20250330T000000Z__20250331T000000Z.json,71,3232651,FIPOR,70
port_calls__20250330T000000Z__20250331T000000Z.json,72,3232653,FIPOR,70
port_calls__20250330T000000Z__20250331T000000Z.json,73,3232667,FIKTK,70
port_calls__20250330T000000Z__20250331T000000Z.json,74,3232700,FISKV,82
port_calls__20250330T000000Z__20250331T000000Z.json,75,3232714,FIKOK,70
port_calls__20250330T000000Z__20250331T000000Z.json,76,3232718,FISKV,80
port_calls__20250330T000000Z__20250331T000000Z.json,77,3232722,FIRAA,70
port_calls__20250330T000000Z__20250331T000000Z.json,78,3232736,FIUKI,70
port_calls__20250330T000000Z__20250331T000000Z.json,79,3232755,FIHKO,91
port_calls__20250330T000000Z__20250331T000000Z.json,80,3232908,FIRAA,95
port_calls__20250330T000000Z__20250331T000000Z.json,81,3232909,FIRAA,94
port_calls__20250330T000000Z__20250331T000000Z.json,82,3233374,FIANK,70
port_calls__20250330T000000Z__20250331T000000Z.json,83,3233534,FIANK,70
port_calls__20250331T000000Z__20250401T000000Z.json,1,3190859,FITKU,20
port_calls__20250331T000000Z__20250401T000000Z.json,2,3191010,FITKU,20
port_calls__20250331T000000Z__20250401T000000Z.json,3,3193780,FIECK,20
port_calls__20250331T000000Z__20250401T000000Z.json,4,3193811,FIECK,20
port_calls__20250331T000000Z__20250401T000000Z.json,5,3193846,FIECK,20
port_calls__20250331T000000Z__20250401T000000Z.json,6,3194089,FITKU,20
port_calls__20250331T000000Z__20250401T000000Z.json,7,3194101,FIMHQ,20
port_calls__20250331T000000Z__20250401T000000Z.json,8,3194147,FILAN,20
port_calls__20250331T000000Z__20250401T000000Z.json,9,3210342,FIHEL,20
port_calls__20250331T000000Z__20250401T000000Z.json,10,3214008,FIHEL,40
port_calls__20250331T000000Z__20250401T000000Z.json,11,3214262,FIHEL,40
port_calls__20250331T000000Z__20250401T000000Z.json,12,3214272,FIHEL,40
port_calls__20250331T000000Z__20250401T000000Z.json,13,3214335,FIHEL,20
port_calls__20250331T000000Z__20250401T000000Z.json,14,3214366,FIHEL,20
port_calls__20250331T000000Z__20250401T000000Z.json,15,3214392,FIHEL,20
port_calls__20250331T000000Z__20250401T000000Z.json,16,3217920,FINLI,20
port_calls__20250331T000000Z__20250401T000000Z.json,17,3218131,FILAN,20
port_calls__20250331T000000Z__20250401T000000Z.json,18,3220194,FIHEL,20
port_calls__20250331T000000Z__20250401T000000Z.json,19,3220216,FIHEL,20
port_calls__20250331T000000Z__20250401T000000Z.json,20,3221238,FINLI,40
port_calls__20250331T000000Z__20250401T000000Z.json,21,3223364,FIMHQ,20
port_calls__20250331T000000Z__20250401T000000Z.json,22,3223387,FIMHQ,20
port_calls__20250331T000000Z__20250401T000000Z.json,23,3224028,FIHEL,20
port_calls__20250331T000000Z__20250401T000000Z.json,24,3224724,FILAN,20
port_calls__20250331T000000Z__20250401T000000Z.json,25,3224737,FIMHQ,20
port_calls__20250331T000000Z__20250401T000000Z.json,26,3224880,FIHEL,20
port_calls__20250331T000000Z__20250401T000000Z.json,27,3224926,FIHEL,20
port_calls__20250331T000000Z__20250401T000000Z.json,28,3224964,FIHEL,20
port_calls__20250331T000000Z__20250401T000000Z.json,29,3224986,FIMHQ,20
port_calls__20250331T000000Z__20250401T000000Z.json,30,3225014,FIHEL,20
port_calls__20250331T000000Z__20250401T000000Z.json,31,3225091,FIHEL,20
port_calls__20250331T000000Z__20250401T000000Z.json,32,3225103,FIHEL,20
port_calls__20250331T000000Z__20250401T000000Z.json,33,3225106,FIMHQ,20
port_calls__20250331T000000Z__20250401T000000Z.json,34,3225110,FIHEL,20
port_calls__20250331T000000Z__20250401T000000Z.json,35,3225166,FIHEL,20
port_calls__20250331T000000Z__20250401T000000Z.json,36,3225185,FIMHQ,20
port_calls__20250331T000000Z__20250401T000000Z.json,37,3225192,FIMHQ,20
port_calls__20250331T000000Z__20250401T000000Z.json,38,3225196,FIMHQ,20
port_calls__20250331T000000Z__20250401T000000Z.json,39,3225206,FIMHQ,10
port_calls__20250331T000000Z__20250401T000000Z.json,40,3225605,FILAN,20
port_calls__20250331T000000Z__20250401T000000Z.json,41,3226151,FINLI,20
port_calls__20250331T000000Z__20250401T000000Z.json,42,3226167,FILAN,20
port_calls__20250331T000000Z__20250401T000000Z.json,43,3226369,FILAN,20
port_calls__20250331T000000Z__20250401T000000Z.json,44,3226389,FILAN,20
port_calls__20250331T000000Z__20250401T000000Z.json,45,3227054,FIKTK,70
port_calls__20250331T000000Z__20250401T000000Z.json,46,3227077,FIHKO,40
port_calls__20250331T000000Z__20250401T000000Z.json,47,3228752,FIKOK,70
port_calls__20250331T000000Z__20250401T000000Z.json,48,3229049,FISKV,80
port_calls__20250331T000000Z__20250401T000000Z.json,49,3229819,FIVAA,70
port_calls__20250331T000000Z__20250401T000000Z.json,50,3229834,FITOR,70
port_calls__20250331T000000Z__20250401T000000Z.json,51,3229951,FIHEL,50
port_calls__20250331T000000Z__20250401T000000Z.json,52,3230681,FITKU,40
port_calls__20250331T000000Z__20250401T000000Z.json,53,3231502,FIHKO,40
port_calls__20250331T000000Z__20250401T000000Z.json,54,3231503,FIKTK,40
port_calls__20250331T000000Z__20250401T000000Z.json,55,3231506,FIHKO,40
port_calls__20250331T000000Z__20250401T000000Z.json,56,3231659,FIHKO,40
port_calls__20250331T000000Z__20250401T000000Z.json,57,3231691,FIOUL,60
port_calls__20250331T000000Z__20250401T000000Z.json,58,3231724,FIHEL,50
port_calls__20250331T000000Z__20250401T000000Z.json,59,3231928,FISKV,80
port_calls__20250331T000000Z__20250401T000000Z.json,60,3232114,FIVAA,20
port_calls__20250331T000000Z__20250401T000000Z.json,61,3232135,FIHEL,50
port_calls__20250331T000000Z__20250401T000000Z.json,62,3232281,FISKV,81
port_calls__20250331T000000Z__20250401T000000Z.json,63,3232282,FITOR,70
port_calls__20250331T000000Z__20250401T000000Z.json,64,3232326,FIKTK,50
port_calls__20250331T000000Z__20250401T000000Z.json,65,3232346,FIKTK,40
port_calls__20250331T000000Z__20250401T000000Z.json,66,3232453,FITKU,70
port_calls__20250331T000000Z__20250401T000000Z.json,67,3232551,FIKTK,80
port_calls__20250331T000000Z__20250401T000000Z.json,68,3232633,FIKOK,40
port_calls__20250331T000000Z__20250401T000000Z.json,69,3232654,FISKV,82
port_calls__20250331T000000Z__20250401T000000Z.json,70,3232712,FIRAA,70
port_calls__20250331T000000Z__20250401T000000Z.json,71,3232716,FIKTK,80
port_calls__20250331T000000Z__20250401T000000Z.json,72,3232738,FIKTK,70
port_calls__20250331T000000Z__20250401T000000Z.json,73,3232740,FIKTK,70
port_calls__20250331T000000Z__20250401T000000Z.json,74,3232904,FIRAU,70
port_calls__20250331T000000Z__20250401T000000Z.json,75,3232916,FIRAA,60
port_calls__20250331T000000Z__20250401T000000Z.json,76,3232917,FINLI,70
port_calls__20250331T000000Z__20250401T000000Z.json,77,3233249,FIKOK,70
port_calls__20250331T000000Z__20250401T000000Z.json,78,3233295,FIKOK,70
port_calls__20250331T000000Z__20250401T000000Z.json,79,3233302,FIRAA,70
port_calls__20250331T000000Z__20250401T000000Z.json,80,3233328,FIOUL,91
port_calls__20250331T000000Z__20250401T000000Z.json,81,3233339,FIRAA,94
port_calls__20250331T000000Z__20250401T000000Z.json,82,3233340,FIRAA,95
port_calls__20250331T000000Z__20250401T000000Z.json,83,3233361,FIKOK,70
port_calls__20250331T000000Z__20250401T000000Z.json,84,3233364,FIVEI,10
port_calls__20250331T000000Z__20250401T000000Z.json,85,3233373,FIANK,70
port_calls__20250331T000000Z__20250401T000000Z.json,86,3233494,FIPAR,91
port_calls__20250331T000000Z__20250401T000000Z.json,87,3233555,FIHKO,70
port_calls__20250331T000000Z__20250401T000000Z.json,88,3233663,FIANK,80
port_calls__20250331T000000Z__20250401T000000Z.json,89,3319078,FIECK,20
